panel,dataset,recall_tag,paper_metric,frontier_rank,case_name,group_tag,recall,qps_2p4ghz,s_mem_cycle,plot_input,point_within_xlim,data_status,source_experiment,test_record_ref,yaml_generator_ref,result_summarizer_ref,final_selection_script_ref,rtc_extraction_script_ref,case_manifest_ref,yaml_ref,yaml_sha256,stats_ref,stats_sha256,yaml_ef_search,yaml_queue_size,yaml_warmup_size,yaml_gt_k,yaml_k_neighbors,yaml_n_query_limit,yaml_n_parallel_query,yaml_mfnns_enable,yaml_early_exit_enable,yaml_lb_et_enable,yaml_row_policy,stats_recall,stats_mem_cycle,stats_num_query
SIFT1M Recall@1,sift1m,r1,R1@100,1,sift1m_r1_mfnns_lbqfill_ef001_q032,lbqfill,0.381,9098767.117,263772,1,0,measured_completed_simulator,20260613/006_mfnns_ansmet_lbq_juno_focused,simulator/memory/20260613/006_mfnns_ansmet_lbq_juno_focused/TEST_RECORD.md,simulator/memory/20260613/006_mfnns_ansmet_lbq_juno_focused/scripts/generate_submit_lbq_tune.py,simulator/memory/20260613/006_mfnns_ansmet_lbq_juno_focused/scripts/summarize_lbq_tune.py,simulator/memory/20260613/006_mfnns_ansmet_lbq_juno_focused/scripts/summarize_lbq_tune.py,figure/evaluation/RTC/extract_rtc_data.py,simulator/memory/20260613/006_mfnns_ansmet_lbq_juno_focused/case_manifest.tsv,simulator/memory/20260613/006_mfnns_ansmet_lbq_juno_focused/yamls/sift1m_r1_mfnns_lbqfill_ef001_q032.yaml,d8dc6cc52e173ffbf44f4f8272bf64558dd6a7cc3e670f9eda624b684b36e5d0,simulator/memory/20260613/006_mfnns_ansmet_lbq_juno_focused/logs/sift1m_r1_mfnns_lbqfill_ef001_q032_stats.yml,40b5d9d05af637cc14b8c399c50f78524ee97ed1e9ac42d331d4faf0bf76b93f,1,32,31,100,1,1000,1000,1,0,1,OpenRowPolicy,0.381,263772,1000
SIFT1M Recall@1,sift1m,r1,R1@100,2,sift1m_r1_mfnns_lbqfill_ef002_q016,lbqfill,0.637,6496195.665,369447,1,1,measured_completed_simulator,20260613/006_mfnns_ansmet_lbq_juno_focused,simulator/memory/20260613/006_mfnns_ansmet_lbq_juno_focused/TEST_RECORD.md,simulator/memory/20260613/006_mfnns_ansmet_lbq_juno_focused/scripts/generate_submit_lbq_tune.py,simulator/memory/20260613/006_mfnns_ansmet_lbq_juno_focused/scripts/summarize_lbq_tune.py,simulator/memory/20260613/006_mfnns_ansmet_lbq_juno_focused/scripts/summarize_lbq_tune.py,figure/evaluation/RTC/extract_rtc_data.py,simulator/memory/20260613/006_mfnns_ansmet_lbq_juno_focused/case_manifest.tsv,simulator/memory/20260613/006_mfnns_ansmet_lbq_juno_focused/yamls/sift1m_r1_mfnns_lbqfill_ef002_q016.yaml,a08f856d37e6c75c909d264aecf517de823e4d755814da51b9ddba6d19c3c922,simulator/memory/20260613/006_mfnns_ansmet_lbq_juno_focused/logs/sift1m_r1_mfnns_lbqfill_ef002_q016_stats.yml,18f105fccaff242d5bc293ccc8a306951857d3d851ebc621246441f5d0cbcb9a,2,16,15,100,1,1000,1000,1,0,1,OpenRowPolicy,0.637,369447,1000
SIFT1M Recall@1,sift1m,r1,R1@100,3,sift1m_r1_mfnns_lowef_ef003_q001,lowef,0.747,5278820.711,454647,1,1,measured_completed_simulator,20260612/003_sift_mfnns_lowef_subef_pareto,simulator/memory/20260612/003_sift_mfnns_lowef_subef_pareto/TEST_RECORD.md,simulator/memory/20260612/003_sift_mfnns_lowef_subef_pareto/scripts/generate_submit_sift_mfnns_refine.py,simulator/memory/20260612/003_sift_mfnns_lowef_subef_pareto/scripts/summarize_sift_mfnns_refine.py,simulator/memory/20260613/006_mfnns_ansmet_lbq_juno_focused/scripts/summarize_lbq_tune.py,figure/evaluation/RTC/extract_rtc_data.py,simulator/memory/20260612/003_sift_mfnns_lowef_subef_pareto/case_manifest.tsv,simulator/memory/20260612/003_sift_mfnns_lowef_subef_pareto/yamls/sift1m_r1_mfnns_lowef_ef003_q001.yaml,a8e9ae3c7054cf345bed6bde5fc733f5962024f4d66a2f61db4fb23ff07ea6fc,simulator/memory/20260612/003_sift_mfnns_lowef_subef_pareto/logs/sift1m_r1_mfnns_lowef_ef003_q001_stats.yml,3d50703c1cd00b73bb69a6ea340d3421c50468d03fcb63343edfe85c9d7a6828,3,1,0,100,1,1000,1000,1,0,1,OpenRowPolicy,0.747,454647,1000
SIFT1M Recall@1,sift1m,r1,R1@100,4,sift1m_r1_mfnns_lbqfill_ef003_q024,lbqfill,0.748,5143073.887,466647,1,1,measured_completed_simulator,20260613/006_mfnns_ansmet_lbq_juno_focused,simulator/memory/20260613/006_mfnns_ansmet_lbq_juno_focused/TEST_RECORD.md,simulator/memory/20260613/006_mfnns_ansmet_lbq_juno_focused/scripts/generate_submit_lbq_tune.py,simulator/memory/20260613/006_mfnns_ansmet_lbq_juno_focused/scripts/summarize_lbq_tune.py,simulator/memory/20260613/006_mfnns_ansmet_lbq_juno_focused/scripts/summarize_lbq_tune.py,figure/evaluation/RTC/extract_rtc_data.py,simulator/memory/20260613/006_mfnns_ansmet_lbq_juno_focused/case_manifest.tsv,simulator/memory/20260613/006_mfnns_ansmet_lbq_juno_focused/yamls/sift1m_r1_mfnns_lbqfill_ef003_q024.yaml,245782b602a6dfa3c00e11e830f1093efafe49715cb4b1d46f1412e766f9ecf6,simulator/memory/20260613/006_mfnns_ansmet_lbq_juno_focused/logs/sift1m_r1_mfnns_lbqfill_ef003_q024_stats.yml,23311d0500db4d70ec5ac81042adfcfe6af843660dea389d387750b4b46316a1,3,24,23,100,1,1000,1000,1,0,1,OpenRowPolicy,0.748,466647,1000
SIFT1M Recall@1,sift1m,r1,R1@100,5,sift1m_r1_mfnns_lowef_ef004_q001,lowef,0.795,4497565.693,533622,1,1,measured_completed_simulator,20260612/003_sift_mfnns_lowef_subef_pareto,simulator/memory/20260612/003_sift_mfnns_lowef_subef_pareto/TEST_RECORD.md,simulator/memory/20260612/003_sift_mfnns_lowef_subef_pareto/scripts/generate_submit_sift_mfnns_refine.py,simulator/memory/20260612/003_sift_mfnns_lowef_subef_pareto/scripts/summarize_sift_mfnns_refine.py,simulator/memory/20260613/006_mfnns_ansmet_lbq_juno_focused/scripts/summarize_lbq_tune.py,figure/evaluation/RTC/extract_rtc_data.py,simulator/memory/20260612/003_sift_mfnns_lowef_subef_pareto/case_manifest.tsv,simulator/memory/20260612/003_sift_mfnns_lowef_subef_pareto/yamls/sift1m_r1_mfnns_lowef_ef004_q001.yaml,23c2a36aaaaa42cdced32b19cccffa8e836746d3133fcbd2fb1b1fd4f939cb60,simulator/memory/20260612/003_sift_mfnns_lowef_subef_pareto/logs/sift1m_r1_mfnns_lowef_ef004_q001_stats.yml,70ec135902306bce1fb01c7b01d6cebcf2a1e2e13f38b540881fd446686cee17,4,1,0,100,1,1000,1000,1,0,1,OpenRowPolicy,0.795,533622,1000
SIFT1M Recall@1,sift1m,r1,R1@100,6,sift1m_r1_mfnns_lbqfill_ef004_q008,lbqfill,0.805,4419303.518,543072,1,1,measured_completed_simulator,20260613/006_mfnns_ansmet_lbq_juno_focused,simulator/memory/20260613/006_mfnns_ansmet_lbq_juno_focused/TEST_RECORD.md,simulator/memory/20260613/006_mfnns_ansmet_lbq_juno_focused/scripts/generate_submit_lbq_tune.py,simulator/memory/20260613/006_mfnns_ansmet_lbq_juno_focused/scripts/summarize_lbq_tune.py,simulator/memory/20260613/006_mfnns_ansmet_lbq_juno_focused/scripts/summarize_lbq_tune.py,figure/evaluation/RTC/extract_rtc_data.py,simulator/memory/20260613/006_mfnns_ansmet_lbq_juno_focused/case_manifest.tsv,simulator/memory/20260613/006_mfnns_ansmet_lbq_juno_focused/yamls/sift1m_r1_mfnns_lbqfill_ef004_q008.yaml,bd3ab27713f787e58e2b6a3be9663651e051c0a65e5270977e6e67a1a8037112,simulator/memory/20260613/006_mfnns_ansmet_lbq_juno_focused/logs/sift1m_r1_mfnns_lbqfill_ef004_q008_stats.yml,def09c0cfbf4da8aac55bb930422c8eb77bccd5bae7f2f0a7a3cf56222da0a27,4,8,7,100,1,1000,1000,1,0,1,OpenRowPolicy,0.805,543072,1000
SIFT1M Recall@1,sift1m,r1,R1@100,7,sift1m_r1_mfnns_lbqfill_ef004_q032,lbqfill,0.806,4230588.21,567297,1,1,measured_completed_simulator,20260613/006_mfnns_ansmet_lbq_juno_focused,simulator/memory/20260613/006_mfnns_ansmet_lbq_juno_focused/TEST_RECORD.md,simulator/memory/20260613/006_mfnns_ansmet_lbq_juno_focused/scripts/generate_submit_lbq_tune.py,simulator/memory/20260613/006_mfnns_ansmet_lbq_juno_focused/scripts/summarize_lbq_tune.py,simulator/memory/20260613/006_mfnns_ansmet_lbq_juno_focused/scripts/summarize_lbq_tune.py,figure/evaluation/RTC/extract_rtc_data.py,simulator/memory/20260613/006_mfnns_ansmet_lbq_juno_focused/case_manifest.tsv,simulator/memory/20260613/006_mfnns_ansmet_lbq_juno_focused/yamls/sift1m_r1_mfnns_lbqfill_ef004_q032.yaml,aa1deeb8fe409dfabd903713307b2d74341d1b231aa32f57ca3698e28253ba00,simulator/memory/20260613/006_mfnns_ansmet_lbq_juno_focused/logs/sift1m_r1_mfnns_lbqfill_ef004_q032_stats.yml,43bc3795e1b069c17b314b8563c8c2d20f95ffd844c86fa0cbaf5d17958509e7,4,32,31,100,1,1000,1000,1,0,1,OpenRowPolicy,0.806,567297,1000
SIFT1M Recall@1,sift1m,r1,R1@100,8,sift1m_r1_mfnns_lowef_ef005_q001,lowef,0.844,3998020.98,600297,1,1,measured_completed_simulator,20260612/003_sift_mfnns_lowef_subef_pareto,simulator/memory/20260612/003_sift_mfnns_lowef_subef_pareto/TEST_RECORD.md,simulator/memory/20260612/003_sift_mfnns_lowef_subef_pareto/scripts/generate_submit_sift_mfnns_refine.py,simulator/memory/20260612/003_sift_mfnns_lowef_subef_pareto/scripts/summarize_sift_mfnns_refine.py,simulator/memory/20260613/006_mfnns_ansmet_lbq_juno_focused/scripts/summarize_lbq_tune.py,figure/evaluation/RTC/extract_rtc_data.py,simulator/memory/20260612/003_sift_mfnns_lowef_subef_pareto/case_manifest.tsv,simulator/memory/20260612/003_sift_mfnns_lowef_subef_pareto/yamls/sift1m_r1_mfnns_lowef_ef005_q001.yaml,b18ae6bd0fafbf67b4265e49eafc84816c13b26999824d62cadf18d8645e0936,simulator/memory/20260612/003_sift_mfnns_lowef_subef_pareto/logs/sift1m_r1_mfnns_lowef_ef005_q001_stats.yml,25b97e00f89852c4575b7513a4344b4fd5011da9f41e4238f315e66fe97a9a60,5,1,0,100,1,1000,1000,1,0,1,OpenRowPolicy,0.844,600297,1000
SIFT1M Recall@1,sift1m,r1,R1@100,9,sift1m_r1_mfnns_lbqfill_ef005_q010,lbqfill,0.851,3846172.337,623997,1,1,measured_completed_simulator,20260613/006_mfnns_ansmet_lbq_juno_focused,simulator/memory/20260613/006_mfnns_ansmet_lbq_juno_focused/TEST_RECORD.md,simulator/memory/20260613/006_mfnns_ansmet_lbq_juno_focused/scripts/generate_submit_lbq_tune.py,simulator/memory/20260613/006_mfnns_ansmet_lbq_juno_focused/scripts/summarize_lbq_tune.py,simulator/memory/20260613/006_mfnns_ansmet_lbq_juno_focused/scripts/summarize_lbq_tune.py,figure/evaluation/RTC/extract_rtc_data.py,simulator/memory/20260613/006_mfnns_ansmet_lbq_juno_focused/case_manifest.tsv,simulator/memory/20260613/006_mfnns_ansmet_lbq_juno_focused/yamls/sift1m_r1_mfnns_lbqfill_ef005_q010.yaml,b6f2c4cb54790401c8918565f4d24d20d705bcb6d76d7812fecf97a7ac86a8c3,simulator/memory/20260613/006_mfnns_ansmet_lbq_juno_focused/logs/sift1m_r1_mfnns_lbqfill_ef005_q010_stats.yml,5bbb7bfca3344128457d52bd128e7ba4090414bf45f7a5899abedad05ed72766,5,10,9,100,1,1000,1000,1,0,1,OpenRowPolicy,0.851,623997,1000
SIFT1M Recall@1,sift1m,r1,R1@100,10,sift1m_r1_mfnns_lbqfill_ef005_q040,lbqfill,0.852,3686228.251,651072,1,1,measured_completed_simulator,20260613/006_mfnns_ansmet_lbq_juno_focused,simulator/memory/20260613/006_mfnns_ansmet_lbq_juno_focused/TEST_RECORD.md,simulator/memory/20260613/006_mfnns_ansmet_lbq_juno_focused/scripts/generate_submit_lbq_tune.py,simulator/memory/20260613/006_mfnns_ansmet_lbq_juno_focused/scripts/summarize_lbq_tune.py,simulator/memory/20260613/006_mfnns_ansmet_lbq_juno_focused/scripts/summarize_lbq_tune.py,figure/evaluation/RTC/extract_rtc_data.py,simulator/memory/20260613/006_mfnns_ansmet_lbq_juno_focused/case_manifest.tsv,simulator/memory/20260613/006_mfnns_ansmet_lbq_juno_focused/yamls/sift1m_r1_mfnns_lbqfill_ef005_q040.yaml,f42bb57bdc053f86b02a6c59f7ce6b5b6326ae6b3b7ac08ef0da7281ac1dc2b4,simulator/memory/20260613/006_mfnns_ansmet_lbq_juno_focused/logs/sift1m_r1_mfnns_lbqfill_ef005_q040_stats.yml,297b597517338849938bad072223bda8cba73fa5f9eca91a30f1ebf1d1672440,5,40,39,100,1,1000,1000,1,0,1,OpenRowPolicy,0.852,651072,1000
SIFT1M Recall@1,sift1m,r1,R1@100,11,sift1m_r1_mfnns_lowef_ef006_q001,lowef,0.874,3585450.243,669372,1,1,measured_completed_simulator,20260612/003_sift_mfnns_lowef_subef_pareto,simulator/memory/20260612/003_sift_mfnns_lowef_subef_pareto/TEST_RECORD.md,simulator/memory/20260612/003_sift_mfnns_lowef_subef_pareto/scripts/generate_submit_sift_mfnns_refine.py,simulator/memory/20260612/003_sift_mfnns_lowef_subef_pareto/scripts/summarize_sift_mfnns_refine.py,simulator/memory/20260613/006_mfnns_ansmet_lbq_juno_focused/scripts/summarize_lbq_tune.py,figure/evaluation/RTC/extract_rtc_data.py,simulator/memory/20260612/003_sift_mfnns_lowef_subef_pareto/case_manifest.tsv,simulator/memory/20260612/003_sift_mfnns_lowef_subef_pareto/yamls/sift1m_r1_mfnns_lowef_ef006_q001.yaml,8d1415774043b93f2547834d86f038a9114cdc1f8ce5f86704b71e1cfd6b834d,simulator/memory/20260612/003_sift_mfnns_lowef_subef_pareto/logs/sift1m_r1_mfnns_lowef_ef006_q001_stats.yml,082b2daa3b3f8faf016aae76d8f9c7478147f6055cb9d5390e31e6d648566913,6,1,0,100,1,1000,1000,1,0,1,OpenRowPolicy,0.874,669372,1000
SIFT1M Recall@1,sift1m,r1,R1@100,12,sift1m_r1_mfnns_lowef_ef006_q003,lowef,0.882,3514953.932,682797,1,1,measured_completed_simulator,20260612/003_sift_mfnns_lowef_subef_pareto,simulator/memory/20260612/003_sift_mfnns_lowef_subef_pareto/TEST_RECORD.md,simulator/memory/20260612/003_sift_mfnns_lowef_subef_pareto/scripts/generate_submit_sift_mfnns_refine.py,simulator/memory/20260612/003_sift_mfnns_lowef_subef_pareto/scripts/summarize_sift_mfnns_refine.py,simulator/memory/20260613/006_mfnns_ansmet_lbq_juno_focused/scripts/summarize_lbq_tune.py,figure/evaluation/RTC/extract_rtc_data.py,simulator/memory/20260612/003_sift_mfnns_lowef_subef_pareto/case_manifest.tsv,simulator/memory/20260612/003_sift_mfnns_lowef_subef_pareto/yamls/sift1m_r1_mfnns_lowef_ef006_q003.yaml,94a3dce482b1d747701ab94a1950f5c45d50d3a3b46b09eb46bb7d5f8d9b945d,simulator/memory/20260612/003_sift_mfnns_lowef_subef_pareto/logs/sift1m_r1_mfnns_lowef_ef006_q003_stats.yml,916dd65a259dde80e51c5519dda2733b7027d764fee7543b47bc07d02df049a5,6,3,2,100,1,1000,1000,1,0,1,OpenRowPolicy,0.882,682797,1000
SIFT1M Recall@1,sift1m,r1,R1@100,13,sift1m_r1_mfnns_lbqfill_ef006_q048,lbqfill,0.886,3261658.39,735822,1,1,measured_completed_simulator,20260613/006_mfnns_ansmet_lbq_juno_focused,simulator/memory/20260613/006_mfnns_ansmet_lbq_juno_focused/TEST_RECORD.md,simulator/memory/20260613/006_mfnns_ansmet_lbq_juno_focused/scripts/generate_submit_lbq_tune.py,simulator/memory/20260613/006_mfnns_ansmet_lbq_juno_focused/scripts/summarize_lbq_tune.py,simulator/memory/20260613/006_mfnns_ansmet_lbq_juno_focused/scripts/summarize_lbq_tune.py,figure/evaluation/RTC/extract_rtc_data.py,simulator/memory/20260613/006_mfnns_ansmet_lbq_juno_focused/case_manifest.tsv,simulator/memory/20260613/006_mfnns_ansmet_lbq_juno_focused/yamls/sift1m_r1_mfnns_lbqfill_ef006_q048.yaml,d62b5991e5a257b1f6d3cf52e40be54fec1c5119e4bef02e8505086f0df451ff,simulator/memory/20260613/006_mfnns_ansmet_lbq_juno_focused/logs/sift1m_r1_mfnns_lbqfill_ef006_q048_stats.yml,7753d3410c0603051bbe3129cb5ceec49ae97640c7853a0c6bac070dea4c34e2,6,48,47,100,1,1000,1000,1,0,1,OpenRowPolicy,0.886,735822,1000
SIFT1M Recall@1,sift1m,r1,R1@100,14,sift1m_r1_mfnns_lowef_ef008_q001,lowef,0.899,3048211.272,787347,1,1,measured_completed_simulator,20260612/003_sift_mfnns_lowef_subef_pareto,simulator/memory/20260612/003_sift_mfnns_lowef_subef_pareto/TEST_RECORD.md,simulator/memory/20260612/003_sift_mfnns_lowef_subef_pareto/scripts/generate_submit_sift_mfnns_refine.py,simulator/memory/20260612/003_sift_mfnns_lowef_subef_pareto/scripts/summarize_sift_mfnns_refine.py,simulator/memory/20260613/006_mfnns_ansmet_lbq_juno_focused/scripts/summarize_lbq_tune.py,figure/evaluation/RTC/extract_rtc_data.py,simulator/memory/20260612/003_sift_mfnns_lowef_subef_pareto/case_manifest.tsv,simulator/memory/20260612/003_sift_mfnns_lowef_subef_pareto/yamls/sift1m_r1_mfnns_lowef_ef008_q001.yaml,9d456dab5b48040d596044f0e703047725ac793e490ace2b81dd72546e839c29,simulator/memory/20260612/003_sift_mfnns_lowef_subef_pareto/logs/sift1m_r1_mfnns_lowef_ef008_q001_stats.yml,8972bea4e4c18b13257ccebdd21aac227f7206da3c101e5212a5c3dcec2a2f12,8,1,0,100,1,1000,1000,1,0,1,OpenRowPolicy,0.899,787347,1000
SIFT1M Recall@1,sift1m,r1,R1@100,15,sift1m_r1_mfnns_lbqfill_ef008_q016,lbqfill,0.906,2976201.548,806397,1,1,measured_completed_simulator,20260613/006_mfnns_ansmet_lbq_juno_focused,simulator/memory/20260613/006_mfnns_ansmet_lbq_juno_focused/TEST_RECORD.md,simulator/memory/20260613/006_mfnns_ansmet_lbq_juno_focused/scripts/generate_submit_lbq_tune.py,simulator/memory/20260613/006_mfnns_ansmet_lbq_juno_focused/scripts/summarize_lbq_tune.py,simulator/memory/20260613/006_mfnns_ansmet_lbq_juno_focused/scripts/summarize_lbq_tune.py,figure/evaluation/RTC/extract_rtc_data.py,simulator/memory/20260613/006_mfnns_ansmet_lbq_juno_focused/case_manifest.tsv,simulator/memory/20260613/006_mfnns_ansmet_lbq_juno_focused/yamls/sift1m_r1_mfnns_lbqfill_ef008_q016.yaml,a84428ce0cd553153a6fc24fbe149d14f275b8dc4c75caf9a56b94678d376812,simulator/memory/20260613/006_mfnns_ansmet_lbq_juno_focused/logs/sift1m_r1_mfnns_lbqfill_ef008_q016_stats.yml,62225fddf0a9b70685f0d8a864541c97ef360a282c6c791603644ea253ca843b,8,16,15,100,1,1000,1000,1,0,1,OpenRowPolicy,0.906,806397,1000
SIFT1M Recall@1,sift1m,r1,R1@100,16,sift1m_r1_mfnns_lbqfill_ef008_q064,lbqfill,0.907,2699975.363,888897,1,1,measured_completed_simulator,20260613/006_mfnns_ansmet_lbq_juno_focused,simulator/memory/20260613/006_mfnns_ansmet_lbq_juno_focused/TEST_RECORD.md,simulator/memory/20260613/006_mfnns_ansmet_lbq_juno_focused/scripts/generate_submit_lbq_tune.py,simulator/memory/20260613/006_mfnns_ansmet_lbq_juno_focused/scripts/summarize_lbq_tune.py,simulator/memory/20260613/006_mfnns_ansmet_lbq_juno_focused/scripts/summarize_lbq_tune.py,figure/evaluation/RTC/extract_rtc_data.py,simulator/memory/20260613/006_mfnns_ansmet_lbq_juno_focused/case_manifest.tsv,simulator/memory/20260613/006_mfnns_ansmet_lbq_juno_focused/yamls/sift1m_r1_mfnns_lbqfill_ef008_q064.yaml,36ffeac53ed81d05fba0c2ca1a425f47e1be0bf1ad516f84af26eacbd2386708,simulator/memory/20260613/006_mfnns_ansmet_lbq_juno_focused/logs/sift1m_r1_mfnns_lbqfill_ef008_q064_stats.yml,767888e0b048cee7f150e4c43e8344be8318d8409070842afff54ccfdb657f18,8,64,63,100,1,1000,1000,1,0,1,OpenRowPolicy,0.907,888897,1000
SIFT1M Recall@1,sift1m,r1,R1@100,17,sift1m_r1_mfnns_ef010_q010,broad,0.924,2574632.149,932172,1,1,measured_completed_simulator,20260612/002_sift_t2i_ansmet_mfnns_r1_r100_frontier,simulator/memory/20260612/002_sift_t2i_ansmet_mfnns_r1_r100_frontier/TEST_RECORD.md,simulator/memory/20260612/002_sift_t2i_ansmet_mfnns_r1_r100_frontier/scripts/generate_submit_frontier.py,simulator/memory/20260612/002_sift_t2i_ansmet_mfnns_r1_r100_frontier/scripts/summarize_frontier.py,simulator/memory/20260613/006_mfnns_ansmet_lbq_juno_focused/scripts/summarize_lbq_tune.py,figure/evaluation/RTC/extract_rtc_data.py,simulator/memory/20260612/002_sift_t2i_ansmet_mfnns_r1_r100_frontier/case_manifest.tsv,simulator/memory/20260612/002_sift_t2i_ansmet_mfnns_r1_r100_frontier/yamls/sift1m_r1_mfnns_ef010_q010.yaml,43aab33ed3501472a8e08286912f40ca535359d6eaaa4713a38b58ba9ab8b046,simulator/memory/20260612/002_sift_t2i_ansmet_mfnns_r1_r100_frontier/logs/sift1m_r1_mfnns_ef010_q010_stats.yml,bfd713c6126638cd0d0020f3249a0cf100dbc005c5a440c558ffd6b32537ca4d,10,10,9,100,1,1000,1000,1,0,1,OpenRowPolicy,0.924,932172,1000
SIFT1M Recall@1,sift1m,r1,R1@100,18,sift1m_r1_mfnns_ef010_q020,broad,0.926,2543930.5,943422,1,1,measured_completed_simulator,20260612/002_sift_t2i_ansmet_mfnns_r1_r100_frontier,simulator/memory/20260612/002_sift_t2i_ansmet_mfnns_r1_r100_frontier/TEST_RECORD.md,simulator/memory/20260612/002_sift_t2i_ansmet_mfnns_r1_r100_frontier/scripts/generate_submit_frontier.py,simulator/memory/20260612/002_sift_t2i_ansmet_mfnns_r1_r100_frontier/scripts/summarize_frontier.py,simulator/memory/20260613/006_mfnns_ansmet_lbq_juno_focused/scripts/summarize_lbq_tune.py,figure/evaluation/RTC/extract_rtc_data.py,simulator/memory/20260612/002_sift_t2i_ansmet_mfnns_r1_r100_frontier/case_manifest.tsv,simulator/memory/20260612/002_sift_t2i_ansmet_mfnns_r1_r100_frontier/yamls/sift1m_r1_mfnns_ef010_q020.yaml,ee60b3a23dcb71d37cf815c6db2c90d8d66cd1c02440d7680ffe546c0644d526,simulator/memory/20260612/002_sift_t2i_ansmet_mfnns_r1_r100_frontier/logs/sift1m_r1_mfnns_ef010_q020_stats.yml,3c81c6b558c6132ccfd7e3e16f7db38a8f33f32cbdc96c3b9e6fb27121ef73c2,10,20,19,100,1,1000,1000,1,0,1,OpenRowPolicy,0.926,943422,1000
SIFT1M Recall@1,sift1m,r1,R1@100,19,sift1m_r1_mfnns_lbqfill_ef010_q080,lbqfill,0.927,2303822.329,1041747,1,1,measured_completed_simulator,20260613/006_mfnns_ansmet_lbq_juno_focused,simulator/memory/20260613/006_mfnns_ansmet_lbq_juno_focused/TEST_RECORD.md,simulator/memory/20260613/006_mfnns_ansmet_lbq_juno_focused/scripts/generate_submit_lbq_tune.py,simulator/memory/20260613/006_mfnns_ansmet_lbq_juno_focused/scripts/summarize_lbq_tune.py,simulator/memory/20260613/006_mfnns_ansmet_lbq_juno_focused/scripts/summarize_lbq_tune.py,figure/evaluation/RTC/extract_rtc_data.py,simulator/memory/20260613/006_mfnns_ansmet_lbq_juno_focused/case_manifest.tsv,simulator/memory/20260613/006_mfnns_ansmet_lbq_juno_focused/yamls/sift1m_r1_mfnns_lbqfill_ef010_q080.yaml,67499df4f535338dc011b57c89a54000eacf58db4336005b38007d0cbe9868d4,simulator/memory/20260613/006_mfnns_ansmet_lbq_juno_focused/logs/sift1m_r1_mfnns_lbqfill_ef010_q080_stats.yml,45eb151379ef7fe8375e7240983d5ff46cf155510d3d1dcf046d0ec325ed67ce,10,80,79,100,1,1000,1000,1,0,1,OpenRowPolicy,0.927,1041747,1000
SIFT1M Recall@1,sift1m,r1,R1@100,20,sift1m_r1_mfnns_lbqfill_ef012_q001,lbqfill,0.942,2288008.832,1048947,1,1,measured_completed_simulator,20260613/006_mfnns_ansmet_lbq_juno_focused,simulator/memory/20260613/006_mfnns_ansmet_lbq_juno_focused/TEST_RECORD.md,simulator/memory/20260613/006_mfnns_ansmet_lbq_juno_focused/scripts/generate_submit_lbq_tune.py,simulator/memory/20260613/006_mfnns_ansmet_lbq_juno_focused/scripts/summarize_lbq_tune.py,simulator/memory/20260613/006_mfnns_ansmet_lbq_juno_focused/scripts/summarize_lbq_tune.py,figure/evaluation/RTC/extract_rtc_data.py,simulator/memory/20260613/006_mfnns_ansmet_lbq_juno_focused/case_manifest.tsv,simulator/memory/20260613/006_mfnns_ansmet_lbq_juno_focused/yamls/sift1m_r1_mfnns_lbqfill_ef012_q001.yaml,f05310a2b5c7d5c20ddc714a3af18139dd28519236a4765d4e1c40b4ce00c67d,simulator/memory/20260613/006_mfnns_ansmet_lbq_juno_focused/logs/sift1m_r1_mfnns_lbqfill_ef012_q001_stats.yml,c2fd3e8963fe8396faac5550c7b58c50fa4437dc0d7bf23df4ccbbbe1ba1fe82,12,1,0,100,1,1000,1000,1,0,1,OpenRowPolicy,0.942,1048947,1000
SIFT1M Recall@1,sift1m,r1,R1@100,21,sift1m_r1_mfnns_lbqfill_ef012_q048,lbqfill,0.943,2163044.918,1109547,1,1,measured_completed_simulator,20260613/006_mfnns_ansmet_lbq_juno_focused,simulator/memory/20260613/006_mfnns_ansmet_lbq_juno_focused/TEST_RECORD.md,simulator/memory/20260613/006_mfnns_ansmet_lbq_juno_focused/scripts/generate_submit_lbq_tune.py,simulator/memory/20260613/006_mfnns_ansmet_lbq_juno_focused/scripts/summarize_lbq_tune.py,simulator/memory/20260613/006_mfnns_ansmet_lbq_juno_focused/scripts/summarize_lbq_tune.py,figure/evaluation/RTC/extract_rtc_data.py,simulator/memory/20260613/006_mfnns_ansmet_lbq_juno_focused/case_manifest.tsv,simulator/memory/20260613/006_mfnns_ansmet_lbq_juno_focused/yamls/sift1m_r1_mfnns_lbqfill_ef012_q048.yaml,28aa75e8ae10932a67f6dffb0b48453bf020ce1a4858ac3030d9ca877992f463,simulator/memory/20260613/006_mfnns_ansmet_lbq_juno_focused/logs/sift1m_r1_mfnns_lbqfill_ef012_q048_stats.yml,d44c4a7fe9599b3ea480be33f5bde97b479d2d31a05fcf40578254705f5134f1,12,48,47,100,1,1000,1000,1,0,1,OpenRowPolicy,0.943,1109547,1000
SIFT1M Recall@1,sift1m,r1,R1@100,22,sift1m_r1_mfnns_lbqfill_ef012_q096,lbqfill,0.945,2031235.321,1181547,1,1,measured_completed_simulator,20260613/006_mfnns_ansmet_lbq_juno_focused,simulator/memory/20260613/006_mfnns_ansmet_lbq_juno_focused/TEST_RECORD.md,simulator/memory/20260613/006_mfnns_ansmet_lbq_juno_focused/scripts/generate_submit_lbq_tune.py,simulator/memory/20260613/006_mfnns_ansmet_lbq_juno_focused/scripts/summarize_lbq_tune.py,simulator/memory/20260613/006_mfnns_ansmet_lbq_juno_focused/scripts/summarize_lbq_tune.py,figure/evaluation/RTC/extract_rtc_data.py,simulator/memory/20260613/006_mfnns_ansmet_lbq_juno_focused/case_manifest.tsv,simulator/memory/20260613/006_mfnns_ansmet_lbq_juno_focused/yamls/sift1m_r1_mfnns_lbqfill_ef012_q096.yaml,9445fa69aa7ef2c2df19cc33b4d97eb3c4d8409b93555a9ef9d122d631341b37,simulator/memory/20260613/006_mfnns_ansmet_lbq_juno_focused/logs/sift1m_r1_mfnns_lbqfill_ef012_q096_stats.yml,2c052019f6c9ca135334a37c3a4bb28837a323260142f4b8f13e072f68ab64b7,12,96,95,100,1,1000,1000,1,0,1,OpenRowPolicy,0.945,1181547,1000
SIFT1M Recall@1,sift1m,r1,R1@100,23,sift1m_r1_mfnns_lbqfill_ef015_q015,lbqfill,0.962,1972026.8,1217022,1,1,measured_completed_simulator,20260613/006_mfnns_ansmet_lbq_juno_focused,simulator/memory/20260613/006_mfnns_ansmet_lbq_juno_focused/TEST_RECORD.md,simulator/memory/20260613/006_mfnns_ansmet_lbq_juno_focused/scripts/generate_submit_lbq_tune.py,simulator/memory/20260613/006_mfnns_ansmet_lbq_juno_focused/scripts/summarize_lbq_tune.py,simulator/memory/20260613/006_mfnns_ansmet_lbq_juno_focused/scripts/summarize_lbq_tune.py,figure/evaluation/RTC/extract_rtc_data.py,simulator/memory/20260613/006_mfnns_ansmet_lbq_juno_focused/case_manifest.tsv,simulator/memory/20260613/006_mfnns_ansmet_lbq_juno_focused/yamls/sift1m_r1_mfnns_lbqfill_ef015_q015.yaml,d88ebc898e31412c0d88e1e3f03cd6609b79c158d9397edb36bd612e19eee2f1,simulator/memory/20260613/006_mfnns_ansmet_lbq_juno_focused/logs/sift1m_r1_mfnns_lbqfill_ef015_q015_stats.yml,de78aab84478f1b9cf141d3f9b63f8ef547555ad7ac6c5c75953f808c1eac401,15,15,14,100,1,1000,1000,1,0,1,OpenRowPolicy,0.962,1217022,1000
SIFT1M Recall@1,sift1m,r1,R1@100,24,sift1m_r1_mfnns_lbqfill_ef015_q060,lbqfill,0.963,1851641.828,1296147,1,1,measured_completed_simulator,20260613/006_mfnns_ansmet_lbq_juno_focused,simulator/memory/20260613/006_mfnns_ansmet_lbq_juno_focused/TEST_RECORD.md,simulator/memory/20260613/006_mfnns_ansmet_lbq_juno_focused/scripts/generate_submit_lbq_tune.py,simulator/memory/20260613/006_mfnns_ansmet_lbq_juno_focused/scripts/summarize_lbq_tune.py,simulator/memory/20260613/006_mfnns_ansmet_lbq_juno_focused/scripts/summarize_lbq_tune.py,figure/evaluation/RTC/extract_rtc_data.py,simulator/memory/20260613/006_mfnns_ansmet_lbq_juno_focused/case_manifest.tsv,simulator/memory/20260613/006_mfnns_ansmet_lbq_juno_focused/yamls/sift1m_r1_mfnns_lbqfill_ef015_q060.yaml,4fa84e6f6c1a0a8270e16d5367bfe24a5fa5986831dbb3863b482fc7f0a6f51e,simulator/memory/20260613/006_mfnns_ansmet_lbq_juno_focused/logs/sift1m_r1_mfnns_lbqfill_ef015_q060_stats.yml,2015a93dcdac62ee3f5fc0b060273e1d5df16b86c68ac19d4e7b7fc9e73317d3,15,60,59,100,1,1000,1000,1,0,1,OpenRowPolicy,0.963,1296147,1000
SIFT1M Recall@1,sift1m,r1,R1@100,25,sift1m_r1_mfnns_lbqfill_ef015_q120,lbqfill,0.965,1730388.213,1386972,1,1,measured_completed_simulator,20260613/006_mfnns_ansmet_lbq_juno_focused,simulator/memory/20260613/006_mfnns_ansmet_lbq_juno_focused/TEST_RECORD.md,simulator/memory/20260613/006_mfnns_ansmet_lbq_juno_focused/scripts/generate_submit_lbq_tune.py,simulator/memory/20260613/006_mfnns_ansmet_lbq_juno_focused/scripts/summarize_lbq_tune.py,simulator/memory/20260613/006_mfnns_ansmet_lbq_juno_focused/scripts/summarize_lbq_tune.py,figure/evaluation/RTC/extract_rtc_data.py,simulator/memory/20260613/006_mfnns_ansmet_lbq_juno_focused/case_manifest.tsv,simulator/memory/20260613/006_mfnns_ansmet_lbq_juno_focused/yamls/sift1m_r1_mfnns_lbqfill_ef015_q120.yaml,50c20f26bd958b8524715652442d256cbe82252bbb968c2b6902bb0e42d4b72e,simulator/memory/20260613/006_mfnns_ansmet_lbq_juno_focused/logs/sift1m_r1_mfnns_lbqfill_ef015_q120_stats.yml,bb9bb976d39c8d0f5e0d4eb3f14816fcbb150ff682646d1c68650e1abe3b8a06,15,120,119,100,1,1000,1000,1,0,1,OpenRowPolicy,0.965,1386972,1000
SIFT1M Recall@1,sift1m,r1,R1@100,26,sift1m_r1_mfnns_subef_ef020_q015,subef,0.97,1594105,1505547,1,1,measured_completed_simulator,20260612/003_sift_mfnns_lowef_subef_pareto,simulator/memory/20260612/003_sift_mfnns_lowef_subef_pareto/TEST_RECORD.md,simulator/memory/20260612/003_sift_mfnns_lowef_subef_pareto/scripts/generate_submit_sift_mfnns_refine.py,simulator/memory/20260612/003_sift_mfnns_lowef_subef_pareto/scripts/summarize_sift_mfnns_refine.py,simulator/memory/20260613/006_mfnns_ansmet_lbq_juno_focused/scripts/summarize_lbq_tune.py,figure/evaluation/RTC/extract_rtc_data.py,simulator/memory/20260612/003_sift_mfnns_lowef_subef_pareto/case_manifest.tsv,simulator/memory/20260612/003_sift_mfnns_lowef_subef_pareto/yamls/sift1m_r1_mfnns_subef_ef020_q015.yaml,6497d7ed9589a713a68636d142880bf83458e502e6264f48f190e03d7824d43a,simulator/memory/20260612/003_sift_mfnns_lowef_subef_pareto/logs/sift1m_r1_mfnns_subef_ef020_q015_stats.yml,16a93722382c0d3e54fa12c21b0b6af2313a80a98762e0fda0dd1801cbc640e6,20,15,14,100,1,1000,1000,1,0,1,OpenRowPolicy,0.97,1505547,1000
SIFT1M Recall@1,sift1m,r1,R1@100,27,sift1m_r1_mfnns_ef020_q020,broad,0.972,1579859.945,1519122,1,1,measured_completed_simulator,20260612/002_sift_t2i_ansmet_mfnns_r1_r100_frontier,simulator/memory/20260612/002_sift_t2i_ansmet_mfnns_r1_r100_frontier/TEST_RECORD.md,simulator/memory/20260612/002_sift_t2i_ansmet_mfnns_r1_r100_frontier/scripts/generate_submit_frontier.py,simulator/memory/20260612/002_sift_t2i_ansmet_mfnns_r1_r100_frontier/scripts/summarize_frontier.py,simulator/memory/20260613/006_mfnns_ansmet_lbq_juno_focused/scripts/summarize_lbq_tune.py,figure/evaluation/RTC/extract_rtc_data.py,simulator/memory/20260612/002_sift_t2i_ansmet_mfnns_r1_r100_frontier/case_manifest.tsv,simulator/memory/20260612/002_sift_t2i_ansmet_mfnns_r1_r100_frontier/yamls/sift1m_r1_mfnns_ef020_q020.yaml,4c79af51efd847162488c73707a4eef7da0eef716b6a758611747a48cd3debf7,simulator/memory/20260612/002_sift_t2i_ansmet_mfnns_r1_r100_frontier/logs/sift1m_r1_mfnns_ef020_q020_stats.yml,31e71df7547786dc416e8ef8a26e633cf93212b3908eb6f9bcbff8c925d0e173,20,20,19,100,1,1000,1000,1,0,1,OpenRowPolicy,0.972,1519122,1000
SIFT1M Recall@1,sift1m,r1,R1@100,28,sift1m_r1_mfnns_subef_ef020_q001,subef,0.975,1566940.685,1531647,1,1,measured_completed_simulator,20260612/003_sift_mfnns_lowef_subef_pareto,simulator/memory/20260612/003_sift_mfnns_lowef_subef_pareto/TEST_RECORD.md,simulator/memory/20260612/003_sift_mfnns_lowef_subef_pareto/scripts/generate_submit_sift_mfnns_refine.py,simulator/memory/20260612/003_sift_mfnns_lowef_subef_pareto/scripts/summarize_sift_mfnns_refine.py,simulator/memory/20260613/006_mfnns_ansmet_lbq_juno_focused/scripts/summarize_lbq_tune.py,figure/evaluation/RTC/extract_rtc_data.py,simulator/memory/20260612/003_sift_mfnns_lowef_subef_pareto/case_manifest.tsv,simulator/memory/20260612/003_sift_mfnns_lowef_subef_pareto/yamls/sift1m_r1_mfnns_subef_ef020_q001.yaml,0a809ed688542bd325bbf26fa3a557cc6a1e5d4bdfd4bf69c51b7a2a84e3a66e,simulator/memory/20260612/003_sift_mfnns_lowef_subef_pareto/logs/sift1m_r1_mfnns_subef_ef020_q001_stats.yml,87120f7474e26f88e4d502c31561f753f5056e44a5abe6f4e971cb304701eb7c,20,1,0,100,1,1000,1000,1,0,1,OpenRowPolicy,0.975,1531647,1000
SIFT1M Recall@1,sift1m,r1,R1@100,29,sift1m_r1_mfnns_subef_ef030_q007,subef,0.98,1122847.992,2137422,1,1,measured_completed_simulator,20260612/003_sift_mfnns_lowef_subef_pareto,simulator/memory/20260612/003_sift_mfnns_lowef_subef_pareto/TEST_RECORD.md,simulator/memory/20260612/003_sift_mfnns_lowef_subef_pareto/scripts/generate_submit_sift_mfnns_refine.py,simulator/memory/20260612/003_sift_mfnns_lowef_subef_pareto/scripts/summarize_sift_mfnns_refine.py,simulator/memory/20260613/006_mfnns_ansmet_lbq_juno_focused/scripts/summarize_lbq_tune.py,figure/evaluation/RTC/extract_rtc_data.py,simulator/memory/20260612/003_sift_mfnns_lowef_subef_pareto/case_manifest.tsv,simulator/memory/20260612/003_sift_mfnns_lowef_subef_pareto/yamls/sift1m_r1_mfnns_subef_ef030_q007.yaml,6911f2f9f0cf390e4babf1bf398bf9058455388cfef4d20bb7aae5029a312054,simulator/memory/20260612/003_sift_mfnns_lowef_subef_pareto/logs/sift1m_r1_mfnns_subef_ef030_q007_stats.yml,aa7fe5495f205f9ee08d60802a2c03a9bbd308c1e9701a47584a9a2362de0ba2,30,7,6,100,1,1000,1000,1,0,1,OpenRowPolicy,0.98,2137422,1000
SIFT1M Recall@1,sift1m,r1,R1@100,30,sift1m_r1_mfnns_subef_ef030_q001,subef,0.981,1083205.041,2215647,1,1,measured_completed_simulator,20260612/003_sift_mfnns_lowef_subef_pareto,simulator/memory/20260612/003_sift_mfnns_lowef_subef_pareto/TEST_RECORD.md,simulator/memory/20260612/003_sift_mfnns_lowef_subef_pareto/scripts/generate_submit_sift_mfnns_refine.py,simulator/memory/20260612/003_sift_mfnns_lowef_subef_pareto/scripts/summarize_sift_mfnns_refine.py,simulator/memory/20260613/006_mfnns_ansmet_lbq_juno_focused/scripts/summarize_lbq_tune.py,figure/evaluation/RTC/extract_rtc_data.py,simulator/memory/20260612/003_sift_mfnns_lowef_subef_pareto/case_manifest.tsv,simulator/memory/20260612/003_sift_mfnns_lowef_subef_pareto/yamls/sift1m_r1_mfnns_subef_ef030_q001.yaml,d3de0cdc99a5980dc60c47fd1895b2104141a0f0fe92e1253b43bb6f7a53e4ac,simulator/memory/20260612/003_sift_mfnns_lowef_subef_pareto/logs/sift1m_r1_mfnns_subef_ef030_q001_stats.yml,550ef18f7c9f54a5d8b280ac209afd80cb625a5f3f2e8410d7dbf192ace35d43,30,1,0,100,1,1000,1000,1,0,1,OpenRowPolicy,0.981,2215647,1000
SIFT1M Recall@1,sift1m,r1,R1@100,31,sift1m_r1_mfnns_subef_ef040_q030,subef,0.982,848312.2298,2829147,1,1,measured_completed_simulator,20260612/003_sift_mfnns_lowef_subef_pareto,simulator/memory/20260612/003_sift_mfnns_lowef_subef_pareto/TEST_RECORD.md,simulator/memory/20260612/003_sift_mfnns_lowef_subef_pareto/scripts/generate_submit_sift_mfnns_refine.py,simulator/memory/20260612/003_sift_mfnns_lowef_subef_pareto/scripts/summarize_sift_mfnns_refine.py,simulator/memory/20260613/006_mfnns_ansmet_lbq_juno_focused/scripts/summarize_lbq_tune.py,figure/evaluation/RTC/extract_rtc_data.py,simulator/memory/20260612/003_sift_mfnns_lowef_subef_pareto/case_manifest.tsv,simulator/memory/20260612/003_sift_mfnns_lowef_subef_pareto/yamls/sift1m_r1_mfnns_subef_ef040_q030.yaml,81ad635800e2459cd38b071b21c197b4c60f4e1b8c1c17154cb7732c8e95854b,simulator/memory/20260612/003_sift_mfnns_lowef_subef_pareto/logs/sift1m_r1_mfnns_subef_ef040_q030_stats.yml,b8ef452d8a7065a282662b8fd177fbf4787428457392ed344bb7d96314ac2857,40,30,29,100,1,1000,1000,1,0,1,OpenRowPolicy,0.982,2829147,1000
SIFT1M Recall@1,sift1m,r1,R1@100,32,sift1m_r1_mfnns_subef_ef040_q010,subef,0.983,843371.2077,2845722,1,1,measured_completed_simulator,20260612/003_sift_mfnns_lowef_subef_pareto,simulator/memory/20260612/003_sift_mfnns_lowef_subef_pareto/TEST_RECORD.md,simulator/memory/20260612/003_sift_mfnns_lowef_subef_pareto/scripts/generate_submit_sift_mfnns_refine.py,simulator/memory/20260612/003_sift_mfnns_lowef_subef_pareto/scripts/summarize_sift_mfnns_refine.py,simulator/memory/20260613/006_mfnns_ansmet_lbq_juno_focused/scripts/summarize_lbq_tune.py,figure/evaluation/RTC/extract_rtc_data.py,simulator/memory/20260612/003_sift_mfnns_lowef_subef_pareto/case_manifest.tsv,simulator/memory/20260612/003_sift_mfnns_lowef_subef_pareto/yamls/sift1m_r1_mfnns_subef_ef040_q010.yaml,c40c1b16c1afc90ed550dd92dcee81352759f9bd79b9ab583d393822b084360e,simulator/memory/20260612/003_sift_mfnns_lowef_subef_pareto/logs/sift1m_r1_mfnns_subef_ef040_q010_stats.yml,11858a6de0b971f2491bbe037d112eca6352e96f641c6c47e3ce7c3ea10123fb,40,10,9,100,1,1000,1000,1,0,1,OpenRowPolicy,0.983,2845722,1000
SIFT1M Recall@1,sift1m,r1,R1@100,33,sift1m_r1_mfnns_ef040_q040,broad,0.984,838443.4716,2862447,1,1,measured_completed_simulator,20260612/002_sift_t2i_ansmet_mfnns_r1_r100_frontier,simulator/memory/20260612/002_sift_t2i_ansmet_mfnns_r1_r100_frontier/TEST_RECORD.md,simulator/memory/20260612/002_sift_t2i_ansmet_mfnns_r1_r100_frontier/scripts/generate_submit_frontier.py,simulator/memory/20260612/002_sift_t2i_ansmet_mfnns_r1_r100_frontier/scripts/summarize_frontier.py,simulator/memory/20260613/006_mfnns_ansmet_lbq_juno_focused/scripts/summarize_lbq_tune.py,figure/evaluation/RTC/extract_rtc_data.py,simulator/memory/20260612/002_sift_t2i_ansmet_mfnns_r1_r100_frontier/case_manifest.tsv,simulator/memory/20260612/002_sift_t2i_ansmet_mfnns_r1_r100_frontier/yamls/sift1m_r1_mfnns_ef040_q040.yaml,d0c11e4219db29de8a7b204cfe0f474ddddddaeb6ebf1a6c083ff2d45da2bd21,simulator/memory/20260612/002_sift_t2i_ansmet_mfnns_r1_r100_frontier/logs/sift1m_r1_mfnns_ef040_q040_stats.yml,ca5b538e93af484dd392d86ade9aa2e7d3c623e76030591abbb6a38f62a0d56d,40,40,39,100,1,1000,1000,1,0,1,OpenRowPolicy,0.984,2862447,1000
SIFT1M Recall@1,sift1m,r1,R1@100,34,sift1m_r1_mfnns_subef_ef050_q012,subef,0.987,659400.0778,3639672,1,1,measured_completed_simulator,20260612/003_sift_mfnns_lowef_subef_pareto,simulator/memory/20260612/003_sift_mfnns_lowef_subef_pareto/TEST_RECORD.md,simulator/memory/20260612/003_sift_mfnns_lowef_subef_pareto/scripts/generate_submit_sift_mfnns_refine.py,simulator/memory/20260612/003_sift_mfnns_lowef_subef_pareto/scripts/summarize_sift_mfnns_refine.py,simulator/memory/20260613/006_mfnns_ansmet_lbq_juno_focused/scripts/summarize_lbq_tune.py,figure/evaluation/RTC/extract_rtc_data.py,simulator/memory/20260612/003_sift_mfnns_lowef_subef_pareto/case_manifest.tsv,simulator/memory/20260612/003_sift_mfnns_lowef_subef_pareto/yamls/sift1m_r1_mfnns_subef_ef050_q012.yaml,0b6ac4080cc34ebe1bf898d021df95729bf4de15f90ae2ba3ca2bd95462f44f3,simulator/memory/20260612/003_sift_mfnns_lowef_subef_pareto/logs/sift1m_r1_mfnns_subef_ef050_q012_stats.yml,9dd3abe2e88cd086e8b24976df6e4df391d1324e0904a3e7dda246376f5d8655,50,12,11,100,1,1000,1000,1,0,1,OpenRowPolicy,0.987,3639672,1000
SIFT1M Recall@1,sift1m,r1,R1@100,35,sift1m_r1_mfnns_subef_ef060_q045,subef,0.988,542833.2776,4421247,1,1,measured_completed_simulator,20260612/003_sift_mfnns_lowef_subef_pareto,simulator/memory/20260612/003_sift_mfnns_lowef_subef_pareto/TEST_RECORD.md,simulator/memory/20260612/003_sift_mfnns_lowef_subef_pareto/scripts/generate_submit_sift_mfnns_refine.py,simulator/memory/20260612/003_sift_mfnns_lowef_subef_pareto/scripts/summarize_sift_mfnns_refine.py,simulator/memory/20260613/006_mfnns_ansmet_lbq_juno_focused/scripts/summarize_lbq_tune.py,figure/evaluation/RTC/extract_rtc_data.py,simulator/memory/20260612/003_sift_mfnns_lowef_subef_pareto/case_manifest.tsv,simulator/memory/20260612/003_sift_mfnns_lowef_subef_pareto/yamls/sift1m_r1_mfnns_subef_ef060_q045.yaml,5547f79d903bf2c308c4342e360e7f8158919b68dd37581ca382fb8a3608b3cb,simulator/memory/20260612/003_sift_mfnns_lowef_subef_pareto/logs/sift1m_r1_mfnns_subef_ef060_q045_stats.yml,1f227e119dbd3992704529b18478af5c2ad283f9c7453fe0715076d662ad7052,60,45,44,100,1,1000,1000,1,0,1,OpenRowPolicy,0.988,4421247,1000
SIFT1M Recall@1,sift1m,r1,R1@100,36,sift1m_r1_mfnns_subef_ef060_q015,subef,0.99,536958.1589,4469622,1,1,measured_completed_simulator,20260612/003_sift_mfnns_lowef_subef_pareto,simulator/memory/20260612/003_sift_mfnns_lowef_subef_pareto/TEST_RECORD.md,simulator/memory/20260612/003_sift_mfnns_lowef_subef_pareto/scripts/generate_submit_sift_mfnns_refine.py,simulator/memory/20260612/003_sift_mfnns_lowef_subef_pareto/scripts/summarize_sift_mfnns_refine.py,simulator/memory/20260613/006_mfnns_ansmet_lbq_juno_focused/scripts/summarize_lbq_tune.py,figure/evaluation/RTC/extract_rtc_data.py,simulator/memory/20260612/003_sift_mfnns_lowef_subef_pareto/case_manifest.tsv,simulator/memory/20260612/003_sift_mfnns_lowef_subef_pareto/yamls/sift1m_r1_mfnns_subef_ef060_q015.yaml,3142c434d4fd18035a56a0cee90ea98993bcdfe553e0be63a8ac7c0af55ad27d,simulator/memory/20260612/003_sift_mfnns_lowef_subef_pareto/logs/sift1m_r1_mfnns_subef_ef060_q015_stats.yml,f92f08e85ff4bdc8b3caf88986f0afb6ffb319bdbce9f7c51552e0cac2e1216d,60,15,14,100,1,1000,1000,1,0,1,OpenRowPolicy,0.99,4469622,1000
SIFT1M Recall@1,sift1m,r1,R1@100,37,sift1m_r1_mfnns_ef080_q080,broad,0.992,380097.3429,6314172,1,1,measured_completed_simulator,20260612/002_sift_t2i_ansmet_mfnns_r1_r100_frontier,simulator/memory/20260612/002_sift_t2i_ansmet_mfnns_r1_r100_frontier/TEST_RECORD.md,simulator/memory/20260612/002_sift_t2i_ansmet_mfnns_r1_r100_frontier/scripts/generate_submit_frontier.py,simulator/memory/20260612/002_sift_t2i_ansmet_mfnns_r1_r100_frontier/scripts/summarize_frontier.py,simulator/memory/20260613/006_mfnns_ansmet_lbq_juno_focused/scripts/summarize_lbq_tune.py,figure/evaluation/RTC/extract_rtc_data.py,simulator/memory/20260612/002_sift_t2i_ansmet_mfnns_r1_r100_frontier/case_manifest.tsv,simulator/memory/20260612/002_sift_t2i_ansmet_mfnns_r1_r100_frontier/yamls/sift1m_r1_mfnns_ef080_q080.yaml,6b3f9db2343cdc2ed4a73ee308afcf4752e552001ad75d8232e7371e6ba316d3,simulator/memory/20260612/002_sift_t2i_ansmet_mfnns_r1_r100_frontier/logs/sift1m_r1_mfnns_ef080_q080_stats.yml,bc4087d52f26845ae321bb24c8f223da77f3d98698c4c0ffc3c212d2dd67f827,80,80,79,100,1,1000,1000,1,0,1,OpenRowPolicy,0.992,6314172,1000
T2I1M Recall@1,t2i1m,r1,R1@100,1,t2i1m_r1_mfnns_lowef_ef001_q001,lowef,0.122,6108082.52,392922,1,0,measured_completed_simulator,20260613/004_sift_t2i_mfnns_lowef_subef_frontier,simulator/memory/20260613/004_sift_t2i_mfnns_lowef_subef_frontier/TEST_RECORD.md,simulator/memory/20260613/004_sift_t2i_mfnns_lowef_subef_frontier/scripts/generate_submit_t2i_mfnns_refine.py,simulator/memory/20260613/004_sift_t2i_mfnns_lowef_subef_frontier/scripts/summarize_mfnns_frontier.py,simulator/memory/20260613/006_mfnns_ansmet_lbq_juno_focused/scripts/summarize_lbq_tune.py,figure/evaluation/RTC/extract_rtc_data.py,simulator/memory/20260613/004_sift_t2i_mfnns_lowef_subef_frontier/case_manifest.tsv,simulator/memory/20260613/004_sift_t2i_mfnns_lowef_subef_frontier/yamls/t2i1m_r1_mfnns_lowef_ef001_q001.yaml,7b0a10af93c5b8cc2741541e506d1936514de0d06329b4d4c22dc1b3391c8313,simulator/memory/20260613/004_sift_t2i_mfnns_lowef_subef_frontier/logs/t2i1m_r1_mfnns_lowef_ef001_q001_stats.yml,7b984497da557f2acb4a5543dd3e530343318eea6cdb47604ff769a2529a1792,1,1,0,100,1,1000,1000,1,0,1,OpenRowPolicy,0.122,392922,1000
T2I1M Recall@1,t2i1m,r1,R1@100,2,t2i1m_r1_mfnns_lbqfill_ef001_q002,lbqfill,0.163,5818224.133,412497,1,0,measured_completed_simulator,20260613/006_mfnns_ansmet_lbq_juno_focused,simulator/memory/20260613/006_mfnns_ansmet_lbq_juno_focused/TEST_RECORD.md,simulator/memory/20260613/006_mfnns_ansmet_lbq_juno_focused/scripts/generate_submit_lbq_tune.py,simulator/memory/20260613/006_mfnns_ansmet_lbq_juno_focused/scripts/summarize_lbq_tune.py,simulator/memory/20260613/006_mfnns_ansmet_lbq_juno_focused/scripts/summarize_lbq_tune.py,figure/evaluation/RTC/extract_rtc_data.py,simulator/memory/20260613/006_mfnns_ansmet_lbq_juno_focused/case_manifest.tsv,simulator/memory/20260613/006_mfnns_ansmet_lbq_juno_focused/yamls/t2i1m_r1_mfnns_lbqfill_ef001_q002.yaml,6fe0e5d90401df8f8d27a3453a306f7bac4d596aeb0edc2a6c26702c8faedc37,simulator/memory/20260613/006_mfnns_ansmet_lbq_juno_focused/logs/t2i1m_r1_mfnns_lbqfill_ef001_q002_stats.yml,213795b9c494e1639f231276fad7b9b7ca2b76d6f4bdfd59776c70f6fcad2912,1,2,1,100,1,1000,1000,1,0,1,OpenRowPolicy,0.163,412497,1000
T2I1M Recall@1,t2i1m,r1,R1@100,3,t2i1m_r1_mfnns_lowef_ef001_q004,lowef,0.218,5720455.634,419547,1,0,measured_completed_simulator,20260613/004_sift_t2i_mfnns_lowef_subef_frontier,simulator/memory/20260613/004_sift_t2i_mfnns_lowef_subef_frontier/TEST_RECORD.md,simulator/memory/20260613/004_sift_t2i_mfnns_lowef_subef_frontier/scripts/generate_submit_t2i_mfnns_refine.py,simulator/memory/20260613/004_sift_t2i_mfnns_lowef_subef_frontier/scripts/summarize_mfnns_frontier.py,simulator/memory/20260613/006_mfnns_ansmet_lbq_juno_focused/scripts/summarize_lbq_tune.py,figure/evaluation/RTC/extract_rtc_data.py,simulator/memory/20260613/004_sift_t2i_mfnns_lowef_subef_frontier/case_manifest.tsv,simulator/memory/20260613/004_sift_t2i_mfnns_lowef_subef_frontier/yamls/t2i1m_r1_mfnns_lowef_ef001_q004.yaml,9188c26aec650e5d3fd8f50836653d2566aa3bfc8ecb92f5f92f471fe75de0b4,simulator/memory/20260613/004_sift_t2i_mfnns_lowef_subef_frontier/logs/t2i1m_r1_mfnns_lowef_ef001_q004_stats.yml,35b4253af3b8d549a3a9906e5c465a10501196f9cf643f53ac9eab7e39120796,1,4,3,100,1,1000,1000,1,0,1,OpenRowPolicy,0.218,419547,1000
T2I1M Recall@1,t2i1m,r1,R1@100,4,t2i1m_r1_mfnns_lowef_ef002_q002,lowef,0.225,5580785.356,430047,1,0,measured_completed_simulator,20260613/004_sift_t2i_mfnns_lowef_subef_frontier,simulator/memory/20260613/004_sift_t2i_mfnns_lowef_subef_frontier/TEST_RECORD.md,simulator/memory/20260613/004_sift_t2i_mfnns_lowef_subef_frontier/scripts/generate_submit_t2i_mfnns_refine.py,simulator/memory/20260613/004_sift_t2i_mfnns_lowef_subef_frontier/scripts/summarize_mfnns_frontier.py,simulator/memory/20260613/006_mfnns_ansmet_lbq_juno_focused/scripts/summarize_lbq_tune.py,figure/evaluation/RTC/extract_rtc_data.py,simulator/memory/20260613/004_sift_t2i_mfnns_lowef_subef_frontier/case_manifest.tsv,simulator/memory/20260613/004_sift_t2i_mfnns_lowef_subef_frontier/yamls/t2i1m_r1_mfnns_lowef_ef002_q002.yaml,4b15aa76c75de768b7b6e60e4a499ef2d2fd8b4394972a01defa1a47e4332bae,simulator/memory/20260613/004_sift_t2i_mfnns_lowef_subef_frontier/logs/t2i1m_r1_mfnns_lowef_ef002_q002_stats.yml,7973192d47744752d861822e7c6754739ae11c855694653ba75727e9ab414739,2,2,1,100,1,1000,1000,1,0,1,OpenRowPolicy,0.225,430047,1000
T2I1M Recall@1,t2i1m,r1,R1@100,5,t2i1m_r1_mfnns_lbqfill_ef001_q008,lbqfill,0.23,5438514.198,441297,1,0,measured_completed_simulator,20260613/006_mfnns_ansmet_lbq_juno_focused,simulator/memory/20260613/006_mfnns_ansmet_lbq_juno_focused/TEST_RECORD.md,simulator/memory/20260613/006_mfnns_ansmet_lbq_juno_focused/scripts/generate_submit_lbq_tune.py,simulator/memory/20260613/006_mfnns_ansmet_lbq_juno_focused/scripts/summarize_lbq_tune.py,simulator/memory/20260613/006_mfnns_ansmet_lbq_juno_focused/scripts/summarize_lbq_tune.py,figure/evaluation/RTC/extract_rtc_data.py,simulator/memory/20260613/006_mfnns_ansmet_lbq_juno_focused/case_manifest.tsv,simulator/memory/20260613/006_mfnns_ansmet_lbq_juno_focused/yamls/t2i1m_r1_mfnns_lbqfill_ef001_q008.yaml,b4d61ee3ff5427ac2a0ff2b3858871835093e8e0de0a5b34e22ec27dabe2dd4f,simulator/memory/20260613/006_mfnns_ansmet_lbq_juno_focused/logs/t2i1m_r1_mfnns_lbqfill_ef001_q008_stats.yml,26d664200b83856eb93194a52518353a3209b01d0cd415f03033d94d38086c97,1,8,7,100,1,1000,1000,1,0,1,OpenRowPolicy,0.23,441297,1000
T2I1M Recall@1,t2i1m,r1,R1@100,6,t2i1m_r1_mfnns_lowef_ef004_q002,lowef,0.238,5206672.351,460947,1,0,measured_completed_simulator,20260613/004_sift_t2i_mfnns_lowef_subef_frontier,simulator/memory/20260613/004_sift_t2i_mfnns_lowef_subef_frontier/TEST_RECORD.md,simulator/memory/20260613/004_sift_t2i_mfnns_lowef_subef_frontier/scripts/generate_submit_t2i_mfnns_refine.py,simulator/memory/20260613/004_sift_t2i_mfnns_lowef_subef_frontier/scripts/summarize_mfnns_frontier.py,simulator/memory/20260613/006_mfnns_ansmet_lbq_juno_focused/scripts/summarize_lbq_tune.py,figure/evaluation/RTC/extract_rtc_data.py,simulator/memory/20260613/004_sift_t2i_mfnns_lowef_subef_frontier/case_manifest.tsv,simulator/memory/20260613/004_sift_t2i_mfnns_lowef_subef_frontier/yamls/t2i1m_r1_mfnns_lowef_ef004_q002.yaml,03d0ab6079d147f01b88fcb6e67775f7dfaed4384b1a5913a7041ef15c0ee29b,simulator/memory/20260613/004_sift_t2i_mfnns_lowef_subef_frontier/logs/t2i1m_r1_mfnns_lowef_ef004_q002_stats.yml,bb58df97104d0f834cad79b13dcdf331f903202d83e16baad0752d67005a4d2e,4,2,1,100,1,1000,1000,1,0,1,OpenRowPolicy,0.238,460947,1000
T2I1M Recall@1,t2i1m,r1,R1@100,7,t2i1m_r1_mfnns_lbqfill_ef002_q004,lbqfill,0.387,4611642.09,520422,1,0,measured_completed_simulator,20260613/006_mfnns_ansmet_lbq_juno_focused,simulator/memory/20260613/006_mfnns_ansmet_lbq_juno_focused/TEST_RECORD.md,simulator/memory/20260613/006_mfnns_ansmet_lbq_juno_focused/scripts/generate_submit_lbq_tune.py,simulator/memory/20260613/006_mfnns_ansmet_lbq_juno_focused/scripts/summarize_lbq_tune.py,simulator/memory/20260613/006_mfnns_ansmet_lbq_juno_focused/scripts/summarize_lbq_tune.py,figure/evaluation/RTC/extract_rtc_data.py,simulator/memory/20260613/006_mfnns_ansmet_lbq_juno_focused/case_manifest.tsv,simulator/memory/20260613/006_mfnns_ansmet_lbq_juno_focused/yamls/t2i1m_r1_mfnns_lbqfill_ef002_q004.yaml,d1cf13c2c7ba4ed940b50bbbe370324a6daf91158867df18426fd5405128cb45,simulator/memory/20260613/006_mfnns_ansmet_lbq_juno_focused/logs/t2i1m_r1_mfnns_lbqfill_ef002_q004_stats.yml,3b0987547f5b2d7dbd2ee5f3303adbd9e70775b9a544ba258aa4d6dec17f144e,2,4,3,100,1,1000,1000,1,0,1,OpenRowPolicy,0.387,520422,1000
T2I1M Recall@1,t2i1m,r1,R1@100,8,t2i1m_r1_mfnns_lowef_ef002_q008,lowef,0.418,4411383.575,544047,1,1,measured_completed_simulator,20260613/004_sift_t2i_mfnns_lowef_subef_frontier,simulator/memory/20260613/004_sift_t2i_mfnns_lowef_subef_frontier/TEST_RECORD.md,simulator/memory/20260613/004_sift_t2i_mfnns_lowef_subef_frontier/scripts/generate_submit_t2i_mfnns_refine.py,simulator/memory/20260613/004_sift_t2i_mfnns_lowef_subef_frontier/scripts/summarize_mfnns_frontier.py,simulator/memory/20260613/006_mfnns_ansmet_lbq_juno_focused/scripts/summarize_lbq_tune.py,figure/evaluation/RTC/extract_rtc_data.py,simulator/memory/20260613/004_sift_t2i_mfnns_lowef_subef_frontier/case_manifest.tsv,simulator/memory/20260613/004_sift_t2i_mfnns_lowef_subef_frontier/yamls/t2i1m_r1_mfnns_lowef_ef002_q008.yaml,70eb2a706584468e803a81e1bec93f5134c58d4653130e1f39a7223d61f6edf6,simulator/memory/20260613/004_sift_t2i_mfnns_lowef_subef_frontier/logs/t2i1m_r1_mfnns_lowef_ef002_q008_stats.yml,f4e7fc4ab05e0b9fce99fb8826a2d1834a138a5e684bc985efe43b4bccca409c,2,8,7,100,1,1000,1000,1,0,1,OpenRowPolicy,0.418,544047,1000
T2I1M Recall@1,t2i1m,r1,R1@100,9,t2i1m_r1_mfnns_lbqfill_ef002_q016,lbqfill,0.433,4117895.344,582822,1,1,measured_completed_simulator,20260613/006_mfnns_ansmet_lbq_juno_focused,simulator/memory/20260613/006_mfnns_ansmet_lbq_juno_focused/TEST_RECORD.md,simulator/memory/20260613/006_mfnns_ansmet_lbq_juno_focused/scripts/generate_submit_lbq_tune.py,simulator/memory/20260613/006_mfnns_ansmet_lbq_juno_focused/scripts/summarize_lbq_tune.py,simulator/memory/20260613/006_mfnns_ansmet_lbq_juno_focused/scripts/summarize_lbq_tune.py,figure/evaluation/RTC/extract_rtc_data.py,simulator/memory/20260613/006_mfnns_ansmet_lbq_juno_focused/case_manifest.tsv,simulator/memory/20260613/006_mfnns_ansmet_lbq_juno_focused/yamls/t2i1m_r1_mfnns_lbqfill_ef002_q016.yaml,1372ce3663e38607b2f1c4f0c660cac1f0ae89788d12dcbc3820dd4430432e45,simulator/memory/20260613/006_mfnns_ansmet_lbq_juno_focused/logs/t2i1m_r1_mfnns_lbqfill_ef002_q016_stats.yml,3309c0a14e2cf6b4ddf8032a0beba90897efa7c05bb61c929c4e81a9a8416ac4,2,16,15,100,1,1000,1000,1,0,1,OpenRowPolicy,0.433,582822,1000
T2I1M Recall@1,t2i1m,r1,R1@100,10,t2i1m_r1_mfnns_lbqfill_ef003_q006,lbqfill,0.502,4039914.354,594072,1,1,measured_completed_simulator,20260613/006_mfnns_ansmet_lbq_juno_focused,simulator/memory/20260613/006_mfnns_ansmet_lbq_juno_focused/TEST_RECORD.md,simulator/memory/20260613/006_mfnns_ansmet_lbq_juno_focused/scripts/generate_submit_lbq_tune.py,simulator/memory/20260613/006_mfnns_ansmet_lbq_juno_focused/scripts/summarize_lbq_tune.py,simulator/memory/20260613/006_mfnns_ansmet_lbq_juno_focused/scripts/summarize_lbq_tune.py,figure/evaluation/RTC/extract_rtc_data.py,simulator/memory/20260613/006_mfnns_ansmet_lbq_juno_focused/case_manifest.tsv,simulator/memory/20260613/006_mfnns_ansmet_lbq_juno_focused/yamls/t2i1m_r1_mfnns_lbqfill_ef003_q006.yaml,56ac0b5ed0279febf0a81f72de4eb2da6a2aac3ae01ae8d79854413c7d34762a,simulator/memory/20260613/006_mfnns_ansmet_lbq_juno_focused/logs/t2i1m_r1_mfnns_lbqfill_ef003_q006_stats.yml,b1264c3925967b23cf4aba2e4e54c31dce62f88cd600dff34feec2d087354e75,3,6,5,100,1,1000,1000,1,0,1,OpenRowPolicy,0.502,594072,1000
T2I1M Recall@1,t2i1m,r1,R1@100,11,t2i1m_r1_mfnns_lowef_ef004_q004,lowef,0.505,3915829.25,612897,1,1,measured_completed_simulator,20260613/004_sift_t2i_mfnns_lowef_subef_frontier,simulator/memory/20260613/004_sift_t2i_mfnns_lowef_subef_frontier/TEST_RECORD.md,simulator/memory/20260613/004_sift_t2i_mfnns_lowef_subef_frontier/scripts/generate_submit_t2i_mfnns_refine.py,simulator/memory/20260613/004_sift_t2i_mfnns_lowef_subef_frontier/scripts/summarize_mfnns_frontier.py,simulator/memory/20260613/006_mfnns_ansmet_lbq_juno_focused/scripts/summarize_lbq_tune.py,figure/evaluation/RTC/extract_rtc_data.py,simulator/memory/20260613/004_sift_t2i_mfnns_lowef_subef_frontier/case_manifest.tsv,simulator/memory/20260613/004_sift_t2i_mfnns_lowef_subef_frontier/yamls/t2i1m_r1_mfnns_lowef_ef004_q004.yaml,e9da3c095bb0af4aa400744bd82540651843665e00b3885576ff969c46460472,simulator/memory/20260613/004_sift_t2i_mfnns_lowef_subef_frontier/logs/t2i1m_r1_mfnns_lowef_ef004_q004_stats.yml,1ab899373ededb5c20680700b739aa201ee55476511d1f980acf479bf973b29c,4,4,3,100,1,1000,1000,1,0,1,OpenRowPolicy,0.505,612897,1000
T2I1M Recall@1,t2i1m,r1,R1@100,12,t2i1m_r1_mfnns_lowef_ef003_q012,lowef,0.529,3909132.222,613947,1,1,measured_completed_simulator,20260613/004_sift_t2i_mfnns_lowef_subef_frontier,simulator/memory/20260613/004_sift_t2i_mfnns_lowef_subef_frontier/TEST_RECORD.md,simulator/memory/20260613/004_sift_t2i_mfnns_lowef_subef_frontier/scripts/generate_submit_t2i_mfnns_refine.py,simulator/memory/20260613/004_sift_t2i_mfnns_lowef_subef_frontier/scripts/summarize_mfnns_frontier.py,simulator/memory/20260613/006_mfnns_ansmet_lbq_juno_focused/scripts/summarize_lbq_tune.py,figure/evaluation/RTC/extract_rtc_data.py,simulator/memory/20260613/004_sift_t2i_mfnns_lowef_subef_frontier/case_manifest.tsv,simulator/memory/20260613/004_sift_t2i_mfnns_lowef_subef_frontier/yamls/t2i1m_r1_mfnns_lowef_ef003_q012.yaml,a6e676eb2b4f2d80b002e5fe7ba685b73df266dbf63775194e3aab7d9bd73a5e,simulator/memory/20260613/004_sift_t2i_mfnns_lowef_subef_frontier/logs/t2i1m_r1_mfnns_lowef_ef003_q012_stats.yml,b27d23f3516ea78862912243f758d75c6e3572747bb03757e78e2edfe4c4dd69,3,12,11,100,1,1000,1000,1,0,1,OpenRowPolicy,0.529,613947,1000
T2I1M Recall@1,t2i1m,r1,R1@100,13,t2i1m_r1_mfnns_lbqfill_ef004_q008,lbqfill,0.594,3582239.258,669972,1,1,measured_completed_simulator,20260613/006_mfnns_ansmet_lbq_juno_focused,simulator/memory/20260613/006_mfnns_ansmet_lbq_juno_focused/TEST_RECORD.md,simulator/memory/20260613/006_mfnns_ansmet_lbq_juno_focused/scripts/generate_submit_lbq_tune.py,simulator/memory/20260613/006_mfnns_ansmet_lbq_juno_focused/scripts/summarize_lbq_tune.py,simulator/memory/20260613/006_mfnns_ansmet_lbq_juno_focused/scripts/summarize_lbq_tune.py,figure/evaluation/RTC/extract_rtc_data.py,simulator/memory/20260613/006_mfnns_ansmet_lbq_juno_focused/case_manifest.tsv,simulator/memory/20260613/006_mfnns_ansmet_lbq_juno_focused/yamls/t2i1m_r1_mfnns_lbqfill_ef004_q008.yaml,83f849107c07493dbe7189146607e58e5c3b8e28f15cb69726ee943925ab313a,simulator/memory/20260613/006_mfnns_ansmet_lbq_juno_focused/logs/t2i1m_r1_mfnns_lbqfill_ef004_q008_stats.yml,42cc3340ab5833b2f337a51d669c3edb9c302607ad3dce44500185784be82452,4,8,7,100,1,1000,1000,1,0,1,OpenRowPolicy,0.594,669972,1000
T2I1M Recall@1,t2i1m,r1,R1@100,14,t2i1m_r1_mfnns_lbqfill_ef005_q010,lbqfill,0.645,3247754.989,738972,1,1,measured_completed_simulator,20260613/006_mfnns_ansmet_lbq_juno_focused,simulator/memory/20260613/006_mfnns_ansmet_lbq_juno_focused/TEST_RECORD.md,simulator/memory/20260613/006_mfnns_ansmet_lbq_juno_focused/scripts/generate_submit_lbq_tune.py,simulator/memory/20260613/006_mfnns_ansmet_lbq_juno_focused/scripts/summarize_lbq_tune.py,simulator/memory/20260613/006_mfnns_ansmet_lbq_juno_focused/scripts/summarize_lbq_tune.py,figure/evaluation/RTC/extract_rtc_data.py,simulator/memory/20260613/006_mfnns_ansmet_lbq_juno_focused/case_manifest.tsv,simulator/memory/20260613/006_mfnns_ansmet_lbq_juno_focused/yamls/t2i1m_r1_mfnns_lbqfill_ef005_q010.yaml,1204b38780949035adf00c4a2452c056913ff0af363a4bf499ed9a4bc67ec244,simulator/memory/20260613/006_mfnns_ansmet_lbq_juno_focused/logs/t2i1m_r1_mfnns_lbqfill_ef005_q010_stats.yml,3570a4461ec015c337b47de113876bc31072efd3b6aab791fbe2fadf8e1256a5,5,10,9,100,1,1000,1000,1,0,1,OpenRowPolicy,0.645,738972,1000
T2I1M Recall@1,t2i1m,r1,R1@100,15,t2i1m_r1_mfnns_lbqfill_ef006_q012,lbqfill,0.679,2918387.299,822372,1,1,measured_completed_simulator,20260613/006_mfnns_ansmet_lbq_juno_focused,simulator/memory/20260613/006_mfnns_ansmet_lbq_juno_focused/TEST_RECORD.md,simulator/memory/20260613/006_mfnns_ansmet_lbq_juno_focused/scripts/generate_submit_lbq_tune.py,simulator/memory/20260613/006_mfnns_ansmet_lbq_juno_focused/scripts/summarize_lbq_tune.py,simulator/memory/20260613/006_mfnns_ansmet_lbq_juno_focused/scripts/summarize_lbq_tune.py,figure/evaluation/RTC/extract_rtc_data.py,simulator/memory/20260613/006_mfnns_ansmet_lbq_juno_focused/case_manifest.tsv,simulator/memory/20260613/006_mfnns_ansmet_lbq_juno_focused/yamls/t2i1m_r1_mfnns_lbqfill_ef006_q012.yaml,8da0d222a88aaacff99f956df886eb923e24be8c195d2bad6dc44290bc04362f,simulator/memory/20260613/006_mfnns_ansmet_lbq_juno_focused/logs/t2i1m_r1_mfnns_lbqfill_ef006_q012_stats.yml,8b4ff5bf2f43e5b45842edc1ac53c062c2504534e83ab517bf784dc3eb04c225,6,12,11,100,1,1000,1000,1,0,1,OpenRowPolicy,0.679,822372,1000
T2I1M Recall@1,t2i1m,r1,R1@100,16,t2i1m_r1_mfnns_ef010_q010,broad,0.691,2597832.758,923847,1,1,measured_completed_simulator,20260612/002_sift_t2i_ansmet_mfnns_r1_r100_frontier,simulator/memory/20260612/002_sift_t2i_ansmet_mfnns_r1_r100_frontier/TEST_RECORD.md,simulator/memory/20260612/002_sift_t2i_ansmet_mfnns_r1_r100_frontier/scripts/generate_submit_frontier.py,simulator/memory/20260612/002_sift_t2i_ansmet_mfnns_r1_r100_frontier/scripts/summarize_frontier.py,simulator/memory/20260613/006_mfnns_ansmet_lbq_juno_focused/scripts/summarize_lbq_tune.py,figure/evaluation/RTC/extract_rtc_data.py,simulator/memory/20260612/002_sift_t2i_ansmet_mfnns_r1_r100_frontier/case_manifest.tsv,simulator/memory/20260612/002_sift_t2i_ansmet_mfnns_r1_r100_frontier/yamls/t2i1m_r1_mfnns_ef010_q010.yaml,b02ff6c02c97b52729d41dc0eb4e7869961e830ad725db33399a75f4bda1d44f,simulator/memory/20260612/002_sift_t2i_ansmet_mfnns_r1_r100_frontier/logs/t2i1m_r1_mfnns_ef010_q010_stats.yml,2bf71aeb7b75f387a26185e558d9ed66f4da5aece61478b7acaa6f5f1866faf4,10,10,9,100,1,1000,1000,1,0,1,OpenRowPolicy,0.691,923847,1000
T2I1M Recall@1,t2i1m,r1,R1@100,17,t2i1m_r1_mfnns_lbqfill_ef008_q016,lbqfill,0.746,2532254.593,947772,1,1,measured_completed_simulator,20260613/006_mfnns_ansmet_lbq_juno_focused,simulator/memory/20260613/006_mfnns_ansmet_lbq_juno_focused/TEST_RECORD.md,simulator/memory/20260613/006_mfnns_ansmet_lbq_juno_focused/scripts/generate_submit_lbq_tune.py,simulator/memory/20260613/006_mfnns_ansmet_lbq_juno_focused/scripts/summarize_lbq_tune.py,simulator/memory/20260613/006_mfnns_ansmet_lbq_juno_focused/scripts/summarize_lbq_tune.py,figure/evaluation/RTC/extract_rtc_data.py,simulator/memory/20260613/006_mfnns_ansmet_lbq_juno_focused/case_manifest.tsv,simulator/memory/20260613/006_mfnns_ansmet_lbq_juno_focused/yamls/t2i1m_r1_mfnns_lbqfill_ef008_q016.yaml,f2100965e6da30a07a5adb1913ddd542bd2ba049d9d243e1ee658ccb3fa029f8,simulator/memory/20260613/006_mfnns_ansmet_lbq_juno_focused/logs/t2i1m_r1_mfnns_lbqfill_ef008_q016_stats.yml,d5e3ac0e80c4ae7d46b5554d2055616037bab9bc42186c867624861a112ef705,8,16,15,100,1,1000,1000,1,0,1,OpenRowPolicy,0.746,947772,1000
T2I1M Recall@1,t2i1m,r1,R1@100,18,t2i1m_r1_mfnns_ef010_q020,broad,0.775,2192387.483,1094697,1,1,measured_completed_simulator,20260612/002_sift_t2i_ansmet_mfnns_r1_r100_frontier,simulator/memory/20260612/002_sift_t2i_ansmet_mfnns_r1_r100_frontier/TEST_RECORD.md,simulator/memory/20260612/002_sift_t2i_ansmet_mfnns_r1_r100_frontier/scripts/generate_submit_frontier.py,simulator/memory/20260612/002_sift_t2i_ansmet_mfnns_r1_r100_frontier/scripts/summarize_frontier.py,simulator/memory/20260613/006_mfnns_ansmet_lbq_juno_focused/scripts/summarize_lbq_tune.py,figure/evaluation/RTC/extract_rtc_data.py,simulator/memory/20260612/002_sift_t2i_ansmet_mfnns_r1_r100_frontier/case_manifest.tsv,simulator/memory/20260612/002_sift_t2i_ansmet_mfnns_r1_r100_frontier/yamls/t2i1m_r1_mfnns_ef010_q020.yaml,7b0f0815c20d595e2b58e29cba6820da64e257ae18cd3fe0ddda77c4dcaf1a8e,simulator/memory/20260612/002_sift_t2i_ansmet_mfnns_r1_r100_frontier/logs/t2i1m_r1_mfnns_ef010_q020_stats.yml,6f811b1e312fe1f595074369fd152b68cec54de126721f6d4c6197c7e3edca72,10,20,19,100,1,1000,1000,1,0,1,OpenRowPolicy,0.775,1094697,1000
T2I1M Recall@1,t2i1m,r1,R1@100,19,t2i1m_r1_mfnns_lbqfill_ef012_q024,lbqfill,0.819,1988817.872,1206747,1,1,measured_completed_simulator,20260613/006_mfnns_ansmet_lbq_juno_focused,simulator/memory/20260613/006_mfnns_ansmet_lbq_juno_focused/TEST_RECORD.md,simulator/memory/20260613/006_mfnns_ansmet_lbq_juno_focused/scripts/generate_submit_lbq_tune.py,simulator/memory/20260613/006_mfnns_ansmet_lbq_juno_focused/scripts/summarize_lbq_tune.py,simulator/memory/20260613/006_mfnns_ansmet_lbq_juno_focused/scripts/summarize_lbq_tune.py,figure/evaluation/RTC/extract_rtc_data.py,simulator/memory/20260613/006_mfnns_ansmet_lbq_juno_focused/case_manifest.tsv,simulator/memory/20260613/006_mfnns_ansmet_lbq_juno_focused/yamls/t2i1m_r1_mfnns_lbqfill_ef012_q024.yaml,051ef8cca77491643ea72a4fccd83d8f0e2cfa3642e96a258e37e6f6d9fcdfff,simulator/memory/20260613/006_mfnns_ansmet_lbq_juno_focused/logs/t2i1m_r1_mfnns_lbqfill_ef012_q024_stats.yml,e545ad40a42a7e387e78dfd64907aead64c6f283d3c9263bef16bb620122a4d1,12,24,23,100,1,1000,1000,1,0,1,OpenRowPolicy,0.819,1206747,1000
T2I1M Recall@1,t2i1m,r1,R1@100,20,t2i1m_r1_mfnns_lbqfill_ef015_q030,lbqfill,0.842,1685100.969,1424247,1,1,measured_completed_simulator,20260613/006_mfnns_ansmet_lbq_juno_focused,simulator/memory/20260613/006_mfnns_ansmet_lbq_juno_focused/TEST_RECORD.md,simulator/memory/20260613/006_mfnns_ansmet_lbq_juno_focused/scripts/generate_submit_lbq_tune.py,simulator/memory/20260613/006_mfnns_ansmet_lbq_juno_focused/scripts/summarize_lbq_tune.py,simulator/memory/20260613/006_mfnns_ansmet_lbq_juno_focused/scripts/summarize_lbq_tune.py,figure/evaluation/RTC/extract_rtc_data.py,simulator/memory/20260613/006_mfnns_ansmet_lbq_juno_focused/case_manifest.tsv,simulator/memory/20260613/006_mfnns_ansmet_lbq_juno_focused/yamls/t2i1m_r1_mfnns_lbqfill_ef015_q030.yaml,3af9952ff604db6eed27ea21f5b3fd0adab420f027798c5d956c802fe47bf179,simulator/memory/20260613/006_mfnns_ansmet_lbq_juno_focused/logs/t2i1m_r1_mfnns_lbqfill_ef015_q030_stats.yml,b0b6b215712607fb0e5660ac71a79f1262426bdddef7db8062ce967ab52781e6,15,30,29,100,1,1000,1000,1,0,1,OpenRowPolicy,0.842,1424247,1000
T2I1M Recall@1,t2i1m,r1,R1@100,21,t2i1m_r1_mfnns_ef020_q040,broad,0.858,1364375.142,1759047,1,1,measured_completed_simulator,20260612/002_sift_t2i_ansmet_mfnns_r1_r100_frontier,simulator/memory/20260612/002_sift_t2i_ansmet_mfnns_r1_r100_frontier/TEST_RECORD.md,simulator/memory/20260612/002_sift_t2i_ansmet_mfnns_r1_r100_frontier/scripts/generate_submit_frontier.py,simulator/memory/20260612/002_sift_t2i_ansmet_mfnns_r1_r100_frontier/scripts/summarize_frontier.py,simulator/memory/20260613/006_mfnns_ansmet_lbq_juno_focused/scripts/summarize_lbq_tune.py,figure/evaluation/RTC/extract_rtc_data.py,simulator/memory/20260612/002_sift_t2i_ansmet_mfnns_r1_r100_frontier/case_manifest.tsv,simulator/memory/20260612/002_sift_t2i_ansmet_mfnns_r1_r100_frontier/yamls/t2i1m_r1_mfnns_ef020_q040.yaml,943f260dd6602d928ea1c0874f2d41ea7e32caedd366d46fca555e1d001ed2b8,simulator/memory/20260612/002_sift_t2i_ansmet_mfnns_r1_r100_frontier/logs/t2i1m_r1_mfnns_ef020_q040_stats.yml,7f981eb0d14f8760208cb63ff4d65b9e0f6f9a0bf5bcf53cacef342bb0a5dd9a,20,40,39,100,1,1000,1000,1,0,1,OpenRowPolicy,0.858,1759047,1000
T2I1M Recall@1,t2i1m,r1,R1@100,22,t2i1m_r1_mfnns_subef_ef040_q030,subef,0.859,1090299.019,2201231,1,1,measured_completed_simulator,20260613/004_sift_t2i_mfnns_lowef_subef_frontier,simulator/memory/20260613/004_sift_t2i_mfnns_lowef_subef_frontier/TEST_RECORD.md,simulator/memory/20260613/004_sift_t2i_mfnns_lowef_subef_frontier/scripts/generate_submit_t2i_mfnns_refine.py,simulator/memory/20260613/004_sift_t2i_mfnns_lowef_subef_frontier/scripts/summarize_mfnns_frontier.py,simulator/memory/20260613/006_mfnns_ansmet_lbq_juno_focused/scripts/summarize_lbq_tune.py,figure/evaluation/RTC/extract_rtc_data.py,simulator/memory/20260613/004_sift_t2i_mfnns_lowef_subef_frontier/case_manifest.tsv,simulator/memory/20260613/004_sift_t2i_mfnns_lowef_subef_frontier/yamls/t2i1m_r1_mfnns_subef_ef040_q030.yaml,73b9ee66fe564994878db4f39b4b1de6a6fc185d667822916c14e6ee5cc41964,simulator/memory/20260613/004_sift_t2i_mfnns_lowef_subef_frontier/logs/t2i1m_r1_mfnns_subef_ef040_q030_stats.yml,153691306e818dbf20d1c0dab6063d9aca7713fa40d6a749232e8448269549bc,40,30,29,100,1,1000,1000,1,0,1,OpenRowPolicy,0.859,2201231,1000
T2I1M Recall@1,t2i1m,r1,R1@100,23,t2i1m_r1_mfnns_ef020_q080,broad,0.882,1056525.431,2271597,1,1,measured_completed_simulator,20260612/002_sift_t2i_ansmet_mfnns_r1_r100_frontier,simulator/memory/20260612/002_sift_t2i_ansmet_mfnns_r1_r100_frontier/TEST_RECORD.md,simulator/memory/20260612/002_sift_t2i_ansmet_mfnns_r1_r100_frontier/scripts/generate_submit_frontier.py,simulator/memory/20260612/002_sift_t2i_ansmet_mfnns_r1_r100_frontier/scripts/summarize_frontier.py,simulator/memory/20260613/006_mfnns_ansmet_lbq_juno_focused/scripts/summarize_lbq_tune.py,figure/evaluation/RTC/extract_rtc_data.py,simulator/memory/20260612/002_sift_t2i_ansmet_mfnns_r1_r100_frontier/case_manifest.tsv,simulator/memory/20260612/002_sift_t2i_ansmet_mfnns_r1_r100_frontier/yamls/t2i1m_r1_mfnns_ef020_q080.yaml,07716199b1482c93f68cff237fffa0b7b07ff5d9658775ebb3af6d135ff49ad0,simulator/memory/20260612/002_sift_t2i_ansmet_mfnns_r1_r100_frontier/logs/t2i1m_r1_mfnns_ef020_q080_stats.yml,94e0afd6c58945c0b62cd7fc8d706a20f1ad04c99254fca279b42a6d05406e3b,20,80,79,100,1,1000,1000,1,0,1,OpenRowPolicy,0.882,2271597,1000
T2I1M Recall@1,t2i1m,r1,R1@100,24,t2i1m_r1_mfnns_ef030_q060,broad,0.898,966038.9024,2484372,1,1,measured_completed_simulator,20260612/002_sift_t2i_ansmet_mfnns_r1_r100_frontier,simulator/memory/20260612/002_sift_t2i_ansmet_mfnns_r1_r100_frontier/TEST_RECORD.md,simulator/memory/20260612/002_sift_t2i_ansmet_mfnns_r1_r100_frontier/scripts/generate_submit_frontier.py,simulator/memory/20260612/002_sift_t2i_ansmet_mfnns_r1_r100_frontier/scripts/summarize_frontier.py,simulator/memory/20260613/006_mfnns_ansmet_lbq_juno_focused/scripts/summarize_lbq_tune.py,figure/evaluation/RTC/extract_rtc_data.py,simulator/memory/20260612/002_sift_t2i_ansmet_mfnns_r1_r100_frontier/case_manifest.tsv,simulator/memory/20260612/002_sift_t2i_ansmet_mfnns_r1_r100_frontier/yamls/t2i1m_r1_mfnns_ef030_q060.yaml,042054671368cced87a1d6a268cbf4f340a99ff1253eef23741963e335c8a28f,simulator/memory/20260612/002_sift_t2i_ansmet_mfnns_r1_r100_frontier/logs/t2i1m_r1_mfnns_ef030_q060_stats.yml,f36c26276f3073a9eca26a95418dd8a81849cb511ea0194153150560897ea1e6,30,60,59,100,1,1000,1000,1,0,1,OpenRowPolicy,0.898,2484372,1000
T2I1M Recall@1,t2i1m,r1,R1@100,25,t2i1m_r1_mfnns_ef040_q040,broad,0.901,926489.9696,2590422,1,1,measured_completed_simulator,20260612/002_sift_t2i_ansmet_mfnns_r1_r100_frontier,simulator/memory/20260612/002_sift_t2i_ansmet_mfnns_r1_r100_frontier/TEST_RECORD.md,simulator/memory/20260612/002_sift_t2i_ansmet_mfnns_r1_r100_frontier/scripts/generate_submit_frontier.py,simulator/memory/20260612/002_sift_t2i_ansmet_mfnns_r1_r100_frontier/scripts/summarize_frontier.py,simulator/memory/20260613/006_mfnns_ansmet_lbq_juno_focused/scripts/summarize_lbq_tune.py,figure/evaluation/RTC/extract_rtc_data.py,simulator/memory/20260612/002_sift_t2i_ansmet_mfnns_r1_r100_frontier/case_manifest.tsv,simulator/memory/20260612/002_sift_t2i_ansmet_mfnns_r1_r100_frontier/yamls/t2i1m_r1_mfnns_ef040_q040.yaml,9741eea1891fba9e513882645953001e2f5d56eb5c641918c1a5b64b9f997eac,simulator/memory/20260612/002_sift_t2i_ansmet_mfnns_r1_r100_frontier/logs/t2i1m_r1_mfnns_ef040_q040_stats.yml,cca7810b4fde965467a02c8ef7bf3e0849a29ab2473192299ca5903e9be0fe89,40,40,39,100,1,1000,1000,1,0,1,OpenRowPolicy,0.901,2590422,1000
T2I1M Recall@1,t2i1m,r1,R1@100,26,t2i1m_r1_mfnns_ef030_q120,broad,0.914,739184.347,3246822,1,1,measured_completed_simulator,20260612/002_sift_t2i_ansmet_mfnns_r1_r100_frontier,simulator/memory/20260612/002_sift_t2i_ansmet_mfnns_r1_r100_frontier/TEST_RECORD.md,simulator/memory/20260612/002_sift_t2i_ansmet_mfnns_r1_r100_frontier/scripts/generate_submit_frontier.py,simulator/memory/20260612/002_sift_t2i_ansmet_mfnns_r1_r100_frontier/scripts/summarize_frontier.py,simulator/memory/20260613/006_mfnns_ansmet_lbq_juno_focused/scripts/summarize_lbq_tune.py,figure/evaluation/RTC/extract_rtc_data.py,simulator/memory/20260612/002_sift_t2i_ansmet_mfnns_r1_r100_frontier/case_manifest.tsv,simulator/memory/20260612/002_sift_t2i_ansmet_mfnns_r1_r100_frontier/yamls/t2i1m_r1_mfnns_ef030_q120.yaml,adf19d125bef3eb0fdc5b8f2aff3e03ebeb78abc47c5f9742c79b941301b8116,simulator/memory/20260612/002_sift_t2i_ansmet_mfnns_r1_r100_frontier/logs/t2i1m_r1_mfnns_ef030_q120_stats.yml,926b55c33aa7b2bcec7a821995be079d9683cd646f84c6acf4acc2ef904a682b,30,120,119,100,1,1000,1000,1,0,1,OpenRowPolicy,0.914,3246822,1000
T2I1M Recall@1,t2i1m,r1,R1@100,27,t2i1m_r1_mfnns_ef040_q080,broad,0.924,728681.069,3293622,1,1,measured_completed_simulator,20260612/002_sift_t2i_ansmet_mfnns_r1_r100_frontier,simulator/memory/20260612/002_sift_t2i_ansmet_mfnns_r1_r100_frontier/TEST_RECORD.md,simulator/memory/20260612/002_sift_t2i_ansmet_mfnns_r1_r100_frontier/scripts/generate_submit_frontier.py,simulator/memory/20260612/002_sift_t2i_ansmet_mfnns_r1_r100_frontier/scripts/summarize_frontier.py,simulator/memory/20260613/006_mfnns_ansmet_lbq_juno_focused/scripts/summarize_lbq_tune.py,figure/evaluation/RTC/extract_rtc_data.py,simulator/memory/20260612/002_sift_t2i_ansmet_mfnns_r1_r100_frontier/case_manifest.tsv,simulator/memory/20260612/002_sift_t2i_ansmet_mfnns_r1_r100_frontier/yamls/t2i1m_r1_mfnns_ef040_q080.yaml,f5289108a645a4843e28b540c4bb95f5cd6d2932ab9b789a101fb5e382ac5990,simulator/memory/20260612/002_sift_t2i_ansmet_mfnns_r1_r100_frontier/logs/t2i1m_r1_mfnns_ef040_q080_stats.yml,7d689d3692e47bbaf63b08b0cec58713f947d4369d8e51afb4d6337e6be69e1b,40,80,79,100,1,1000,1000,1,0,1,OpenRowPolicy,0.924,3293622,1000
T2I1M Recall@1,t2i1m,r1,R1@100,28,t2i1m_r1_mfnns_ef060_q060,broad,0.93,600861.9364,3994262,1,1,measured_completed_simulator,20260612/002_sift_t2i_ansmet_mfnns_r1_r100_frontier,simulator/memory/20260612/002_sift_t2i_ansmet_mfnns_r1_r100_frontier/TEST_RECORD.md,simulator/memory/20260612/002_sift_t2i_ansmet_mfnns_r1_r100_frontier/scripts/generate_submit_frontier.py,simulator/memory/20260612/002_sift_t2i_ansmet_mfnns_r1_r100_frontier/scripts/summarize_frontier.py,simulator/memory/20260613/006_mfnns_ansmet_lbq_juno_focused/scripts/summarize_lbq_tune.py,figure/evaluation/RTC/extract_rtc_data.py,simulator/memory/20260612/002_sift_t2i_ansmet_mfnns_r1_r100_frontier/case_manifest.tsv,simulator/memory/20260612/002_sift_t2i_ansmet_mfnns_r1_r100_frontier/yamls/t2i1m_r1_mfnns_ef060_q060.yaml,39a0a12622097bf02ce7d3791c2e10f605add4b801925b472157951de3230667,simulator/memory/20260612/002_sift_t2i_ansmet_mfnns_r1_r100_frontier/logs/t2i1m_r1_mfnns_ef060_q060_stats.yml,a90458d73063510e2c7585e1cdd001c04ad186507e17824a7fc2ba53502e3038,60,60,59,100,1,1000,1000,1,0,1,OpenRowPolicy,0.93,3994262,1000
T2I1M Recall@1,t2i1m,r1,R1@100,29,t2i1m_r1_mfnns_ef050_q100,broad,0.938,576784.8427,4160997,1,1,measured_completed_simulator,20260612/002_sift_t2i_ansmet_mfnns_r1_r100_frontier,simulator/memory/20260612/002_sift_t2i_ansmet_mfnns_r1_r100_frontier/TEST_RECORD.md,simulator/memory/20260612/002_sift_t2i_ansmet_mfnns_r1_r100_frontier/scripts/generate_submit_frontier.py,simulator/memory/20260612/002_sift_t2i_ansmet_mfnns_r1_r100_frontier/scripts/summarize_frontier.py,simulator/memory/20260613/006_mfnns_ansmet_lbq_juno_focused/scripts/summarize_lbq_tune.py,figure/evaluation/RTC/extract_rtc_data.py,simulator/memory/20260612/002_sift_t2i_ansmet_mfnns_r1_r100_frontier/case_manifest.tsv,simulator/memory/20260612/002_sift_t2i_ansmet_mfnns_r1_r100_frontier/yamls/t2i1m_r1_mfnns_ef050_q100.yaml,2855d222b372b57a537b6d0dc9470e86ec0af8986afb581c87379a356bc2bc28,simulator/memory/20260612/002_sift_t2i_ansmet_mfnns_r1_r100_frontier/logs/t2i1m_r1_mfnns_ef050_q100_stats.yml,96f469d77143d9f305832f9c0d111bf6f7ef342d36e4d9b2dc88a87b7f55b55f,50,100,99,100,1,1000,1000,1,0,1,OpenRowPolicy,0.938,4160997,1000
T2I1M Recall@1,t2i1m,r1,R1@100,30,t2i1m_r1_mfnns_ef060_q120,broad,0.957,469518.286,5111622,1,1,measured_completed_simulator,20260612/002_sift_t2i_ansmet_mfnns_r1_r100_frontier,simulator/memory/20260612/002_sift_t2i_ansmet_mfnns_r1_r100_frontier/TEST_RECORD.md,simulator/memory/20260612/002_sift_t2i_ansmet_mfnns_r1_r100_frontier/scripts/generate_submit_frontier.py,simulator/memory/20260612/002_sift_t2i_ansmet_mfnns_r1_r100_frontier/scripts/summarize_frontier.py,simulator/memory/20260613/006_mfnns_ansmet_lbq_juno_focused/scripts/summarize_lbq_tune.py,figure/evaluation/RTC/extract_rtc_data.py,simulator/memory/20260612/002_sift_t2i_ansmet_mfnns_r1_r100_frontier/case_manifest.tsv,simulator/memory/20260612/002_sift_t2i_ansmet_mfnns_r1_r100_frontier/yamls/t2i1m_r1_mfnns_ef060_q120.yaml,c9132d3d4995288c99e3c7f37985f6a764e940953bfd991028960d6db0923362,simulator/memory/20260612/002_sift_t2i_ansmet_mfnns_r1_r100_frontier/logs/t2i1m_r1_mfnns_ef060_q120_stats.yml,2c04957da651831376cfacd82bdd51b229ca391f095a00440271f37646be5fc2,60,120,119,100,1,1000,1000,1,0,1,OpenRowPolicy,0.957,5111622,1000
T2I1M Recall@1,t2i1m,r1,R1@100,31,t2i1m_r1_mfnns_ef060_q240,broad,0.962,357921.9766,6705372,1,1,measured_completed_simulator,20260612/002_sift_t2i_ansmet_mfnns_r1_r100_frontier,simulator/memory/20260612/002_sift_t2i_ansmet_mfnns_r1_r100_frontier/TEST_RECORD.md,simulator/memory/20260612/002_sift_t2i_ansmet_mfnns_r1_r100_frontier/scripts/generate_submit_frontier.py,simulator/memory/20260612/002_sift_t2i_ansmet_mfnns_r1_r100_frontier/scripts/summarize_frontier.py,simulator/memory/20260613/006_mfnns_ansmet_lbq_juno_focused/scripts/summarize_lbq_tune.py,figure/evaluation/RTC/extract_rtc_data.py,simulator/memory/20260612/002_sift_t2i_ansmet_mfnns_r1_r100_frontier/case_manifest.tsv,simulator/memory/20260612/002_sift_t2i_ansmet_mfnns_r1_r100_frontier/yamls/t2i1m_r1_mfnns_ef060_q240.yaml,6642e14fbb84820772696f332b2e9df4dcabb6acee306e793e7ab5761fab64c0,simulator/memory/20260612/002_sift_t2i_ansmet_mfnns_r1_r100_frontier/logs/t2i1m_r1_mfnns_ef060_q240_stats.yml,b14b31c8a0126071b6924395efb7c2000749a19fefb02437ac6ca5f1125171a8,60,240,239,100,1,1000,1000,1,0,1,OpenRowPolicy,0.962,6705372,1000
T2I1M Recall@1,t2i1m,r1,R1@100,32,t2i1m_r1_mfnns_ef080_q160,broad,0.972,335252.1396,7158791,1,1,measured_completed_simulator,20260612/002_sift_t2i_ansmet_mfnns_r1_r100_frontier,simulator/memory/20260612/002_sift_t2i_ansmet_mfnns_r1_r100_frontier/TEST_RECORD.md,simulator/memory/20260612/002_sift_t2i_ansmet_mfnns_r1_r100_frontier/scripts/generate_submit_frontier.py,simulator/memory/20260612/002_sift_t2i_ansmet_mfnns_r1_r100_frontier/scripts/summarize_frontier.py,simulator/memory/20260613/006_mfnns_ansmet_lbq_juno_focused/scripts/summarize_lbq_tune.py,figure/evaluation/RTC/extract_rtc_data.py,simulator/memory/20260612/002_sift_t2i_ansmet_mfnns_r1_r100_frontier/case_manifest.tsv,simulator/memory/20260612/002_sift_t2i_ansmet_mfnns_r1_r100_frontier/yamls/t2i1m_r1_mfnns_ef080_q160.yaml,6bb955432ea41b1844757080f8f7083f671f40a67f6497cbaa2bc93ddc2f7fa2,simulator/memory/20260612/002_sift_t2i_ansmet_mfnns_r1_r100_frontier/logs/t2i1m_r1_mfnns_ef080_q160_stats.yml,a203992d240abfb36980c5b469f9b01e8e5f753a86d0da1d38d615df29d18ee8,80,160,159,100,1,1000,1000,1,0,1,OpenRowPolicy,0.972,7158791,1000
T2I1M Recall@1,t2i1m,r1,R1@100,33,t2i1m_r1_mfnns_ef080_q320,broad,0.977,256077.9296,9372147,1,1,measured_completed_simulator,20260612/002_sift_t2i_ansmet_mfnns_r1_r100_frontier,simulator/memory/20260612/002_sift_t2i_ansmet_mfnns_r1_r100_frontier/TEST_RECORD.md,simulator/memory/20260612/002_sift_t2i_ansmet_mfnns_r1_r100_frontier/scripts/generate_submit_frontier.py,simulator/memory/20260612/002_sift_t2i_ansmet_mfnns_r1_r100_frontier/scripts/summarize_frontier.py,simulator/memory/20260613/006_mfnns_ansmet_lbq_juno_focused/scripts/summarize_lbq_tune.py,figure/evaluation/RTC/extract_rtc_data.py,simulator/memory/20260612/002_sift_t2i_ansmet_mfnns_r1_r100_frontier/case_manifest.tsv,simulator/memory/20260612/002_sift_t2i_ansmet_mfnns_r1_r100_frontier/yamls/t2i1m_r1_mfnns_ef080_q320.yaml,79f51a1aa35dc0d07a9984f814ed1d9aacf3ad5631f39e1b8b4bd2806daa682c,simulator/memory/20260612/002_sift_t2i_ansmet_mfnns_r1_r100_frontier/logs/t2i1m_r1_mfnns_ef080_q320_stats.yml,0e0749a21cae03c69dec205422a17e4b2063796788b48eb6c36e9fc43b0965c0,80,320,319,100,1,1000,1000,1,0,1,OpenRowPolicy,0.977,9372147,1000
T2I1M Recall@1,t2i1m,r1,R1@100,34,t2i1m_r1_mfnns_ef100_q200,broad,0.978,254609.7358,9426191,1,1,measured_completed_simulator,20260612/002_sift_t2i_ansmet_mfnns_r1_r100_frontier,simulator/memory/20260612/002_sift_t2i_ansmet_mfnns_r1_r100_frontier/TEST_RECORD.md,simulator/memory/20260612/002_sift_t2i_ansmet_mfnns_r1_r100_frontier/scripts/generate_submit_frontier.py,simulator/memory/20260612/002_sift_t2i_ansmet_mfnns_r1_r100_frontier/scripts/summarize_frontier.py,simulator/memory/20260613/006_mfnns_ansmet_lbq_juno_focused/scripts/summarize_lbq_tune.py,figure/evaluation/RTC/extract_rtc_data.py,simulator/memory/20260612/002_sift_t2i_ansmet_mfnns_r1_r100_frontier/case_manifest.tsv,simulator/memory/20260612/002_sift_t2i_ansmet_mfnns_r1_r100_frontier/yamls/t2i1m_r1_mfnns_ef100_q200.yaml,939b1d958ceb0284b85f71314168fa9626d527437534b7df7c5c41add0568ec9,simulator/memory/20260612/002_sift_t2i_ansmet_mfnns_r1_r100_frontier/logs/t2i1m_r1_mfnns_ef100_q200_stats.yml,adfafe70e6744693883512d0813bc9a88fa826e96ee118f2aefba74b9d31f17c,100,200,199,100,1,1000,1000,1,0,1,OpenRowPolicy,0.978,9426191,1000
T2I1M Recall@1,t2i1m,r1,R1@100,35,t2i1m_r1_mfnns_highef_lowqps_ef120_q240,highef_lowqps,0.984,203253.9088,11807891,1,1,measured_completed_simulator,20260613/004_sift_t2i_mfnns_lowef_subef_frontier,simulator/memory/20260613/004_sift_t2i_mfnns_lowef_subef_frontier/TEST_RECORD.md,simulator/memory/20260613/004_sift_t2i_mfnns_lowef_subef_frontier/scripts/generate_submit_t2i_mfnns_refine.py,simulator/memory/20260613/004_sift_t2i_mfnns_lowef_subef_frontier/scripts/summarize_mfnns_frontier.py,simulator/memory/20260613/006_mfnns_ansmet_lbq_juno_focused/scripts/summarize_lbq_tune.py,figure/evaluation/RTC/extract_rtc_data.py,simulator/memory/20260613/004_sift_t2i_mfnns_lowef_subef_frontier/case_manifest.tsv,simulator/memory/20260613/004_sift_t2i_mfnns_lowef_subef_frontier/yamls/t2i1m_r1_mfnns_highef_lowqps_ef120_q240.yaml,601d7857b9beb4ae80559e8caac01780679669f0322b17e390ffd72fa2697fb0,simulator/memory/20260613/004_sift_t2i_mfnns_lowef_subef_frontier/logs/t2i1m_r1_mfnns_highef_lowqps_ef120_q240_stats.yml,0f1637e0203e51d087588ab56acb8d30a80da18557ff625b099978186627327a,120,240,239,100,1,1000,1000,1,0,1,OpenRowPolicy,0.984,11807891,1000
T2I1M Recall@1,t2i1m,r1,R1@100,36,t2i1m_r1_mfnns_highef_lowqps_ef120_q480,highef_lowqps,0.987,156772.4114,15308816,1,1,measured_completed_simulator,20260613/004_sift_t2i_mfnns_lowef_subef_frontier,simulator/memory/20260613/004_sift_t2i_mfnns_lowef_subef_frontier/TEST_RECORD.md,simulator/memory/20260613/004_sift_t2i_mfnns_lowef_subef_frontier/scripts/generate_submit_t2i_mfnns_refine.py,simulator/memory/20260613/004_sift_t2i_mfnns_lowef_subef_frontier/scripts/summarize_mfnns_frontier.py,simulator/memory/20260613/006_mfnns_ansmet_lbq_juno_focused/scripts/summarize_lbq_tune.py,figure/evaluation/RTC/extract_rtc_data.py,simulator/memory/20260613/004_sift_t2i_mfnns_lowef_subef_frontier/case_manifest.tsv,simulator/memory/20260613/004_sift_t2i_mfnns_lowef_subef_frontier/yamls/t2i1m_r1_mfnns_highef_lowqps_ef120_q480.yaml,e6c0588e7633018e25c0480030c64c9df5f6366d0680c7fa57207e987bb2b38d,simulator/memory/20260613/004_sift_t2i_mfnns_lowef_subef_frontier/logs/t2i1m_r1_mfnns_highef_lowqps_ef120_q480_stats.yml,f67ef02034f51d202b7f4dda995ad4f424b01353b3276e0a94caaa7a60efa004,120,480,479,100,1,1000,1000,1,0,1,OpenRowPolicy,0.987,15308816,1000
T2I1M Recall@1,t2i1m,r1,R1@100,37,t2i1m_r1_mfnns_highef_lowqps_ef150_q600,highef_lowqps,0.989,120499.5732,19917083,1,1,measured_completed_simulator,20260613/004_sift_t2i_mfnns_lowef_subef_frontier,simulator/memory/20260613/004_sift_t2i_mfnns_lowef_subef_frontier/TEST_RECORD.md,simulator/memory/20260613/004_sift_t2i_mfnns_lowef_subef_frontier/scripts/generate_submit_t2i_mfnns_refine.py,simulator/memory/20260613/004_sift_t2i_mfnns_lowef_subef_frontier/scripts/summarize_mfnns_frontier.py,simulator/memory/20260613/006_mfnns_ansmet_lbq_juno_focused/scripts/summarize_lbq_tune.py,figure/evaluation/RTC/extract_rtc_data.py,simulator/memory/20260613/004_sift_t2i_mfnns_lowef_subef_frontier/case_manifest.tsv,simulator/memory/20260613/004_sift_t2i_mfnns_lowef_subef_frontier/yamls/t2i1m_r1_mfnns_highef_lowqps_ef150_q600.yaml,343cbd89c0bb3d55e0c8875d048fb57a30e8f35bf70a10dad1c16b0ed86d59f6,simulator/memory/20260613/004_sift_t2i_mfnns_lowef_subef_frontier/logs/t2i1m_r1_mfnns_highef_lowqps_ef150_q600_stats.yml,f1cade17845faa5246f6974863c108fd46b858fbb9ad0244586e792331e61879,150,600,599,100,1,1000,1000,1,0,1,OpenRowPolicy,0.989,19917083,1000
SIFT1M Recall@100,sift1m,r100,R100@1000,1,sift1m_r100_mfnns_lbqfill_ef001_q032,lbqfill,0.16676,8750437.522,274272,1,0,measured_completed_simulator,20260613/006_mfnns_ansmet_lbq_juno_focused,simulator/memory/20260613/006_mfnns_ansmet_lbq_juno_focused/TEST_RECORD.md,simulator/memory/20260613/006_mfnns_ansmet_lbq_juno_focused/scripts/generate_submit_lbq_tune.py,simulator/memory/20260613/006_mfnns_ansmet_lbq_juno_focused/scripts/summarize_lbq_tune.py,simulator/memory/20260613/006_mfnns_ansmet_lbq_juno_focused/scripts/summarize_lbq_tune.py,figure/evaluation/RTC/extract_rtc_data.py,simulator/memory/20260613/006_mfnns_ansmet_lbq_juno_focused/case_manifest.tsv,simulator/memory/20260613/006_mfnns_ansmet_lbq_juno_focused/yamls/sift1m_r100_mfnns_lbqfill_ef001_q032.yaml,dcf8f7c5bccba8fccd83159e41e86d9df1f412ffa844e521e011b41ba12f78b3,simulator/memory/20260613/006_mfnns_ansmet_lbq_juno_focused/logs/sift1m_r100_mfnns_lbqfill_ef001_q032_stats.yml,de20743f40cc6c0c3894b6fc623d9a577d620845111cd1e8f48400bbf45a0156,1,32,31,100,100,1000,1000,1,0,1,OpenRowPolicy,0.16676,274272,1000
SIFT1M Recall@100,sift1m,r100,R100@1000,2,sift1m_r100_mfnns_lowef_ef001_q001,lowef,0.16725,8695746.693,275997,1,0,measured_completed_simulator,20260612/003_sift_mfnns_lowef_subef_pareto,simulator/memory/20260612/003_sift_mfnns_lowef_subef_pareto/TEST_RECORD.md,simulator/memory/20260612/003_sift_mfnns_lowef_subef_pareto/scripts/generate_submit_sift_mfnns_refine.py,simulator/memory/20260612/003_sift_mfnns_lowef_subef_pareto/scripts/summarize_sift_mfnns_refine.py,simulator/memory/20260613/006_mfnns_ansmet_lbq_juno_focused/scripts/summarize_lbq_tune.py,figure/evaluation/RTC/extract_rtc_data.py,simulator/memory/20260612/003_sift_mfnns_lowef_subef_pareto/case_manifest.tsv,simulator/memory/20260612/003_sift_mfnns_lowef_subef_pareto/yamls/sift1m_r100_mfnns_lowef_ef001_q001.yaml,eccf8245e512adb0c46bf92cd744306cc3f9c1f5af2a55b542b7e66b1a65de97,simulator/memory/20260612/003_sift_mfnns_lowef_subef_pareto/logs/sift1m_r100_mfnns_lowef_ef001_q001_stats.yml,de0c1558a0ab49e3c7543b7077450d8e655a552b894b4881fedfb78e648be4fd,1,1,0,100,100,1000,1000,1,0,1,OpenRowPolicy,0.16725,275997,1000
SIFT1M Recall@100,sift1m,r100,R100@1000,3,sift1m_r100_mfnns_lbqfill_ef002_q032,lbqfill,0.3302,6048051.771,396822,1,0,measured_completed_simulator,20260613/006_mfnns_ansmet_lbq_juno_focused,simulator/memory/20260613/006_mfnns_ansmet_lbq_juno_focused/TEST_RECORD.md,simulator/memory/20260613/006_mfnns_ansmet_lbq_juno_focused/scripts/generate_submit_lbq_tune.py,simulator/memory/20260613/006_mfnns_ansmet_lbq_juno_focused/scripts/summarize_lbq_tune.py,simulator/memory/20260613/006_mfnns_ansmet_lbq_juno_focused/scripts/summarize_lbq_tune.py,figure/evaluation/RTC/extract_rtc_data.py,simulator/memory/20260613/006_mfnns_ansmet_lbq_juno_focused/case_manifest.tsv,simulator/memory/20260613/006_mfnns_ansmet_lbq_juno_focused/yamls/sift1m_r100_mfnns_lbqfill_ef002_q032.yaml,9544e59f740736cff5809160938888f819ebee6159ecd7b7204e597f033f9b47,simulator/memory/20260613/006_mfnns_ansmet_lbq_juno_focused/logs/sift1m_r100_mfnns_lbqfill_ef002_q032_stats.yml,431d6d2be99fad40ce574fbe5acf9494d8ac1cabaf7490131f5f041dc2b89ee0,2,32,31,100,100,1000,1000,1,0,1,OpenRowPolicy,0.3302,396822,1000
SIFT1M Recall@100,sift1m,r100,R100@1000,4,sift1m_r100_mfnns_lbqfill_ef002_q064,lbqfill,0.33083,6029817.447,398022,1,0,measured_completed_simulator,20260613/006_mfnns_ansmet_lbq_juno_focused,simulator/memory/20260613/006_mfnns_ansmet_lbq_juno_focused/TEST_RECORD.md,simulator/memory/20260613/006_mfnns_ansmet_lbq_juno_focused/scripts/generate_submit_lbq_tune.py,simulator/memory/20260613/006_mfnns_ansmet_lbq_juno_focused/scripts/summarize_lbq_tune.py,simulator/memory/20260613/006_mfnns_ansmet_lbq_juno_focused/scripts/summarize_lbq_tune.py,figure/evaluation/RTC/extract_rtc_data.py,simulator/memory/20260613/006_mfnns_ansmet_lbq_juno_focused/case_manifest.tsv,simulator/memory/20260613/006_mfnns_ansmet_lbq_juno_focused/yamls/sift1m_r100_mfnns_lbqfill_ef002_q064.yaml,ff6ced4e2530d2c674ced7c23d135fb753f7a10ef9f7bc7e9e93875cb06f3ff8,simulator/memory/20260613/006_mfnns_ansmet_lbq_juno_focused/logs/sift1m_r100_mfnns_lbqfill_ef002_q064_stats.yml,fa2b4d7511d33d26c2f46252ed60c20cd86058eb6eaed3fd42e9828156149269,2,64,63,100,100,1000,1000,1,0,1,OpenRowPolicy,0.33083,398022,1000
SIFT1M Recall@100,sift1m,r100,R100@1000,5,sift1m_r100_mfnns_lowef_ef002_q001,lowef,0.33293,5816109.168,412647,1,0,measured_completed_simulator,20260612/003_sift_mfnns_lowef_subef_pareto,simulator/memory/20260612/003_sift_mfnns_lowef_subef_pareto/TEST_RECORD.md,simulator/memory/20260612/003_sift_mfnns_lowef_subef_pareto/scripts/generate_submit_sift_mfnns_refine.py,simulator/memory/20260612/003_sift_mfnns_lowef_subef_pareto/scripts/summarize_sift_mfnns_refine.py,simulator/memory/20260613/006_mfnns_ansmet_lbq_juno_focused/scripts/summarize_lbq_tune.py,figure/evaluation/RTC/extract_rtc_data.py,simulator/memory/20260612/003_sift_mfnns_lowef_subef_pareto/case_manifest.tsv,simulator/memory/20260612/003_sift_mfnns_lowef_subef_pareto/yamls/sift1m_r100_mfnns_lowef_ef002_q001.yaml,0659920e44b6c6884aa1f3c517ec60ca274044221fa3f09443e18004394572d1,simulator/memory/20260612/003_sift_mfnns_lowef_subef_pareto/logs/sift1m_r100_mfnns_lowef_ef002_q001_stats.yml,775fdb779afdd8cfac3aa527389cd94076400e9254727b519ac7935d169bff40,2,1,0,100,100,1000,1000,1,0,1,OpenRowPolicy,0.33293,412647,1000
SIFT1M Recall@100,sift1m,r100,R100@1000,6,sift1m_r100_mfnns_lowef_ef003_q003,lowef,0.42973,4687298.593,512022,1,1,measured_completed_simulator,20260612/003_sift_mfnns_lowef_subef_pareto,simulator/memory/20260612/003_sift_mfnns_lowef_subef_pareto/TEST_RECORD.md,simulator/memory/20260612/003_sift_mfnns_lowef_subef_pareto/scripts/generate_submit_sift_mfnns_refine.py,simulator/memory/20260612/003_sift_mfnns_lowef_subef_pareto/scripts/summarize_sift_mfnns_refine.py,simulator/memory/20260613/006_mfnns_ansmet_lbq_juno_focused/scripts/summarize_lbq_tune.py,figure/evaluation/RTC/extract_rtc_data.py,simulator/memory/20260612/003_sift_mfnns_lowef_subef_pareto/case_manifest.tsv,simulator/memory/20260612/003_sift_mfnns_lowef_subef_pareto/yamls/sift1m_r100_mfnns_lowef_ef003_q003.yaml,ec49b6f072baf21b0e881eab5921c6c8ec2c259c41a7359170a3ae5c2d2a83cf,simulator/memory/20260612/003_sift_mfnns_lowef_subef_pareto/logs/sift1m_r100_mfnns_lowef_ef003_q003_stats.yml,abaeb70c3e742b544bcd7709bf2c71695d4592b9a7ff5b99f85a9c533f205cdf,3,3,2,100,100,1000,1000,1,0,1,OpenRowPolicy,0.42973,512022,1000
SIFT1M Recall@100,sift1m,r100,R100@1000,7,sift1m_r100_mfnns_lbqfill_ef003_q048,lbqfill,0.43005,4673606.973,513522,1,1,measured_completed_simulator,20260613/006_mfnns_ansmet_lbq_juno_focused,simulator/memory/20260613/006_mfnns_ansmet_lbq_juno_focused/TEST_RECORD.md,simulator/memory/20260613/006_mfnns_ansmet_lbq_juno_focused/scripts/generate_submit_lbq_tune.py,simulator/memory/20260613/006_mfnns_ansmet_lbq_juno_focused/scripts/summarize_lbq_tune.py,simulator/memory/20260613/006_mfnns_ansmet_lbq_juno_focused/scripts/summarize_lbq_tune.py,figure/evaluation/RTC/extract_rtc_data.py,simulator/memory/20260613/006_mfnns_ansmet_lbq_juno_focused/case_manifest.tsv,simulator/memory/20260613/006_mfnns_ansmet_lbq_juno_focused/yamls/sift1m_r100_mfnns_lbqfill_ef003_q048.yaml,61c4dacb78d7fba066439e636faabf6b86821899929e86515ad7289e4e3b940d,simulator/memory/20260613/006_mfnns_ansmet_lbq_juno_focused/logs/sift1m_r100_mfnns_lbqfill_ef003_q048_stats.yml,491eca2f17b8d75b5119b8395da85e1e02ed3d61645b19d4a0fab8b62efac3af,3,48,47,100,100,1000,1000,1,0,1,OpenRowPolicy,0.43005,513522,1000
SIFT1M Recall@100,sift1m,r100,R100@1000,8,sift1m_r100_mfnns_lbqfill_ef003_q096,lbqfill,0.43128,4617631.271,519747,1,1,measured_completed_simulator,20260613/006_mfnns_ansmet_lbq_juno_focused,simulator/memory/20260613/006_mfnns_ansmet_lbq_juno_focused/TEST_RECORD.md,simulator/memory/20260613/006_mfnns_ansmet_lbq_juno_focused/scripts/generate_submit_lbq_tune.py,simulator/memory/20260613/006_mfnns_ansmet_lbq_juno_focused/scripts/summarize_lbq_tune.py,simulator/memory/20260613/006_mfnns_ansmet_lbq_juno_focused/scripts/summarize_lbq_tune.py,figure/evaluation/RTC/extract_rtc_data.py,simulator/memory/20260613/006_mfnns_ansmet_lbq_juno_focused/case_manifest.tsv,simulator/memory/20260613/006_mfnns_ansmet_lbq_juno_focused/yamls/sift1m_r100_mfnns_lbqfill_ef003_q096.yaml,df3e0bbe242aa34aa5f9b6fbe0028c6bf193eaefe2d088235cded36de10578a4,simulator/memory/20260613/006_mfnns_ansmet_lbq_juno_focused/logs/sift1m_r100_mfnns_lbqfill_ef003_q096_stats.yml,e0a61c591dc6d14a8a5daa38c282082ab0bbb0334c9fa1c20fca1b11f6c5e07a,3,96,95,100,100,1000,1000,1,0,1,OpenRowPolicy,0.43128,519747,1000
SIFT1M Recall@100,sift1m,r100,R100@1000,9,sift1m_r100_mfnns_lowef_ef003_q001,lowef,0.43459,4364453.707,549897,1,1,measured_completed_simulator,20260612/003_sift_mfnns_lowef_subef_pareto,simulator/memory/20260612/003_sift_mfnns_lowef_subef_pareto/TEST_RECORD.md,simulator/memory/20260612/003_sift_mfnns_lowef_subef_pareto/scripts/generate_submit_sift_mfnns_refine.py,simulator/memory/20260612/003_sift_mfnns_lowef_subef_pareto/scripts/summarize_sift_mfnns_refine.py,simulator/memory/20260613/006_mfnns_ansmet_lbq_juno_focused/scripts/summarize_lbq_tune.py,figure/evaluation/RTC/extract_rtc_data.py,simulator/memory/20260612/003_sift_mfnns_lowef_subef_pareto/case_manifest.tsv,simulator/memory/20260612/003_sift_mfnns_lowef_subef_pareto/yamls/sift1m_r100_mfnns_lowef_ef003_q001.yaml,6c054d332fd485d7495456d49a3ba2f1be67cd0c014fe98f6cb2ee57e9ec6a92,simulator/memory/20260612/003_sift_mfnns_lowef_subef_pareto/logs/sift1m_r100_mfnns_lowef_ef003_q001_stats.yml,9bf8542e6a64def8568bcad8788273b14d80c214af6d6232ca0ed3ea84b4d4e9,3,1,0,100,100,1000,1000,1,0,1,OpenRowPolicy,0.43459,549897,1000
SIFT1M Recall@100,sift1m,r100,R100@1000,10,sift1m_r100_mfnns_lowef_ef004_q016,lowef,0.50176,4017597.075,597372,1,1,measured_completed_simulator,20260612/003_sift_mfnns_lowef_subef_pareto,simulator/memory/20260612/003_sift_mfnns_lowef_subef_pareto/TEST_RECORD.md,simulator/memory/20260612/003_sift_mfnns_lowef_subef_pareto/scripts/generate_submit_sift_mfnns_refine.py,simulator/memory/20260612/003_sift_mfnns_lowef_subef_pareto/scripts/summarize_sift_mfnns_refine.py,simulator/memory/20260613/006_mfnns_ansmet_lbq_juno_focused/scripts/summarize_lbq_tune.py,figure/evaluation/RTC/extract_rtc_data.py,simulator/memory/20260612/003_sift_mfnns_lowef_subef_pareto/case_manifest.tsv,simulator/memory/20260612/003_sift_mfnns_lowef_subef_pareto/yamls/sift1m_r100_mfnns_lowef_ef004_q016.yaml,c031b2c9df995ec8f0a80675f1dbcb45b601db348b4509a1a21f1c90f7ea9d34,simulator/memory/20260612/003_sift_mfnns_lowef_subef_pareto/logs/sift1m_r100_mfnns_lowef_ef004_q016_stats.yml,d8f6c5ed9f2830afa499aacb2266d0f226437df2ad448853788df194cdaeeb56,4,16,15,100,100,1000,1000,1,0,1,OpenRowPolicy,0.50176,597372,1000
SIFT1M Recall@100,sift1m,r100,R100@1000,11,sift1m_r100_mfnns_lowef_ef004_q002,lowef,0.50213,4016588.511,597522,1,1,measured_completed_simulator,20260612/003_sift_mfnns_lowef_subef_pareto,simulator/memory/20260612/003_sift_mfnns_lowef_subef_pareto/TEST_RECORD.md,simulator/memory/20260612/003_sift_mfnns_lowef_subef_pareto/scripts/generate_submit_sift_mfnns_refine.py,simulator/memory/20260612/003_sift_mfnns_lowef_subef_pareto/scripts/summarize_sift_mfnns_refine.py,simulator/memory/20260613/006_mfnns_ansmet_lbq_juno_focused/scripts/summarize_lbq_tune.py,figure/evaluation/RTC/extract_rtc_data.py,simulator/memory/20260612/003_sift_mfnns_lowef_subef_pareto/case_manifest.tsv,simulator/memory/20260612/003_sift_mfnns_lowef_subef_pareto/yamls/sift1m_r100_mfnns_lowef_ef004_q002.yaml,71e7b4076d7851b8732272761cd129ac373f758a1b5d56e5d4ff8c7e89b6f69b,simulator/memory/20260612/003_sift_mfnns_lowef_subef_pareto/logs/sift1m_r100_mfnns_lowef_ef004_q002_stats.yml,37fe78847455a8da4fd1aba838bdcd52b1b3e7314a92a35facb18042e1e6fe89,4,2,1,100,100,1000,1000,1,0,1,OpenRowPolicy,0.50213,597522,1000
SIFT1M Recall@100,sift1m,r100,R100@1000,12,sift1m_r100_mfnns_lbqfill_ef004_q032,lbqfill,0.50236,4006029.074,599097,1,1,measured_completed_simulator,20260613/006_mfnns_ansmet_lbq_juno_focused,simulator/memory/20260613/006_mfnns_ansmet_lbq_juno_focused/TEST_RECORD.md,simulator/memory/20260613/006_mfnns_ansmet_lbq_juno_focused/scripts/generate_submit_lbq_tune.py,simulator/memory/20260613/006_mfnns_ansmet_lbq_juno_focused/scripts/summarize_lbq_tune.py,simulator/memory/20260613/006_mfnns_ansmet_lbq_juno_focused/scripts/summarize_lbq_tune.py,figure/evaluation/RTC/extract_rtc_data.py,simulator/memory/20260613/006_mfnns_ansmet_lbq_juno_focused/case_manifest.tsv,simulator/memory/20260613/006_mfnns_ansmet_lbq_juno_focused/yamls/sift1m_r100_mfnns_lbqfill_ef004_q032.yaml,036d114a7aabd74b1c7eb05e06891857977699b7390ef538090f9d943b7177d8,simulator/memory/20260613/006_mfnns_ansmet_lbq_juno_focused/logs/sift1m_r100_mfnns_lbqfill_ef004_q032_stats.yml,5a5d18414610b1d60d463f94418f3d46f426168ede3a6cb32db1bc2ef2d6fd4e,4,32,31,100,100,1000,1000,1,0,1,OpenRowPolicy,0.50236,599097,1000
SIFT1M Recall@100,sift1m,r100,R100@1000,13,sift1m_r100_mfnns_lbqfill_ef004_q064,lbqfill,0.50296,3989050.058,601647,1,1,measured_completed_simulator,20260613/006_mfnns_ansmet_lbq_juno_focused,simulator/memory/20260613/006_mfnns_ansmet_lbq_juno_focused/TEST_RECORD.md,simulator/memory/20260613/006_mfnns_ansmet_lbq_juno_focused/scripts/generate_submit_lbq_tune.py,simulator/memory/20260613/006_mfnns_ansmet_lbq_juno_focused/scripts/summarize_lbq_tune.py,simulator/memory/20260613/006_mfnns_ansmet_lbq_juno_focused/scripts/summarize_lbq_tune.py,figure/evaluation/RTC/extract_rtc_data.py,simulator/memory/20260613/006_mfnns_ansmet_lbq_juno_focused/case_manifest.tsv,simulator/memory/20260613/006_mfnns_ansmet_lbq_juno_focused/yamls/sift1m_r100_mfnns_lbqfill_ef004_q064.yaml,3aabfc539b586f399219d7fcf13b733c6993fc1ca5097119bcb45f8f1b798769,simulator/memory/20260613/006_mfnns_ansmet_lbq_juno_focused/logs/sift1m_r100_mfnns_lbqfill_ef004_q064_stats.yml,5885d7876fb56c54c21428210e0edbc12a911d63139228f292e5e719aa5f19d2,4,64,63,100,100,1000,1000,1,0,1,OpenRowPolicy,0.50296,601647,1000
SIFT1M Recall@100,sift1m,r100,R100@1000,14,sift1m_r100_mfnns_lbqfill_ef004_q128,lbqfill,0.50478,3934123.109,610047,1,1,measured_completed_simulator,20260613/006_mfnns_ansmet_lbq_juno_focused,simulator/memory/20260613/006_mfnns_ansmet_lbq_juno_focused/TEST_RECORD.md,simulator/memory/20260613/006_mfnns_ansmet_lbq_juno_focused/scripts/generate_submit_lbq_tune.py,simulator/memory/20260613/006_mfnns_ansmet_lbq_juno_focused/scripts/summarize_lbq_tune.py,simulator/memory/20260613/006_mfnns_ansmet_lbq_juno_focused/scripts/summarize_lbq_tune.py,figure/evaluation/RTC/extract_rtc_data.py,simulator/memory/20260613/006_mfnns_ansmet_lbq_juno_focused/case_manifest.tsv,simulator/memory/20260613/006_mfnns_ansmet_lbq_juno_focused/yamls/sift1m_r100_mfnns_lbqfill_ef004_q128.yaml,a6fdf97f65bd98be40a1f55450961c8c572e26c640275a6c031ee1ef8d0a866b,simulator/memory/20260613/006_mfnns_ansmet_lbq_juno_focused/logs/sift1m_r100_mfnns_lbqfill_ef004_q128_stats.yml,a8ea4188f9afc24a92c37c8112201a159c995334c1bb0ec1da795ccc104eb1b5,4,128,127,100,100,1000,1000,1,0,1,OpenRowPolicy,0.50478,610047,1000
SIFT1M Recall@100,sift1m,r100,R100@1000,15,sift1m_r100_mfnns_lowef_ef004_q001,lowef,0.50809,3735280.66,642522,1,1,measured_completed_simulator,20260612/003_sift_mfnns_lowef_subef_pareto,simulator/memory/20260612/003_sift_mfnns_lowef_subef_pareto/TEST_RECORD.md,simulator/memory/20260612/003_sift_mfnns_lowef_subef_pareto/scripts/generate_submit_sift_mfnns_refine.py,simulator/memory/20260612/003_sift_mfnns_lowef_subef_pareto/scripts/summarize_sift_mfnns_refine.py,simulator/memory/20260613/006_mfnns_ansmet_lbq_juno_focused/scripts/summarize_lbq_tune.py,figure/evaluation/RTC/extract_rtc_data.py,simulator/memory/20260612/003_sift_mfnns_lowef_subef_pareto/case_manifest.tsv,simulator/memory/20260612/003_sift_mfnns_lowef_subef_pareto/yamls/sift1m_r100_mfnns_lowef_ef004_q001.yaml,3c7e950f0796fec837cd884774b1b1d958f90276e41eb4827024f0b2cfe54c60,simulator/memory/20260612/003_sift_mfnns_lowef_subef_pareto/logs/sift1m_r100_mfnns_lowef_ef004_q001_stats.yml,f46eab67b2e08062410a0b6e1b4b9d06862d8aa0f78390d512119db6e7747c73,4,1,0,100,100,1000,1000,1,0,1,OpenRowPolicy,0.50809,642522,1000
SIFT1M Recall@100,sift1m,r100,R100@1000,16,sift1m_r100_mfnns_lbqfill_ef005_q010,lbqfill,0.55662,3580635.921,670272,1,1,measured_completed_simulator,20260613/006_mfnns_ansmet_lbq_juno_focused,simulator/memory/20260613/006_mfnns_ansmet_lbq_juno_focused/TEST_RECORD.md,simulator/memory/20260613/006_mfnns_ansmet_lbq_juno_focused/scripts/generate_submit_lbq_tune.py,simulator/memory/20260613/006_mfnns_ansmet_lbq_juno_focused/scripts/summarize_lbq_tune.py,simulator/memory/20260613/006_mfnns_ansmet_lbq_juno_focused/scripts/summarize_lbq_tune.py,figure/evaluation/RTC/extract_rtc_data.py,simulator/memory/20260613/006_mfnns_ansmet_lbq_juno_focused/case_manifest.tsv,simulator/memory/20260613/006_mfnns_ansmet_lbq_juno_focused/yamls/sift1m_r100_mfnns_lbqfill_ef005_q010.yaml,832421eac6d0c2582e33c5713e029b01f3f93861dad6a45f27262730a349b901,simulator/memory/20260613/006_mfnns_ansmet_lbq_juno_focused/logs/sift1m_r100_mfnns_lbqfill_ef005_q010_stats.yml,b5681a7a87567333e78a1921e23b9e36eaec56ce931d0675b5ebcb3a2ca953d4,5,10,9,100,100,1000,1000,1,0,1,OpenRowPolicy,0.55662,670272,1000
SIFT1M Recall@100,sift1m,r100,R100@1000,17,sift1m_r100_mfnns_lbqfill_ef005_q040,lbqfill,0.5568,3578633.767,670647,1,1,measured_completed_simulator,20260613/006_mfnns_ansmet_lbq_juno_focused,simulator/memory/20260613/006_mfnns_ansmet_lbq_juno_focused/TEST_RECORD.md,simulator/memory/20260613/006_mfnns_ansmet_lbq_juno_focused/scripts/generate_submit_lbq_tune.py,simulator/memory/20260613/006_mfnns_ansmet_lbq_juno_focused/scripts/summarize_lbq_tune.py,simulator/memory/20260613/006_mfnns_ansmet_lbq_juno_focused/scripts/summarize_lbq_tune.py,figure/evaluation/RTC/extract_rtc_data.py,simulator/memory/20260613/006_mfnns_ansmet_lbq_juno_focused/case_manifest.tsv,simulator/memory/20260613/006_mfnns_ansmet_lbq_juno_focused/yamls/sift1m_r100_mfnns_lbqfill_ef005_q040.yaml,5b5581777dc0155aa591d92ba0c9a284299ebcf5c1715c73a92174efdc3ad550,simulator/memory/20260613/006_mfnns_ansmet_lbq_juno_focused/logs/sift1m_r100_mfnns_lbqfill_ef005_q040_stats.yml,51af2c22c9b6e7bd8c62482e816899076725cb86cb0eb7be14637d7195876b66,5,40,39,100,100,1000,1000,1,0,1,OpenRowPolicy,0.5568,670647,1000
SIFT1M Recall@100,sift1m,r100,R100@1000,18,sift1m_r100_mfnns_lbqfill_ef005_q080,lbqfill,0.5583,3558734.692,674397,1,1,measured_completed_simulator,20260613/006_mfnns_ansmet_lbq_juno_focused,simulator/memory/20260613/006_mfnns_ansmet_lbq_juno_focused/TEST_RECORD.md,simulator/memory/20260613/006_mfnns_ansmet_lbq_juno_focused/scripts/generate_submit_lbq_tune.py,simulator/memory/20260613/006_mfnns_ansmet_lbq_juno_focused/scripts/summarize_lbq_tune.py,simulator/memory/20260613/006_mfnns_ansmet_lbq_juno_focused/scripts/summarize_lbq_tune.py,figure/evaluation/RTC/extract_rtc_data.py,simulator/memory/20260613/006_mfnns_ansmet_lbq_juno_focused/case_manifest.tsv,simulator/memory/20260613/006_mfnns_ansmet_lbq_juno_focused/yamls/sift1m_r100_mfnns_lbqfill_ef005_q080.yaml,946f0c1a5d265c03198e0a9ee24059714d1262575d5984303f17ceb23666b4ef,simulator/memory/20260613/006_mfnns_ansmet_lbq_juno_focused/logs/sift1m_r100_mfnns_lbqfill_ef005_q080_stats.yml,3f1d4a9a273dea572fc35833252a1b41fbf132f416e5140118b9761ef2029437,5,80,79,100,100,1000,1000,1,0,1,OpenRowPolicy,0.5583,674397,1000
SIFT1M Recall@100,sift1m,r100,R100@1000,19,sift1m_r100_mfnns_lbqfill_ef005_q160,lbqfill,0.56056,3448662.35,695922,1,1,measured_completed_simulator,20260613/006_mfnns_ansmet_lbq_juno_focused,simulator/memory/20260613/006_mfnns_ansmet_lbq_juno_focused/TEST_RECORD.md,simulator/memory/20260613/006_mfnns_ansmet_lbq_juno_focused/scripts/generate_submit_lbq_tune.py,simulator/memory/20260613/006_mfnns_ansmet_lbq_juno_focused/scripts/summarize_lbq_tune.py,simulator/memory/20260613/006_mfnns_ansmet_lbq_juno_focused/scripts/summarize_lbq_tune.py,figure/evaluation/RTC/extract_rtc_data.py,simulator/memory/20260613/006_mfnns_ansmet_lbq_juno_focused/case_manifest.tsv,simulator/memory/20260613/006_mfnns_ansmet_lbq_juno_focused/yamls/sift1m_r100_mfnns_lbqfill_ef005_q160.yaml,0c215b10939182662be4beddb64840312383af52123213aeba4a53aaaeca3dec,simulator/memory/20260613/006_mfnns_ansmet_lbq_juno_focused/logs/sift1m_r100_mfnns_lbqfill_ef005_q160_stats.yml,3df503cd9ba4652c6f148fc224c9421d6598050dedd8ca707a9865dd00166cd9,5,160,159,100,100,1000,1000,1,0,1,OpenRowPolicy,0.56056,695922,1000
SIFT1M Recall@100,sift1m,r100,R100@1000,20,sift1m_r100_mfnns_lowef_ef005_q001,lowef,0.564,3291178.818,729222,1,1,measured_completed_simulator,20260612/003_sift_mfnns_lowef_subef_pareto,simulator/memory/20260612/003_sift_mfnns_lowef_subef_pareto/TEST_RECORD.md,simulator/memory/20260612/003_sift_mfnns_lowef_subef_pareto/scripts/generate_submit_sift_mfnns_refine.py,simulator/memory/20260612/003_sift_mfnns_lowef_subef_pareto/scripts/summarize_sift_mfnns_refine.py,simulator/memory/20260613/006_mfnns_ansmet_lbq_juno_focused/scripts/summarize_lbq_tune.py,figure/evaluation/RTC/extract_rtc_data.py,simulator/memory/20260612/003_sift_mfnns_lowef_subef_pareto/case_manifest.tsv,simulator/memory/20260612/003_sift_mfnns_lowef_subef_pareto/yamls/sift1m_r100_mfnns_lowef_ef005_q001.yaml,4c189101f1fbd84222d2097ef502558133cc7d8182245b159dca1d748bbe051f,simulator/memory/20260612/003_sift_mfnns_lowef_subef_pareto/logs/sift1m_r100_mfnns_lowef_ef005_q001_stats.yml,241c5be7dbe015dd9efaafb67181f9b0a318af2689b73af641a73c47515024d1,5,1,0,100,100,1000,1000,1,0,1,OpenRowPolicy,0.564,729222,1000
SIFT1M Recall@100,sift1m,r100,R100@1000,21,sift1m_r100_mfnns_lbqfill_ef006_q012,lbqfill,0.6034,3253699.049,737622,1,1,measured_completed_simulator,20260613/006_mfnns_ansmet_lbq_juno_focused,simulator/memory/20260613/006_mfnns_ansmet_lbq_juno_focused/TEST_RECORD.md,simulator/memory/20260613/006_mfnns_ansmet_lbq_juno_focused/scripts/generate_submit_lbq_tune.py,simulator/memory/20260613/006_mfnns_ansmet_lbq_juno_focused/scripts/summarize_lbq_tune.py,simulator/memory/20260613/006_mfnns_ansmet_lbq_juno_focused/scripts/summarize_lbq_tune.py,figure/evaluation/RTC/extract_rtc_data.py,simulator/memory/20260613/006_mfnns_ansmet_lbq_juno_focused/case_manifest.tsv,simulator/memory/20260613/006_mfnns_ansmet_lbq_juno_focused/yamls/sift1m_r100_mfnns_lbqfill_ef006_q012.yaml,83059a036698330b62e1f0752e59a44ac584e1bef0b01579478b7a76a5b9886f,simulator/memory/20260613/006_mfnns_ansmet_lbq_juno_focused/logs/sift1m_r100_mfnns_lbqfill_ef006_q012_stats.yml,7dba736bd6ec5ff995488505b99bebfd5202ff7d970585be0df29396ad2e2a6d,6,12,11,100,100,1000,1000,1,0,1,OpenRowPolicy,0.6034,737622,1000
SIFT1M Recall@100,sift1m,r100,R100@1000,22,sift1m_r100_mfnns_lowef_ef006_q003,lowef,0.60353,3251054.561,738222,1,1,measured_completed_simulator,20260612/003_sift_mfnns_lowef_subef_pareto,simulator/memory/20260612/003_sift_mfnns_lowef_subef_pareto/TEST_RECORD.md,simulator/memory/20260612/003_sift_mfnns_lowef_subef_pareto/scripts/generate_submit_sift_mfnns_refine.py,simulator/memory/20260612/003_sift_mfnns_lowef_subef_pareto/scripts/summarize_sift_mfnns_refine.py,simulator/memory/20260613/006_mfnns_ansmet_lbq_juno_focused/scripts/summarize_lbq_tune.py,figure/evaluation/RTC/extract_rtc_data.py,simulator/memory/20260612/003_sift_mfnns_lowef_subef_pareto/case_manifest.tsv,simulator/memory/20260612/003_sift_mfnns_lowef_subef_pareto/yamls/sift1m_r100_mfnns_lowef_ef006_q003.yaml,cebfc1b59538567986bb5f9862892cfebc92d39fc9ce1dbbfc8e619e1e26596e,simulator/memory/20260612/003_sift_mfnns_lowef_subef_pareto/logs/sift1m_r100_mfnns_lowef_ef006_q003_stats.yml,b6237b1ae215d435ce2872ee6b56295ff066b6a75b6928e8b80150388cea60cf,6,3,2,100,100,1000,1000,1,0,1,OpenRowPolicy,0.60353,738222,1000
SIFT1M Recall@100,sift1m,r100,R100@1000,23,sift1m_r100_mfnns_lbqfill_ef006_q096,lbqfill,0.60455,3193944.282,751422,1,1,measured_completed_simulator,20260613/006_mfnns_ansmet_lbq_juno_focused,simulator/memory/20260613/006_mfnns_ansmet_lbq_juno_focused/TEST_RECORD.md,simulator/memory/20260613/006_mfnns_ansmet_lbq_juno_focused/scripts/generate_submit_lbq_tune.py,simulator/memory/20260613/006_mfnns_ansmet_lbq_juno_focused/scripts/summarize_lbq_tune.py,simulator/memory/20260613/006_mfnns_ansmet_lbq_juno_focused/scripts/summarize_lbq_tune.py,figure/evaluation/RTC/extract_rtc_data.py,simulator/memory/20260613/006_mfnns_ansmet_lbq_juno_focused/case_manifest.tsv,simulator/memory/20260613/006_mfnns_ansmet_lbq_juno_focused/yamls/sift1m_r100_mfnns_lbqfill_ef006_q096.yaml,7cbcbccc0d1a9867e53c1e59baa911acaf94b651a6e9c917b4184442ec2ee29a,simulator/memory/20260613/006_mfnns_ansmet_lbq_juno_focused/logs/sift1m_r100_mfnns_lbqfill_ef006_q096_stats.yml,2569285d1dada737d0418c8e7d94c9dc2726251b61e1481c7c6f9f841889b6fb,6,96,95,100,100,1000,1000,1,0,1,OpenRowPolicy,0.60455,751422,1000
SIFT1M Recall@100,sift1m,r100,R100@1000,24,sift1m_r100_mfnns_lbqfill_ef006_q192,lbqfill,0.60709,3057239.16,785022,1,1,measured_completed_simulator,20260613/006_mfnns_ansmet_lbq_juno_focused,simulator/memory/20260613/006_mfnns_ansmet_lbq_juno_focused/TEST_RECORD.md,simulator/memory/20260613/006_mfnns_ansmet_lbq_juno_focused/scripts/generate_submit_lbq_tune.py,simulator/memory/20260613/006_mfnns_ansmet_lbq_juno_focused/scripts/summarize_lbq_tune.py,simulator/memory/20260613/006_mfnns_ansmet_lbq_juno_focused/scripts/summarize_lbq_tune.py,figure/evaluation/RTC/extract_rtc_data.py,simulator/memory/20260613/006_mfnns_ansmet_lbq_juno_focused/case_manifest.tsv,simulator/memory/20260613/006_mfnns_ansmet_lbq_juno_focused/yamls/sift1m_r100_mfnns_lbqfill_ef006_q192.yaml,9aaaa36d99c9b896251556a066d5005b4bd014f9f48dc0cf86412d12dcd854a7,simulator/memory/20260613/006_mfnns_ansmet_lbq_juno_focused/logs/sift1m_r100_mfnns_lbqfill_ef006_q192_stats.yml,3e5dd78eed7976dde8415119bf36c93be4b48fbb516a3c06beeef1b44d08a2e8,6,192,191,100,100,1000,1000,1,0,1,OpenRowPolicy,0.60709,785022,1000
SIFT1M Recall@100,sift1m,r100,R100@1000,25,sift1m_r100_mfnns_lowef_ef006_q001,lowef,0.6105,2918919.708,822222,1,1,measured_completed_simulator,20260612/003_sift_mfnns_lowef_subef_pareto,simulator/memory/20260612/003_sift_mfnns_lowef_subef_pareto/TEST_RECORD.md,simulator/memory/20260612/003_sift_mfnns_lowef_subef_pareto/scripts/generate_submit_sift_mfnns_refine.py,simulator/memory/20260612/003_sift_mfnns_lowef_subef_pareto/scripts/summarize_sift_mfnns_refine.py,simulator/memory/20260613/006_mfnns_ansmet_lbq_juno_focused/scripts/summarize_lbq_tune.py,figure/evaluation/RTC/extract_rtc_data.py,simulator/memory/20260612/003_sift_mfnns_lowef_subef_pareto/case_manifest.tsv,simulator/memory/20260612/003_sift_mfnns_lowef_subef_pareto/yamls/sift1m_r100_mfnns_lowef_ef006_q001.yaml,d56e3507358a11b9f4c72345b24da857c6f9c19fd4fd0ed0bb2c608ca4b058f9,simulator/memory/20260612/003_sift_mfnns_lowef_subef_pareto/logs/sift1m_r100_mfnns_lowef_ef006_q001_stats.yml,6c392d76931f0fcbe2315c30a183527b5382ccd0ecf2e49db179eedc8d797e04,6,1,0,100,100,1000,1000,1,0,1,OpenRowPolicy,0.6105,822222,1000
SIFT1M Recall@100,sift1m,r100,R100@1000,26,sift1m_r100_mfnns_lbqfill_ef008_q064,lbqfill,0.67591,2827364.649,848847,1,1,measured_completed_simulator,20260613/006_mfnns_ansmet_lbq_juno_focused,simulator/memory/20260613/006_mfnns_ansmet_lbq_juno_focused/TEST_RECORD.md,simulator/memory/20260613/006_mfnns_ansmet_lbq_juno_focused/scripts/generate_submit_lbq_tune.py,simulator/memory/20260613/006_mfnns_ansmet_lbq_juno_focused/scripts/summarize_lbq_tune.py,simulator/memory/20260613/006_mfnns_ansmet_lbq_juno_focused/scripts/summarize_lbq_tune.py,figure/evaluation/RTC/extract_rtc_data.py,simulator/memory/20260613/006_mfnns_ansmet_lbq_juno_focused/case_manifest.tsv,simulator/memory/20260613/006_mfnns_ansmet_lbq_juno_focused/yamls/sift1m_r100_mfnns_lbqfill_ef008_q064.yaml,b0b251c4f64c76c172698ac2c26963530e5fb7530275d7f2bd144d1d90f0bf4b,simulator/memory/20260613/006_mfnns_ansmet_lbq_juno_focused/logs/sift1m_r100_mfnns_lbqfill_ef008_q064_stats.yml,c13b71bd17577502f6827efb3aac76b9ba095094d4142aca5c78c4461d6de04a,8,64,63,100,100,1000,1000,1,0,1,OpenRowPolicy,0.67591,848847,1000
SIFT1M Recall@100,sift1m,r100,R100@1000,27,sift1m_r100_mfnns_lowef_ef008_q032,lowef,0.67595,2788194.783,860772,1,1,measured_completed_simulator,20260612/003_sift_mfnns_lowef_subef_pareto,simulator/memory/20260612/003_sift_mfnns_lowef_subef_pareto/TEST_RECORD.md,simulator/memory/20260612/003_sift_mfnns_lowef_subef_pareto/scripts/generate_submit_sift_mfnns_refine.py,simulator/memory/20260612/003_sift_mfnns_lowef_subef_pareto/scripts/summarize_sift_mfnns_refine.py,simulator/memory/20260613/006_mfnns_ansmet_lbq_juno_focused/scripts/summarize_lbq_tune.py,figure/evaluation/RTC/extract_rtc_data.py,simulator/memory/20260612/003_sift_mfnns_lowef_subef_pareto/case_manifest.tsv,simulator/memory/20260612/003_sift_mfnns_lowef_subef_pareto/yamls/sift1m_r100_mfnns_lowef_ef008_q032.yaml,dce85f04463e1067f7e869e243811bd3c6d4438718537a742b44491fd7aa24fb,simulator/memory/20260612/003_sift_mfnns_lowef_subef_pareto/logs/sift1m_r100_mfnns_lowef_ef008_q032_stats.yml,4db86a86e9dc2ff307c358f349df6c23ee258d078fb7aee4d74467e4256cf75b,8,32,31,100,100,1000,1000,1,0,1,OpenRowPolicy,0.67595,860772,1000
SIFT1M Recall@100,sift1m,r100,R100@1000,28,sift1m_r100_mfnns_lbqfill_ef008_q128,lbqfill,0.67777,2694745.919,890622,1,1,measured_completed_simulator,20260613/006_mfnns_ansmet_lbq_juno_focused,simulator/memory/20260613/006_mfnns_ansmet_lbq_juno_focused/TEST_RECORD.md,simulator/memory/20260613/006_mfnns_ansmet_lbq_juno_focused/scripts/generate_submit_lbq_tune.py,simulator/memory/20260613/006_mfnns_ansmet_lbq_juno_focused/scripts/summarize_lbq_tune.py,simulator/memory/20260613/006_mfnns_ansmet_lbq_juno_focused/scripts/summarize_lbq_tune.py,figure/evaluation/RTC/extract_rtc_data.py,simulator/memory/20260613/006_mfnns_ansmet_lbq_juno_focused/case_manifest.tsv,simulator/memory/20260613/006_mfnns_ansmet_lbq_juno_focused/yamls/sift1m_r100_mfnns_lbqfill_ef008_q128.yaml,9905a57f1fca7039b29d38d9367093380dd61609836cacd5033c556aa94884e1,simulator/memory/20260613/006_mfnns_ansmet_lbq_juno_focused/logs/sift1m_r100_mfnns_lbqfill_ef008_q128_stats.yml,6afae4226466a9378ba1a2912da4aae6adc836f3181c5464332b7bd31ee90515,8,128,127,100,100,1000,1000,1,0,1,OpenRowPolicy,0.67777,890622,1000
SIFT1M Recall@100,sift1m,r100,R100@1000,29,sift1m_r100_mfnns_lbqfill_ef008_q256,lbqfill,0.68174,2609909.828,919572,1,1,measured_completed_simulator,20260613/006_mfnns_ansmet_lbq_juno_focused,simulator/memory/20260613/006_mfnns_ansmet_lbq_juno_focused/TEST_RECORD.md,simulator/memory/20260613/006_mfnns_ansmet_lbq_juno_focused/scripts/generate_submit_lbq_tune.py,simulator/memory/20260613/006_mfnns_ansmet_lbq_juno_focused/scripts/summarize_lbq_tune.py,simulator/memory/20260613/006_mfnns_ansmet_lbq_juno_focused/scripts/summarize_lbq_tune.py,figure/evaluation/RTC/extract_rtc_data.py,simulator/memory/20260613/006_mfnns_ansmet_lbq_juno_focused/case_manifest.tsv,simulator/memory/20260613/006_mfnns_ansmet_lbq_juno_focused/yamls/sift1m_r100_mfnns_lbqfill_ef008_q256.yaml,a367fafec80bd1a26dfebb0e3412e9ffcfcde07b1aa8cd73b5c94b5d868bb09e,simulator/memory/20260613/006_mfnns_ansmet_lbq_juno_focused/logs/sift1m_r100_mfnns_lbqfill_ef008_q256_stats.yml,c417e4a5509b05feac7b9d6ee36cbaf5302e90522e98673d4db1466b6c31c7c5,8,256,255,100,100,1000,1000,1,0,1,OpenRowPolicy,0.68174,919572,1000
SIFT1M Recall@100,sift1m,r100,R100@1000,30,sift1m_r100_mfnns_lowef_ef008_q001,lowef,0.68437,2499031.625,960372,1,1,measured_completed_simulator,20260612/003_sift_mfnns_lowef_subef_pareto,simulator/memory/20260612/003_sift_mfnns_lowef_subef_pareto/TEST_RECORD.md,simulator/memory/20260612/003_sift_mfnns_lowef_subef_pareto/scripts/generate_submit_sift_mfnns_refine.py,simulator/memory/20260612/003_sift_mfnns_lowef_subef_pareto/scripts/summarize_sift_mfnns_refine.py,simulator/memory/20260613/006_mfnns_ansmet_lbq_juno_focused/scripts/summarize_lbq_tune.py,figure/evaluation/RTC/extract_rtc_data.py,simulator/memory/20260612/003_sift_mfnns_lowef_subef_pareto/case_manifest.tsv,simulator/memory/20260612/003_sift_mfnns_lowef_subef_pareto/yamls/sift1m_r100_mfnns_lowef_ef008_q001.yaml,b5b37c5a1e5016f56b9838ed38c2d794d0724ad8af63ef227f2017305397fac9,simulator/memory/20260612/003_sift_mfnns_lowef_subef_pareto/logs/sift1m_r100_mfnns_lowef_ef008_q001_stats.yml,16ac51d6a5655fb9297a2c23c59fe2605cf14783a6646f6d2f3d162754ab62f2,8,1,0,100,100,1000,1000,1,0,1,OpenRowPolicy,0.68437,960372,1000
SIFT1M Recall@100,sift1m,r100,R100@1000,31,sift1m_r100_mfnns_lbqfill_ef010_q080,lbqfill,0.72682,2416743.197,993072,1,1,measured_completed_simulator,20260613/006_mfnns_ansmet_lbq_juno_focused,simulator/memory/20260613/006_mfnns_ansmet_lbq_juno_focused/TEST_RECORD.md,simulator/memory/20260613/006_mfnns_ansmet_lbq_juno_focused/scripts/generate_submit_lbq_tune.py,simulator/memory/20260613/006_mfnns_ansmet_lbq_juno_focused/scripts/summarize_lbq_tune.py,simulator/memory/20260613/006_mfnns_ansmet_lbq_juno_focused/scripts/summarize_lbq_tune.py,figure/evaluation/RTC/extract_rtc_data.py,simulator/memory/20260613/006_mfnns_ansmet_lbq_juno_focused/case_manifest.tsv,simulator/memory/20260613/006_mfnns_ansmet_lbq_juno_focused/yamls/sift1m_r100_mfnns_lbqfill_ef010_q080.yaml,cf30eeb3c4a16dc9a44055c9ec7da33744d9f484534aac513ddd5c36b60df36a,simulator/memory/20260613/006_mfnns_ansmet_lbq_juno_focused/logs/sift1m_r100_mfnns_lbqfill_ef010_q080_stats.yml,cbced8ba0cc11cdbbdda8cdca19e7d96c7ab0c45eb7f48c2aea87965797e1db5,10,80,79,100,100,1000,1000,1,0,1,OpenRowPolicy,0.72682,993072,1000
SIFT1M Recall@100,sift1m,r100,R100@1000,32,sift1m_r100_mfnns_lbqfill_ef010_q160,lbqfill,0.72937,2355892.972,1018722,1,1,measured_completed_simulator,20260613/006_mfnns_ansmet_lbq_juno_focused,simulator/memory/20260613/006_mfnns_ansmet_lbq_juno_focused/TEST_RECORD.md,simulator/memory/20260613/006_mfnns_ansmet_lbq_juno_focused/scripts/generate_submit_lbq_tune.py,simulator/memory/20260613/006_mfnns_ansmet_lbq_juno_focused/scripts/summarize_lbq_tune.py,simulator/memory/20260613/006_mfnns_ansmet_lbq_juno_focused/scripts/summarize_lbq_tune.py,figure/evaluation/RTC/extract_rtc_data.py,simulator/memory/20260613/006_mfnns_ansmet_lbq_juno_focused/case_manifest.tsv,simulator/memory/20260613/006_mfnns_ansmet_lbq_juno_focused/yamls/sift1m_r100_mfnns_lbqfill_ef010_q160.yaml,e0dee2b096c703118cf0f7c79a1a53678b1213104cf5bdb25f830c71beb9e915,simulator/memory/20260613/006_mfnns_ansmet_lbq_juno_focused/logs/sift1m_r100_mfnns_lbqfill_ef010_q160_stats.yml,d282dbb870829ed7d238dbb69b04935e76e243e394a1fa363412838870f8fe34,10,160,159,100,100,1000,1000,1,0,1,OpenRowPolicy,0.72937,1018722,1000
SIFT1M Recall@100,sift1m,r100,R100@1000,33,sift1m_r100_mfnns_subef_ef010_q001,subef,0.73563,2167293.376,1107372,1,1,measured_completed_simulator,20260612/003_sift_mfnns_lowef_subef_pareto,simulator/memory/20260612/003_sift_mfnns_lowef_subef_pareto/TEST_RECORD.md,simulator/memory/20260612/003_sift_mfnns_lowef_subef_pareto/scripts/generate_submit_sift_mfnns_refine.py,simulator/memory/20260612/003_sift_mfnns_lowef_subef_pareto/scripts/summarize_sift_mfnns_refine.py,simulator/memory/20260613/006_mfnns_ansmet_lbq_juno_focused/scripts/summarize_lbq_tune.py,figure/evaluation/RTC/extract_rtc_data.py,simulator/memory/20260612/003_sift_mfnns_lowef_subef_pareto/case_manifest.tsv,simulator/memory/20260612/003_sift_mfnns_lowef_subef_pareto/yamls/sift1m_r100_mfnns_subef_ef010_q001.yaml,3ef8b898a663676e169843f60b35a0ea5dac81aba8ce674e79604eca2bf52e83,simulator/memory/20260612/003_sift_mfnns_lowef_subef_pareto/logs/sift1m_r100_mfnns_subef_ef010_q001_stats.yml,dd0feca72c9674c7e8baf92265581c36682517a1622f95f877202ca17e5a65b1,10,1,0,100,100,1000,1000,1,0,1,OpenRowPolicy,0.73563,1107372,1000
SIFT1M Recall@100,sift1m,r100,R100@1000,34,sift1m_r100_mfnns_lbqfill_ef012_q024,lbqfill,0.76582,2150977.081,1115772,1,1,measured_completed_simulator,20260613/006_mfnns_ansmet_lbq_juno_focused,simulator/memory/20260613/006_mfnns_ansmet_lbq_juno_focused/TEST_RECORD.md,simulator/memory/20260613/006_mfnns_ansmet_lbq_juno_focused/scripts/generate_submit_lbq_tune.py,simulator/memory/20260613/006_mfnns_ansmet_lbq_juno_focused/scripts/summarize_lbq_tune.py,simulator/memory/20260613/006_mfnns_ansmet_lbq_juno_focused/scripts/summarize_lbq_tune.py,figure/evaluation/RTC/extract_rtc_data.py,simulator/memory/20260613/006_mfnns_ansmet_lbq_juno_focused/case_manifest.tsv,simulator/memory/20260613/006_mfnns_ansmet_lbq_juno_focused/yamls/sift1m_r100_mfnns_lbqfill_ef012_q024.yaml,9eb9c05181f138a3ba365164b50b60c263bc235cde2c19aa2bccd84bb4cee002,simulator/memory/20260613/006_mfnns_ansmet_lbq_juno_focused/logs/sift1m_r100_mfnns_lbqfill_ef012_q024_stats.yml,368db182136ae12f4be7c462fc09f144dea2c937491f09a75bfa36f601fc2610,12,24,23,100,100,1000,1000,1,0,1,OpenRowPolicy,0.76582,1115772,1000
SIFT1M Recall@100,sift1m,r100,R100@1000,35,sift1m_r100_mfnns_lbqfill_ef012_q048,lbqfill,0.76599,2148810.499,1116897,1,1,measured_completed_simulator,20260613/006_mfnns_ansmet_lbq_juno_focused,simulator/memory/20260613/006_mfnns_ansmet_lbq_juno_focused/TEST_RECORD.md,simulator/memory/20260613/006_mfnns_ansmet_lbq_juno_focused/scripts/generate_submit_lbq_tune.py,simulator/memory/20260613/006_mfnns_ansmet_lbq_juno_focused/scripts/summarize_lbq_tune.py,simulator/memory/20260613/006_mfnns_ansmet_lbq_juno_focused/scripts/summarize_lbq_tune.py,figure/evaluation/RTC/extract_rtc_data.py,simulator/memory/20260613/006_mfnns_ansmet_lbq_juno_focused/case_manifest.tsv,simulator/memory/20260613/006_mfnns_ansmet_lbq_juno_focused/yamls/sift1m_r100_mfnns_lbqfill_ef012_q048.yaml,3501f9b9a70c60db70dc0d5ae2dcbb1c8be16fd3e575411b65d6d05d2c9d62c6,simulator/memory/20260613/006_mfnns_ansmet_lbq_juno_focused/logs/sift1m_r100_mfnns_lbqfill_ef012_q048_stats.yml,95ec87a54e970776f1c940ac427baf7a94b5b6780d49ba3cde5af6a28def1334,12,48,47,100,100,1000,1000,1,0,1,OpenRowPolicy,0.76599,1116897,1000
SIFT1M Recall@100,sift1m,r100,R100@1000,36,sift1m_r100_mfnns_lbqfill_ef012_q096,lbqfill,0.76657,2128372.806,1127622,1,1,measured_completed_simulator,20260613/006_mfnns_ansmet_lbq_juno_focused,simulator/memory/20260613/006_mfnns_ansmet_lbq_juno_focused/TEST_RECORD.md,simulator/memory/20260613/006_mfnns_ansmet_lbq_juno_focused/scripts/generate_submit_lbq_tune.py,simulator/memory/20260613/006_mfnns_ansmet_lbq_juno_focused/scripts/summarize_lbq_tune.py,simulator/memory/20260613/006_mfnns_ansmet_lbq_juno_focused/scripts/summarize_lbq_tune.py,figure/evaluation/RTC/extract_rtc_data.py,simulator/memory/20260613/006_mfnns_ansmet_lbq_juno_focused/case_manifest.tsv,simulator/memory/20260613/006_mfnns_ansmet_lbq_juno_focused/yamls/sift1m_r100_mfnns_lbqfill_ef012_q096.yaml,d10ceee214126c276507954b4eab1e2d623c8100d3f42f8c70871be6ae2e7bcb,simulator/memory/20260613/006_mfnns_ansmet_lbq_juno_focused/logs/sift1m_r100_mfnns_lbqfill_ef012_q096_stats.yml,c9fe91db1e16e268c783b9f7af0130a3dc853ea412f09d9b473e39a8f8500f32,12,96,95,100,100,1000,1000,1,0,1,OpenRowPolicy,0.76657,1127622,1000
SIFT1M Recall@100,sift1m,r100,R100@1000,37,sift1m_r100_mfnns_lbqfill_ef012_q192,lbqfill,0.76993,2066254.449,1161522,1,1,measured_completed_simulator,20260613/006_mfnns_ansmet_lbq_juno_focused,simulator/memory/20260613/006_mfnns_ansmet_lbq_juno_focused/TEST_RECORD.md,simulator/memory/20260613/006_mfnns_ansmet_lbq_juno_focused/scripts/generate_submit_lbq_tune.py,simulator/memory/20260613/006_mfnns_ansmet_lbq_juno_focused/scripts/summarize_lbq_tune.py,simulator/memory/20260613/006_mfnns_ansmet_lbq_juno_focused/scripts/summarize_lbq_tune.py,figure/evaluation/RTC/extract_rtc_data.py,simulator/memory/20260613/006_mfnns_ansmet_lbq_juno_focused/case_manifest.tsv,simulator/memory/20260613/006_mfnns_ansmet_lbq_juno_focused/yamls/sift1m_r100_mfnns_lbqfill_ef012_q192.yaml,5e3ac821e7dc4d05b9a6105def7a3088b70cc351b9502345e4b709fbefbc4837,simulator/memory/20260613/006_mfnns_ansmet_lbq_juno_focused/logs/sift1m_r100_mfnns_lbqfill_ef012_q192_stats.yml,c8b80e1510c92f55ec3eaa84c7bde8e255bfbf60015bd4e120f9b3da2860c71a,12,192,191,100,100,1000,1000,1,0,1,OpenRowPolicy,0.76993,1161522,1000
SIFT1M Recall@100,sift1m,r100,R100@1000,38,sift1m_r100_mfnns_lbqfill_ef012_q001,lbqfill,0.77625,1904086.407,1260447,1,1,measured_completed_simulator,20260613/006_mfnns_ansmet_lbq_juno_focused,simulator/memory/20260613/006_mfnns_ansmet_lbq_juno_focused/TEST_RECORD.md,simulator/memory/20260613/006_mfnns_ansmet_lbq_juno_focused/scripts/generate_submit_lbq_tune.py,simulator/memory/20260613/006_mfnns_ansmet_lbq_juno_focused/scripts/summarize_lbq_tune.py,simulator/memory/20260613/006_mfnns_ansmet_lbq_juno_focused/scripts/summarize_lbq_tune.py,figure/evaluation/RTC/extract_rtc_data.py,simulator/memory/20260613/006_mfnns_ansmet_lbq_juno_focused/case_manifest.tsv,simulator/memory/20260613/006_mfnns_ansmet_lbq_juno_focused/yamls/sift1m_r100_mfnns_lbqfill_ef012_q001.yaml,bbc461f4d0dd8fed0d6ae4443ea70fc35db2848618bc7d64aef2a74aba1d6a34,simulator/memory/20260613/006_mfnns_ansmet_lbq_juno_focused/logs/sift1m_r100_mfnns_lbqfill_ef012_q001_stats.yml,dbac3b0f8ce3a58a7706687e00c893e28310592ee99f90b89873218cb0a4ac6b,12,1,0,100,100,1000,1000,1,0,1,OpenRowPolicy,0.77625,1260447,1000
SIFT1M Recall@100,sift1m,r100,R100@1000,39,sift1m_r100_mfnns_lbqfill_ef015_q030,lbqfill,0.81158,1867853.999,1284897,1,1,measured_completed_simulator,20260613/006_mfnns_ansmet_lbq_juno_focused,simulator/memory/20260613/006_mfnns_ansmet_lbq_juno_focused/TEST_RECORD.md,simulator/memory/20260613/006_mfnns_ansmet_lbq_juno_focused/scripts/generate_submit_lbq_tune.py,simulator/memory/20260613/006_mfnns_ansmet_lbq_juno_focused/scripts/summarize_lbq_tune.py,simulator/memory/20260613/006_mfnns_ansmet_lbq_juno_focused/scripts/summarize_lbq_tune.py,figure/evaluation/RTC/extract_rtc_data.py,simulator/memory/20260613/006_mfnns_ansmet_lbq_juno_focused/case_manifest.tsv,simulator/memory/20260613/006_mfnns_ansmet_lbq_juno_focused/yamls/sift1m_r100_mfnns_lbqfill_ef015_q030.yaml,a4d3b9d786cddf774203630e442c0c197bff806bbdf5b14d3559a561b7d32a17,simulator/memory/20260613/006_mfnns_ansmet_lbq_juno_focused/logs/sift1m_r100_mfnns_lbqfill_ef015_q030_stats.yml,4e97da6a656f0944f9a2759b2622f488f76e7ad3e91b4caa70bcfb03f8d7cbda,15,30,29,100,100,1000,1000,1,0,1,OpenRowPolicy,0.81158,1284897,1000
SIFT1M Recall@100,sift1m,r100,R100@1000,40,sift1m_r100_mfnns_lbqfill_ef015_q015,lbqfill,0.8116,1867635.97,1285047,1,1,measured_completed_simulator,20260613/006_mfnns_ansmet_lbq_juno_focused,simulator/memory/20260613/006_mfnns_ansmet_lbq_juno_focused/TEST_RECORD.md,simulator/memory/20260613/006_mfnns_ansmet_lbq_juno_focused/scripts/generate_submit_lbq_tune.py,simulator/memory/20260613/006_mfnns_ansmet_lbq_juno_focused/scripts/summarize_lbq_tune.py,simulator/memory/20260613/006_mfnns_ansmet_lbq_juno_focused/scripts/summarize_lbq_tune.py,figure/evaluation/RTC/extract_rtc_data.py,simulator/memory/20260613/006_mfnns_ansmet_lbq_juno_focused/case_manifest.tsv,simulator/memory/20260613/006_mfnns_ansmet_lbq_juno_focused/yamls/sift1m_r100_mfnns_lbqfill_ef015_q015.yaml,9d2afd042906c0447166c6ff379ab6cb8f38198d14b7e2ef01da6d25659de813,simulator/memory/20260613/006_mfnns_ansmet_lbq_juno_focused/logs/sift1m_r100_mfnns_lbqfill_ef015_q015_stats.yml,6b413cfef82e8eaa89250fe758e1641811685aa598bdd75da1a1b616eba31eea,15,15,14,100,100,1000,1000,1,0,1,OpenRowPolicy,0.8116,1285047,1000
SIFT1M Recall@100,sift1m,r100,R100@1000,41,sift1m_r100_mfnns_lbqfill_ef015_q120,lbqfill,0.81227,1831610.856,1310322,1,1,measured_completed_simulator,20260613/006_mfnns_ansmet_lbq_juno_focused,simulator/memory/20260613/006_mfnns_ansmet_lbq_juno_focused/TEST_RECORD.md,simulator/memory/20260613/006_mfnns_ansmet_lbq_juno_focused/scripts/generate_submit_lbq_tune.py,simulator/memory/20260613/006_mfnns_ansmet_lbq_juno_focused/scripts/summarize_lbq_tune.py,simulator/memory/20260613/006_mfnns_ansmet_lbq_juno_focused/scripts/summarize_lbq_tune.py,figure/evaluation/RTC/extract_rtc_data.py,simulator/memory/20260613/006_mfnns_ansmet_lbq_juno_focused/case_manifest.tsv,simulator/memory/20260613/006_mfnns_ansmet_lbq_juno_focused/yamls/sift1m_r100_mfnns_lbqfill_ef015_q120.yaml,ce54cc04463a1b3a745dae03c59accc49df599bebb2075fc5f2e189bc4e504eb,simulator/memory/20260613/006_mfnns_ansmet_lbq_juno_focused/logs/sift1m_r100_mfnns_lbqfill_ef015_q120_stats.yml,8011cd32b325abdfde290e7c1bb781d1b7bf1f0b4bc1d0bbb619feae50cd0b53,15,120,119,100,100,1000,1000,1,0,1,OpenRowPolicy,0.81227,1310322,1000
SIFT1M Recall@100,sift1m,r100,R100@1000,42,sift1m_r100_mfnns_lbqfill_ef015_q240,lbqfill,0.81612,1757762.72,1365372,1,1,measured_completed_simulator,20260613/006_mfnns_ansmet_lbq_juno_focused,simulator/memory/20260613/006_mfnns_ansmet_lbq_juno_focused/TEST_RECORD.md,simulator/memory/20260613/006_mfnns_ansmet_lbq_juno_focused/scripts/generate_submit_lbq_tune.py,simulator/memory/20260613/006_mfnns_ansmet_lbq_juno_focused/scripts/summarize_lbq_tune.py,simulator/memory/20260613/006_mfnns_ansmet_lbq_juno_focused/scripts/summarize_lbq_tune.py,figure/evaluation/RTC/extract_rtc_data.py,simulator/memory/20260613/006_mfnns_ansmet_lbq_juno_focused/case_manifest.tsv,simulator/memory/20260613/006_mfnns_ansmet_lbq_juno_focused/yamls/sift1m_r100_mfnns_lbqfill_ef015_q240.yaml,fc83714886eb3b7d892406cd95c4f0b4b84a3a3dee703c8ba6d5f4f7bb376006,simulator/memory/20260613/006_mfnns_ansmet_lbq_juno_focused/logs/sift1m_r100_mfnns_lbqfill_ef015_q240_stats.yml,2b20f4d0c4a7ead4d69890e1283b7fa803803b1107d53f1a4780efa945f81b62,15,240,239,100,100,1000,1000,1,0,1,OpenRowPolicy,0.81612,1365372,1000
SIFT1M Recall@100,sift1m,r100,R100@1000,43,sift1m_r100_mfnns_lbqfill_ef015_q001,lbqfill,0.82122,1622968.247,1478772,1,1,measured_completed_simulator,20260613/006_mfnns_ansmet_lbq_juno_focused,simulator/memory/20260613/006_mfnns_ansmet_lbq_juno_focused/TEST_RECORD.md,simulator/memory/20260613/006_mfnns_ansmet_lbq_juno_focused/scripts/generate_submit_lbq_tune.py,simulator/memory/20260613/006_mfnns_ansmet_lbq_juno_focused/scripts/summarize_lbq_tune.py,simulator/memory/20260613/006_mfnns_ansmet_lbq_juno_focused/scripts/summarize_lbq_tune.py,figure/evaluation/RTC/extract_rtc_data.py,simulator/memory/20260613/006_mfnns_ansmet_lbq_juno_focused/case_manifest.tsv,simulator/memory/20260613/006_mfnns_ansmet_lbq_juno_focused/yamls/sift1m_r100_mfnns_lbqfill_ef015_q001.yaml,1b56b7d8fc7ad6e600b8ee7cce2b8dfc2d3a6879723d33677c0e9dffe41c9280,simulator/memory/20260613/006_mfnns_ansmet_lbq_juno_focused/logs/sift1m_r100_mfnns_lbqfill_ef015_q001_stats.yml,a7a972aa0dd621d48b6108ebfa0405acd8764cd07d5907277b9165e8d8ae4ce5,15,1,0,100,100,1000,1000,1,0,1,OpenRowPolicy,0.82122,1478772,1000
SIFT1M Recall@100,sift1m,r100,R100@1000,44,sift1m_r100_mfnns_subef_ef020_q010,subef,0.85863,1512004.37,1587297,1,1,measured_completed_simulator,20260612/003_sift_mfnns_lowef_subef_pareto,simulator/memory/20260612/003_sift_mfnns_lowef_subef_pareto/TEST_RECORD.md,simulator/memory/20260612/003_sift_mfnns_lowef_subef_pareto/scripts/generate_submit_sift_mfnns_refine.py,simulator/memory/20260612/003_sift_mfnns_lowef_subef_pareto/scripts/summarize_sift_mfnns_refine.py,simulator/memory/20260613/006_mfnns_ansmet_lbq_juno_focused/scripts/summarize_lbq_tune.py,figure/evaluation/RTC/extract_rtc_data.py,simulator/memory/20260612/003_sift_mfnns_lowef_subef_pareto/case_manifest.tsv,simulator/memory/20260612/003_sift_mfnns_lowef_subef_pareto/yamls/sift1m_r100_mfnns_subef_ef020_q010.yaml,c26c6d7b0d00dbc8957801d36d3bef096dd263672729b69404af7eb4085b6986,simulator/memory/20260612/003_sift_mfnns_lowef_subef_pareto/logs/sift1m_r100_mfnns_subef_ef020_q010_stats.yml,fb441c4b3442f816747d2a8e76828108f49c2e6132c703ed53843b640a1eb41f,20,10,9,100,100,1000,1000,1,0,1,OpenRowPolicy,0.85863,1587297,1000
SIFT1M Recall@100,sift1m,r100,R100@1000,45,sift1m_r100_mfnns_subef_ef020_q015,subef,0.85864,1510719.499,1588647,1,1,measured_completed_simulator,20260612/003_sift_mfnns_lowef_subef_pareto,simulator/memory/20260612/003_sift_mfnns_lowef_subef_pareto/TEST_RECORD.md,simulator/memory/20260612/003_sift_mfnns_lowef_subef_pareto/scripts/generate_submit_sift_mfnns_refine.py,simulator/memory/20260612/003_sift_mfnns_lowef_subef_pareto/scripts/summarize_sift_mfnns_refine.py,simulator/memory/20260613/006_mfnns_ansmet_lbq_juno_focused/scripts/summarize_lbq_tune.py,figure/evaluation/RTC/extract_rtc_data.py,simulator/memory/20260612/003_sift_mfnns_lowef_subef_pareto/case_manifest.tsv,simulator/memory/20260612/003_sift_mfnns_lowef_subef_pareto/yamls/sift1m_r100_mfnns_subef_ef020_q015.yaml,4a8690c0604826189a9b0151d47b05925238501088a5b10f018b71376af3b00a,simulator/memory/20260612/003_sift_mfnns_lowef_subef_pareto/logs/sift1m_r100_mfnns_subef_ef020_q015_stats.yml,4dcef748890f5fafa4163467cdf077185f5be8612dceeebdbdb7fc7e37838b9a,20,15,14,100,100,1000,1000,1,0,1,OpenRowPolicy,0.85864,1588647,1000
SIFT1M Recall@100,sift1m,r100,R100@1000,46,sift1m_r100_mfnns_ef020_q040,broad,0.85912,1507658.907,1591872,1,1,measured_completed_simulator,20260612/002_sift_t2i_ansmet_mfnns_r1_r100_frontier,simulator/memory/20260612/002_sift_t2i_ansmet_mfnns_r1_r100_frontier/TEST_RECORD.md,simulator/memory/20260612/002_sift_t2i_ansmet_mfnns_r1_r100_frontier/scripts/generate_submit_frontier.py,simulator/memory/20260612/002_sift_t2i_ansmet_mfnns_r1_r100_frontier/scripts/summarize_frontier.py,simulator/memory/20260613/006_mfnns_ansmet_lbq_juno_focused/scripts/summarize_lbq_tune.py,figure/evaluation/RTC/extract_rtc_data.py,simulator/memory/20260612/002_sift_t2i_ansmet_mfnns_r1_r100_frontier/case_manifest.tsv,simulator/memory/20260612/002_sift_t2i_ansmet_mfnns_r1_r100_frontier/yamls/sift1m_r100_mfnns_ef020_q040.yaml,0a2d98a8119b33bc4832407bbb90191ac0199103593d8d88d8624eb995e7583d,simulator/memory/20260612/002_sift_t2i_ansmet_mfnns_r1_r100_frontier/logs/sift1m_r100_mfnns_ef020_q040_stats.yml,eadd03c4f4ff0458429b3cc0d78f9256ea7c54072b5152a4fe1f3febaa249353,20,40,39,100,100,1000,1000,1,0,1,OpenRowPolicy,0.85912,1591872,1000
SIFT1M Recall@100,sift1m,r100,R100@1000,47,sift1m_r100_mfnns_ef020_q080,broad,0.85986,1493166.895,1607322,1,1,measured_completed_simulator,20260612/002_sift_t2i_ansmet_mfnns_r1_r100_frontier,simulator/memory/20260612/002_sift_t2i_ansmet_mfnns_r1_r100_frontier/TEST_RECORD.md,simulator/memory/20260612/002_sift_t2i_ansmet_mfnns_r1_r100_frontier/scripts/generate_submit_frontier.py,simulator/memory/20260612/002_sift_t2i_ansmet_mfnns_r1_r100_frontier/scripts/summarize_frontier.py,simulator/memory/20260613/006_mfnns_ansmet_lbq_juno_focused/scripts/summarize_lbq_tune.py,figure/evaluation/RTC/extract_rtc_data.py,simulator/memory/20260612/002_sift_t2i_ansmet_mfnns_r1_r100_frontier/case_manifest.tsv,simulator/memory/20260612/002_sift_t2i_ansmet_mfnns_r1_r100_frontier/yamls/sift1m_r100_mfnns_ef020_q080.yaml,1252f4ade966c51be0789074486bdaaad3022e03fa5499e566d77b37df316a9b,simulator/memory/20260612/002_sift_t2i_ansmet_mfnns_r1_r100_frontier/logs/sift1m_r100_mfnns_ef020_q080_stats.yml,d2076854c2042f42892e8dba513203c2d70df5e50bf77dedfbae4828cd0f548a,20,80,79,100,100,1000,1000,1,0,1,OpenRowPolicy,0.85986,1607322,1000
SIFT1M Recall@100,sift1m,r100,R100@1000,48,sift1m_r100_mfnns_lbqfill_ef020_q160,lbqfill,0.86197,1455937.861,1648422,1,1,measured_completed_simulator,20260613/006_mfnns_ansmet_lbq_juno_focused,simulator/memory/20260613/006_mfnns_ansmet_lbq_juno_focused/TEST_RECORD.md,simulator/memory/20260613/006_mfnns_ansmet_lbq_juno_focused/scripts/generate_submit_lbq_tune.py,simulator/memory/20260613/006_mfnns_ansmet_lbq_juno_focused/scripts/summarize_lbq_tune.py,simulator/memory/20260613/006_mfnns_ansmet_lbq_juno_focused/scripts/summarize_lbq_tune.py,figure/evaluation/RTC/extract_rtc_data.py,simulator/memory/20260613/006_mfnns_ansmet_lbq_juno_focused/case_manifest.tsv,simulator/memory/20260613/006_mfnns_ansmet_lbq_juno_focused/yamls/sift1m_r100_mfnns_lbqfill_ef020_q160.yaml,8b49f30993679200f68c1a72de6d5b02634fb8fc0770fed3e5bf2e56da1e7be0,simulator/memory/20260613/006_mfnns_ansmet_lbq_juno_focused/logs/sift1m_r100_mfnns_lbqfill_ef020_q160_stats.yml,5a39503b119bc3165ddfd003f8e84d948d959ae2525f27071d5e3abe7cda24fe,20,160,159,100,100,1000,1000,1,0,1,OpenRowPolicy,0.86197,1648422,1000
SIFT1M Recall@100,sift1m,r100,R100@1000,49,sift1m_r100_mfnns_lbqfill_ef020_q320,lbqfill,0.86724,1374927.172,1745547,1,1,measured_completed_simulator,20260613/006_mfnns_ansmet_lbq_juno_focused,simulator/memory/20260613/006_mfnns_ansmet_lbq_juno_focused/TEST_RECORD.md,simulator/memory/20260613/006_mfnns_ansmet_lbq_juno_focused/scripts/generate_submit_lbq_tune.py,simulator/memory/20260613/006_mfnns_ansmet_lbq_juno_focused/scripts/summarize_lbq_tune.py,simulator/memory/20260613/006_mfnns_ansmet_lbq_juno_focused/scripts/summarize_lbq_tune.py,figure/evaluation/RTC/extract_rtc_data.py,simulator/memory/20260613/006_mfnns_ansmet_lbq_juno_focused/case_manifest.tsv,simulator/memory/20260613/006_mfnns_ansmet_lbq_juno_focused/yamls/sift1m_r100_mfnns_lbqfill_ef020_q320.yaml,9708e24eca804852ed1ab3e5a9c5c40710628d0fc75750a34ff4b93401402559,simulator/memory/20260613/006_mfnns_ansmet_lbq_juno_focused/logs/sift1m_r100_mfnns_lbqfill_ef020_q320_stats.yml,ba75d9b8e8ad4a207491aaa939e6ce8813f848e597985a013a136836431362de,20,320,319,100,100,1000,1000,1,0,1,OpenRowPolicy,0.86724,1745547,1000
SIFT1M Recall@100,sift1m,r100,R100@1000,50,sift1m_r100_mfnns_subef_ef020_q001,subef,0.87051,1288713.767,1862322,1,1,measured_completed_simulator,20260612/003_sift_mfnns_lowef_subef_pareto,simulator/memory/20260612/003_sift_mfnns_lowef_subef_pareto/TEST_RECORD.md,simulator/memory/20260612/003_sift_mfnns_lowef_subef_pareto/scripts/generate_submit_sift_mfnns_refine.py,simulator/memory/20260612/003_sift_mfnns_lowef_subef_pareto/scripts/summarize_sift_mfnns_refine.py,simulator/memory/20260613/006_mfnns_ansmet_lbq_juno_focused/scripts/summarize_lbq_tune.py,figure/evaluation/RTC/extract_rtc_data.py,simulator/memory/20260612/003_sift_mfnns_lowef_subef_pareto/case_manifest.tsv,simulator/memory/20260612/003_sift_mfnns_lowef_subef_pareto/yamls/sift1m_r100_mfnns_subef_ef020_q001.yaml,ac1c83f1349c7d45f4a2116e3769e123e8602e10313c4bf9f46ec8e30d4a6ae5,simulator/memory/20260612/003_sift_mfnns_lowef_subef_pareto/logs/sift1m_r100_mfnns_subef_ef020_q001_stats.yml,6d79fd587f31a66e6635c15de2f20db5f6b1ff7cedc1a21d83075b6c7fb7cf44,20,1,0,100,100,1000,1000,1,0,1,OpenRowPolicy,0.87051,1862322,1000
SIFT1M Recall@100,sift1m,r100,R100@1000,51,sift1m_r100_mfnns_subef_ef030_q015,subef,0.9109,1072028.237,2238747,1,1,measured_completed_simulator,20260612/003_sift_mfnns_lowef_subef_pareto,simulator/memory/20260612/003_sift_mfnns_lowef_subef_pareto/TEST_RECORD.md,simulator/memory/20260612/003_sift_mfnns_lowef_subef_pareto/scripts/generate_submit_sift_mfnns_refine.py,simulator/memory/20260612/003_sift_mfnns_lowef_subef_pareto/scripts/summarize_sift_mfnns_refine.py,simulator/memory/20260613/006_mfnns_ansmet_lbq_juno_focused/scripts/summarize_lbq_tune.py,figure/evaluation/RTC/extract_rtc_data.py,simulator/memory/20260612/003_sift_mfnns_lowef_subef_pareto/case_manifest.tsv,simulator/memory/20260612/003_sift_mfnns_lowef_subef_pareto/yamls/sift1m_r100_mfnns_subef_ef030_q015.yaml,cd06df885fa3b616bbe388d7518b556e943d083ce3ec06cd6855818fd460862a,simulator/memory/20260612/003_sift_mfnns_lowef_subef_pareto/logs/sift1m_r100_mfnns_subef_ef030_q015_stats.yml,6d2bdd29d6ad09178a5165889e4e5c92979a5b6f9edb0865b741ec162a347dcf,30,15,14,100,100,1000,1000,1,0,1,OpenRowPolicy,0.9109,2238747,1000
SIFT1M Recall@100,sift1m,r100,R100@1000,52,sift1m_r100_mfnns_subef_ef030_q007,subef,0.91095,1070557.787,2241822,1,1,measured_completed_simulator,20260612/003_sift_mfnns_lowef_subef_pareto,simulator/memory/20260612/003_sift_mfnns_lowef_subef_pareto/TEST_RECORD.md,simulator/memory/20260612/003_sift_mfnns_lowef_subef_pareto/scripts/generate_submit_sift_mfnns_refine.py,simulator/memory/20260612/003_sift_mfnns_lowef_subef_pareto/scripts/summarize_sift_mfnns_refine.py,simulator/memory/20260613/006_mfnns_ansmet_lbq_juno_focused/scripts/summarize_lbq_tune.py,figure/evaluation/RTC/extract_rtc_data.py,simulator/memory/20260612/003_sift_mfnns_lowef_subef_pareto/case_manifest.tsv,simulator/memory/20260612/003_sift_mfnns_lowef_subef_pareto/yamls/sift1m_r100_mfnns_subef_ef030_q007.yaml,35e6ca9fbca5329c6600a1f63aa677aa081622c513ead3e4bcc915761730bc86,simulator/memory/20260612/003_sift_mfnns_lowef_subef_pareto/logs/sift1m_r100_mfnns_subef_ef030_q007_stats.yml,207eb59d6dd1f25ccd19e27222423c651090d09d660e734a3fca8c36b35e6866,30,7,6,100,100,1000,1000,1,0,1,OpenRowPolicy,0.91095,2241822,1000
SIFT1M Recall@100,sift1m,r100,R100@1000,53,sift1m_r100_mfnns_ef030_q120,broad,0.91204,1042686.273,2301747,1,1,measured_completed_simulator,20260612/002_sift_t2i_ansmet_mfnns_r1_r100_frontier,simulator/memory/20260612/002_sift_t2i_ansmet_mfnns_r1_r100_frontier/TEST_RECORD.md,simulator/memory/20260612/002_sift_t2i_ansmet_mfnns_r1_r100_frontier/scripts/generate_submit_frontier.py,simulator/memory/20260612/002_sift_t2i_ansmet_mfnns_r1_r100_frontier/scripts/summarize_frontier.py,simulator/memory/20260613/006_mfnns_ansmet_lbq_juno_focused/scripts/summarize_lbq_tune.py,figure/evaluation/RTC/extract_rtc_data.py,simulator/memory/20260612/002_sift_t2i_ansmet_mfnns_r1_r100_frontier/case_manifest.tsv,simulator/memory/20260612/002_sift_t2i_ansmet_mfnns_r1_r100_frontier/yamls/sift1m_r100_mfnns_ef030_q120.yaml,b1a04f0fdae51b8ecdd81d3bd6dd1ec98fa074a0afbdc228d7884f78c6bea41c,simulator/memory/20260612/002_sift_t2i_ansmet_mfnns_r1_r100_frontier/logs/sift1m_r100_mfnns_ef030_q120_stats.yml,eddd647faa0fed81f3b687822a1dda531e2cfada0ea10c1fa63fcb44a41fefda,30,120,119,100,100,1000,1000,1,0,1,OpenRowPolicy,0.91204,2301747,1000
SIFT1M Recall@100,sift1m,r100,R100@1000,54,sift1m_r100_mfnns_lbqfill_ef030_q240,lbqfill,0.9155,1002758.84,2393397,1,1,measured_completed_simulator,20260613/006_mfnns_ansmet_lbq_juno_focused,simulator/memory/20260613/006_mfnns_ansmet_lbq_juno_focused/TEST_RECORD.md,simulator/memory/20260613/006_mfnns_ansmet_lbq_juno_focused/scripts/generate_submit_lbq_tune.py,simulator/memory/20260613/006_mfnns_ansmet_lbq_juno_focused/scripts/summarize_lbq_tune.py,simulator/memory/20260613/006_mfnns_ansmet_lbq_juno_focused/scripts/summarize_lbq_tune.py,figure/evaluation/RTC/extract_rtc_data.py,simulator/memory/20260613/006_mfnns_ansmet_lbq_juno_focused/case_manifest.tsv,simulator/memory/20260613/006_mfnns_ansmet_lbq_juno_focused/yamls/sift1m_r100_mfnns_lbqfill_ef030_q240.yaml,a705f1a25ae782fab232f599116224ddffd1c5965b8fff3a15ad235b67d4bc91,simulator/memory/20260613/006_mfnns_ansmet_lbq_juno_focused/logs/sift1m_r100_mfnns_lbqfill_ef030_q240_stats.yml,35cc5f15088f534ce155ccc0a54788df6b621a73281b08f1b0d75a59c335d47a,30,240,239,100,100,1000,1000,1,0,1,OpenRowPolicy,0.9155,2393397,1000
SIFT1M Recall@100,sift1m,r100,R100@1000,55,sift1m_r100_mfnns_lbqfill_ef030_q480,lbqfill,0.92209,919171.5048,2611047,1,1,measured_completed_simulator,20260613/006_mfnns_ansmet_lbq_juno_focused,simulator/memory/20260613/006_mfnns_ansmet_lbq_juno_focused/TEST_RECORD.md,simulator/memory/20260613/006_mfnns_ansmet_lbq_juno_focused/scripts/generate_submit_lbq_tune.py,simulator/memory/20260613/006_mfnns_ansmet_lbq_juno_focused/scripts/summarize_lbq_tune.py,simulator/memory/20260613/006_mfnns_ansmet_lbq_juno_focused/scripts/summarize_lbq_tune.py,figure/evaluation/RTC/extract_rtc_data.py,simulator/memory/20260613/006_mfnns_ansmet_lbq_juno_focused/case_manifest.tsv,simulator/memory/20260613/006_mfnns_ansmet_lbq_juno_focused/yamls/sift1m_r100_mfnns_lbqfill_ef030_q480.yaml,20c5bb89b1f479fb4fa58f7556fba138db7cfe40b31c9bc483c9ab5edb94c465,simulator/memory/20260613/006_mfnns_ansmet_lbq_juno_focused/logs/sift1m_r100_mfnns_lbqfill_ef030_q480_stats.yml,bb537e694c8dd74bbe35362e43f7b32a7d83254f49a9a264a831df646d645a59,30,480,479,100,100,1000,1000,1,0,1,OpenRowPolicy,0.92209,2611047,1000
SIFT1M Recall@100,sift1m,r100,R100@1000,56,sift1m_r100_mfnns_subef_ef030_q001,subef,0.92315,892633.9844,2688672,1,1,measured_completed_simulator,20260612/003_sift_mfnns_lowef_subef_pareto,simulator/memory/20260612/003_sift_mfnns_lowef_subef_pareto/TEST_RECORD.md,simulator/memory/20260612/003_sift_mfnns_lowef_subef_pareto/scripts/generate_submit_sift_mfnns_refine.py,simulator/memory/20260612/003_sift_mfnns_lowef_subef_pareto/scripts/summarize_sift_mfnns_refine.py,simulator/memory/20260613/006_mfnns_ansmet_lbq_juno_focused/scripts/summarize_lbq_tune.py,figure/evaluation/RTC/extract_rtc_data.py,simulator/memory/20260612/003_sift_mfnns_lowef_subef_pareto/case_manifest.tsv,simulator/memory/20260612/003_sift_mfnns_lowef_subef_pareto/yamls/sift1m_r100_mfnns_subef_ef030_q001.yaml,2f13661d601b8334af1b9038cc11f3e65fea71cf6546592e8aef37aeab032916,simulator/memory/20260612/003_sift_mfnns_lowef_subef_pareto/logs/sift1m_r100_mfnns_subef_ef030_q001_stats.yml,9d93169022b7df6d5425ed3253df9a2b2c040480565d561fe73398fef7fd3239,30,1,0,100,100,1000,1000,1,0,1,OpenRowPolicy,0.92315,2688672,1000
SIFT1M Recall@100,sift1m,r100,R100@1000,57,sift1m_r100_mfnns_subef_ef040_q030,subef,0.93724,822179.1035,2919072,1,1,measured_completed_simulator,20260612/003_sift_mfnns_lowef_subef_pareto,simulator/memory/20260612/003_sift_mfnns_lowef_subef_pareto/TEST_RECORD.md,simulator/memory/20260612/003_sift_mfnns_lowef_subef_pareto/scripts/generate_submit_sift_mfnns_refine.py,simulator/memory/20260612/003_sift_mfnns_lowef_subef_pareto/scripts/summarize_sift_mfnns_refine.py,simulator/memory/20260613/006_mfnns_ansmet_lbq_juno_focused/scripts/summarize_lbq_tune.py,figure/evaluation/RTC/extract_rtc_data.py,simulator/memory/20260612/003_sift_mfnns_lowef_subef_pareto/case_manifest.tsv,simulator/memory/20260612/003_sift_mfnns_lowef_subef_pareto/yamls/sift1m_r100_mfnns_subef_ef040_q030.yaml,6ca160b087aa87af8af3ea0685d36b3602f0e0940acd4d3946654003163f71b3,simulator/memory/20260612/003_sift_mfnns_lowef_subef_pareto/logs/sift1m_r100_mfnns_subef_ef040_q030_stats.yml,e1da7c5de0e8467763d0068413ba804394a73daf0db3e260af043d0b576714c4,40,30,29,100,100,1000,1000,1,0,1,OpenRowPolicy,0.93724,2919072,1000
SIFT1M Recall@100,sift1m,r100,R100@1000,58,sift1m_r100_mfnns_ef040_q160,broad,0.93815,777719.1248,3085947,1,1,measured_completed_simulator,20260612/002_sift_t2i_ansmet_mfnns_r1_r100_frontier,simulator/memory/20260612/002_sift_t2i_ansmet_mfnns_r1_r100_frontier/TEST_RECORD.md,simulator/memory/20260612/002_sift_t2i_ansmet_mfnns_r1_r100_frontier/scripts/generate_submit_frontier.py,simulator/memory/20260612/002_sift_t2i_ansmet_mfnns_r1_r100_frontier/scripts/summarize_frontier.py,simulator/memory/20260613/006_mfnns_ansmet_lbq_juno_focused/scripts/summarize_lbq_tune.py,figure/evaluation/RTC/extract_rtc_data.py,simulator/memory/20260612/002_sift_t2i_ansmet_mfnns_r1_r100_frontier/case_manifest.tsv,simulator/memory/20260612/002_sift_t2i_ansmet_mfnns_r1_r100_frontier/yamls/sift1m_r100_mfnns_ef040_q160.yaml,96353729e92d10ea6057675837b717f2b3bf577bb2df041602f9c03c26e5ad28,simulator/memory/20260612/002_sift_t2i_ansmet_mfnns_r1_r100_frontier/logs/sift1m_r100_mfnns_ef040_q160_stats.yml,71dbfbf8aef231eb04ac3873fcd44b09cade3cf8250acbea8e708668cc1e4f30,40,160,159,100,100,1000,1000,1,0,1,OpenRowPolicy,0.93815,3085947,1000
SIFT1M Recall@100,sift1m,r100,R100@1000,59,sift1m_r100_mfnns_lbqfill_ef040_q320,lbqfill,0.94376,736665.887,3257922,1,1,measured_completed_simulator,20260613/006_mfnns_ansmet_lbq_juno_focused,simulator/memory/20260613/006_mfnns_ansmet_lbq_juno_focused/TEST_RECORD.md,simulator/memory/20260613/006_mfnns_ansmet_lbq_juno_focused/scripts/generate_submit_lbq_tune.py,simulator/memory/20260613/006_mfnns_ansmet_lbq_juno_focused/scripts/summarize_lbq_tune.py,simulator/memory/20260613/006_mfnns_ansmet_lbq_juno_focused/scripts/summarize_lbq_tune.py,figure/evaluation/RTC/extract_rtc_data.py,simulator/memory/20260613/006_mfnns_ansmet_lbq_juno_focused/case_manifest.tsv,simulator/memory/20260613/006_mfnns_ansmet_lbq_juno_focused/yamls/sift1m_r100_mfnns_lbqfill_ef040_q320.yaml,e74ac023367da13514446f4f8451a0c9daebc99b16f43c9428457f586ce60a0b,simulator/memory/20260613/006_mfnns_ansmet_lbq_juno_focused/logs/sift1m_r100_mfnns_lbqfill_ef040_q320_stats.yml,689dc172c850128b532858faa58bf27546b5b47c0264cdaad080fb8fa0e829fa,40,320,319,100,100,1000,1000,1,0,1,OpenRowPolicy,0.94376,3257922,1000
SIFT1M Recall@100,sift1m,r100,R100@1000,60,sift1m_r100_mfnns_lbqfill_ef040_q640,lbqfill,0.94929,665530.2737,3606147,1,1,measured_completed_simulator,20260613/006_mfnns_ansmet_lbq_juno_focused,simulator/memory/20260613/006_mfnns_ansmet_lbq_juno_focused/TEST_RECORD.md,simulator/memory/20260613/006_mfnns_ansmet_lbq_juno_focused/scripts/generate_submit_lbq_tune.py,simulator/memory/20260613/006_mfnns_ansmet_lbq_juno_focused/scripts/summarize_lbq_tune.py,simulator/memory/20260613/006_mfnns_ansmet_lbq_juno_focused/scripts/summarize_lbq_tune.py,figure/evaluation/RTC/extract_rtc_data.py,simulator/memory/20260613/006_mfnns_ansmet_lbq_juno_focused/case_manifest.tsv,simulator/memory/20260613/006_mfnns_ansmet_lbq_juno_focused/yamls/sift1m_r100_mfnns_lbqfill_ef040_q640.yaml,301a4defcf216bfd0d877e08c8574444ae67e796937be5633dd859d53812ea5c,simulator/memory/20260613/006_mfnns_ansmet_lbq_juno_focused/logs/sift1m_r100_mfnns_lbqfill_ef040_q640_stats.yml,41fd7ad5e27fbfe1d05a5869b38d3d1745628e59ceb79ed253015e1640488360,40,640,639,100,100,1000,1000,1,0,1,OpenRowPolicy,0.94929,3606147,1000
SIFT1M Recall@100,sift1m,r100,R100@1000,61,sift1m_r100_mfnns_subef_ef040_q001,subef,0.94963,660080.1667,3635922,1,1,measured_completed_simulator,20260612/003_sift_mfnns_lowef_subef_pareto,simulator/memory/20260612/003_sift_mfnns_lowef_subef_pareto/TEST_RECORD.md,simulator/memory/20260612/003_sift_mfnns_lowef_subef_pareto/scripts/generate_submit_sift_mfnns_refine.py,simulator/memory/20260612/003_sift_mfnns_lowef_subef_pareto/scripts/summarize_sift_mfnns_refine.py,simulator/memory/20260613/006_mfnns_ansmet_lbq_juno_focused/scripts/summarize_lbq_tune.py,figure/evaluation/RTC/extract_rtc_data.py,simulator/memory/20260612/003_sift_mfnns_lowef_subef_pareto/case_manifest.tsv,simulator/memory/20260612/003_sift_mfnns_lowef_subef_pareto/yamls/sift1m_r100_mfnns_subef_ef040_q001.yaml,ade73bc54e544b1b5b6113e81834dbfdd5d36796bfce451dd89f73b0033102bd,simulator/memory/20260612/003_sift_mfnns_lowef_subef_pareto/logs/sift1m_r100_mfnns_subef_ef040_q001_stats.yml,1ee5beb2d749078479c0f782d74831dd53f81d7e3bfba1743b06c6366ee5d7fe,40,1,0,100,100,1000,1000,1,0,1,OpenRowPolicy,0.94963,3635922,1000
SIFT1M Recall@100,sift1m,r100,R100@1000,62,sift1m_r100_mfnns_subef_ef050_q037,subef,0.95238,654357.1187,3667722,1,1,measured_completed_simulator,20260612/003_sift_mfnns_lowef_subef_pareto,simulator/memory/20260612/003_sift_mfnns_lowef_subef_pareto/TEST_RECORD.md,simulator/memory/20260612/003_sift_mfnns_lowef_subef_pareto/scripts/generate_submit_sift_mfnns_refine.py,simulator/memory/20260612/003_sift_mfnns_lowef_subef_pareto/scripts/summarize_sift_mfnns_refine.py,simulator/memory/20260613/006_mfnns_ansmet_lbq_juno_focused/scripts/summarize_lbq_tune.py,figure/evaluation/RTC/extract_rtc_data.py,simulator/memory/20260612/003_sift_mfnns_lowef_subef_pareto/case_manifest.tsv,simulator/memory/20260612/003_sift_mfnns_lowef_subef_pareto/yamls/sift1m_r100_mfnns_subef_ef050_q037.yaml,9d51750267ad4d7711a0433b0fad1372b5c40df6e525278827735ddbec4038af,simulator/memory/20260612/003_sift_mfnns_lowef_subef_pareto/logs/sift1m_r100_mfnns_subef_ef050_q037_stats.yml,05c48578e92636839e2be5f5042a4ebbc8e2749eb80bb47a160c44a70553e36b,50,37,36,100,100,1000,1000,1,0,1,OpenRowPolicy,0.95238,3667722,1000
SIFT1M Recall@100,sift1m,r100,R100@1000,63,sift1m_r100_mfnns_ef050_q200,broad,0.95403,609384.9858,3938397,1,1,measured_completed_simulator,20260612/002_sift_t2i_ansmet_mfnns_r1_r100_frontier,simulator/memory/20260612/002_sift_t2i_ansmet_mfnns_r1_r100_frontier/TEST_RECORD.md,simulator/memory/20260612/002_sift_t2i_ansmet_mfnns_r1_r100_frontier/scripts/generate_submit_frontier.py,simulator/memory/20260612/002_sift_t2i_ansmet_mfnns_r1_r100_frontier/scripts/summarize_frontier.py,simulator/memory/20260613/006_mfnns_ansmet_lbq_juno_focused/scripts/summarize_lbq_tune.py,figure/evaluation/RTC/extract_rtc_data.py,simulator/memory/20260612/002_sift_t2i_ansmet_mfnns_r1_r100_frontier/case_manifest.tsv,simulator/memory/20260612/002_sift_t2i_ansmet_mfnns_r1_r100_frontier/yamls/sift1m_r100_mfnns_ef050_q200.yaml,d59e524ffe04a4fc41111b82e2372e572de58842db5aa987e0ef1791f02fa2a5,simulator/memory/20260612/002_sift_t2i_ansmet_mfnns_r1_r100_frontier/logs/sift1m_r100_mfnns_ef050_q200_stats.yml,b77add65c821ba99d33e24ba63055ef960ed1e2254bf53d0a061f89bfa8af3b2,50,200,199,100,100,1000,1000,1,0,1,OpenRowPolicy,0.95403,3938397,1000
SIFT1M Recall@100,sift1m,r100,R100@1000,64,sift1m_r100_mfnns_subef_ef060_q045,subef,0.96137,532384.2696,4508022,1,1,measured_completed_simulator,20260612/003_sift_mfnns_lowef_subef_pareto,simulator/memory/20260612/003_sift_mfnns_lowef_subef_pareto/TEST_RECORD.md,simulator/memory/20260612/003_sift_mfnns_lowef_subef_pareto/scripts/generate_submit_sift_mfnns_refine.py,simulator/memory/20260612/003_sift_mfnns_lowef_subef_pareto/scripts/summarize_sift_mfnns_refine.py,simulator/memory/20260613/006_mfnns_ansmet_lbq_juno_focused/scripts/summarize_lbq_tune.py,figure/evaluation/RTC/extract_rtc_data.py,simulator/memory/20260612/003_sift_mfnns_lowef_subef_pareto/case_manifest.tsv,simulator/memory/20260612/003_sift_mfnns_lowef_subef_pareto/yamls/sift1m_r100_mfnns_subef_ef060_q045.yaml,a1130e7423f44ecffbfbc0c78e35840f6cf4840af46824fdca07772539b5359a,simulator/memory/20260612/003_sift_mfnns_lowef_subef_pareto/logs/sift1m_r100_mfnns_subef_ef060_q045_stats.yml,01fee861a82afdfddc497f338bde997ff41da7cbf0a6e5dec10feca135c93ff5,60,45,44,100,100,1000,1000,1,0,1,OpenRowPolicy,0.96137,4508022,1000
SIFT1M Recall@100,sift1m,r100,R100@1000,65,sift1m_r100_mfnns_subef_ef060_q015,subef,0.96155,531544.1557,4515147,1,1,measured_completed_simulator,20260612/003_sift_mfnns_lowef_subef_pareto,simulator/memory/20260612/003_sift_mfnns_lowef_subef_pareto/TEST_RECORD.md,simulator/memory/20260612/003_sift_mfnns_lowef_subef_pareto/scripts/generate_submit_sift_mfnns_refine.py,simulator/memory/20260612/003_sift_mfnns_lowef_subef_pareto/scripts/summarize_sift_mfnns_refine.py,simulator/memory/20260613/006_mfnns_ansmet_lbq_juno_focused/scripts/summarize_lbq_tune.py,figure/evaluation/RTC/extract_rtc_data.py,simulator/memory/20260612/003_sift_mfnns_lowef_subef_pareto/case_manifest.tsv,simulator/memory/20260612/003_sift_mfnns_lowef_subef_pareto/yamls/sift1m_r100_mfnns_subef_ef060_q015.yaml,462fc54d336d358b3ebd7709b1eba155e5e386d46713597bef603a407555a4f2,simulator/memory/20260612/003_sift_mfnns_lowef_subef_pareto/logs/sift1m_r100_mfnns_subef_ef060_q015_stats.yml,4366a432bb3782922dde05274fc71621a6db101500ca893166078e5febd1198f,60,15,14,100,100,1000,1000,1,0,1,OpenRowPolicy,0.96155,4515147,1000
SIFT1M Recall@100,sift1m,r100,R100@1000,66,sift1m_r100_mfnns_subef_ef050_q001,subef,0.96424,510692.9529,4699497,1,1,measured_completed_simulator,20260612/003_sift_mfnns_lowef_subef_pareto,simulator/memory/20260612/003_sift_mfnns_lowef_subef_pareto/TEST_RECORD.md,simulator/memory/20260612/003_sift_mfnns_lowef_subef_pareto/scripts/generate_submit_sift_mfnns_refine.py,simulator/memory/20260612/003_sift_mfnns_lowef_subef_pareto/scripts/summarize_sift_mfnns_refine.py,simulator/memory/20260613/006_mfnns_ansmet_lbq_juno_focused/scripts/summarize_lbq_tune.py,figure/evaluation/RTC/extract_rtc_data.py,simulator/memory/20260612/003_sift_mfnns_lowef_subef_pareto/case_manifest.tsv,simulator/memory/20260612/003_sift_mfnns_lowef_subef_pareto/yamls/sift1m_r100_mfnns_subef_ef050_q001.yaml,16648162d56eaae5b6400c9685fd916bd31218688dcde23d5612897a9a2cc175,simulator/memory/20260612/003_sift_mfnns_lowef_subef_pareto/logs/sift1m_r100_mfnns_subef_ef050_q001_stats.yml,6311974e5eca240d1f805551be3241dd264439eb60f3f56520cea011a7cf6341,50,1,0,100,100,1000,1000,1,0,1,OpenRowPolicy,0.96424,4699497,1000
SIFT1M Recall@100,sift1m,r100,R100@1000,67,sift1m_r100_mfnns_subef_ef060_q001,subef,0.9738,404505.3809,5933172,1,1,measured_completed_simulator,20260612/003_sift_mfnns_lowef_subef_pareto,simulator/memory/20260612/003_sift_mfnns_lowef_subef_pareto/TEST_RECORD.md,simulator/memory/20260612/003_sift_mfnns_lowef_subef_pareto/scripts/generate_submit_sift_mfnns_refine.py,simulator/memory/20260612/003_sift_mfnns_lowef_subef_pareto/scripts/summarize_sift_mfnns_refine.py,simulator/memory/20260613/006_mfnns_ansmet_lbq_juno_focused/scripts/summarize_lbq_tune.py,figure/evaluation/RTC/extract_rtc_data.py,simulator/memory/20260612/003_sift_mfnns_lowef_subef_pareto/case_manifest.tsv,simulator/memory/20260612/003_sift_mfnns_lowef_subef_pareto/yamls/sift1m_r100_mfnns_subef_ef060_q001.yaml,e4325f2e4cbcaa24e1c56ae8516c17f93a8633cc67fbd166fefd630d66a8c780,simulator/memory/20260612/003_sift_mfnns_lowef_subef_pareto/logs/sift1m_r100_mfnns_subef_ef060_q001_stats.yml,4e027d69f81994c90c98c1ebbb9f0839cde5ae4efbfca9d457f853395492fd88,60,1,0,100,100,1000,1000,1,0,1,OpenRowPolicy,0.9738,5933172,1000
SIFT1M Recall@100,sift1m,r100,R100@1000,68,sift1m_r100_mfnns_ef080_q320,broad,0.97685,327942.9084,7318347,1,1,measured_completed_simulator,20260612/002_sift_t2i_ansmet_mfnns_r1_r100_frontier,simulator/memory/20260612/002_sift_t2i_ansmet_mfnns_r1_r100_frontier/TEST_RECORD.md,simulator/memory/20260612/002_sift_t2i_ansmet_mfnns_r1_r100_frontier/scripts/generate_submit_frontier.py,simulator/memory/20260612/002_sift_t2i_ansmet_mfnns_r1_r100_frontier/scripts/summarize_frontier.py,simulator/memory/20260613/006_mfnns_ansmet_lbq_juno_focused/scripts/summarize_lbq_tune.py,figure/evaluation/RTC/extract_rtc_data.py,simulator/memory/20260612/002_sift_t2i_ansmet_mfnns_r1_r100_frontier/case_manifest.tsv,simulator/memory/20260612/002_sift_t2i_ansmet_mfnns_r1_r100_frontier/yamls/sift1m_r100_mfnns_ef080_q320.yaml,378cba1ba221a475ebade77dbfc376de5f28b02ab7418259bb61f571ae3b985b,simulator/memory/20260612/002_sift_t2i_ansmet_mfnns_r1_r100_frontier/logs/sift1m_r100_mfnns_ef080_q320_stats.yml,74c2c3feaca2e78b426265fc91cfa43482011c995f060ab3fe627dd715bd5ab5,80,320,319,100,100,1000,1000,1,0,1,OpenRowPolicy,0.97685,7318347,1000
SIFT1M Recall@100,sift1m,r100,R100@1000,69,sift1m_r100_mfnns_subef_ef100_q025,subef,0.97729,299029.2017,8025972,1,1,measured_completed_simulator,20260612/003_sift_mfnns_lowef_subef_pareto,simulator/memory/20260612/003_sift_mfnns_lowef_subef_pareto/TEST_RECORD.md,simulator/memory/20260612/003_sift_mfnns_lowef_subef_pareto/scripts/generate_submit_sift_mfnns_refine.py,simulator/memory/20260612/003_sift_mfnns_lowef_subef_pareto/scripts/summarize_sift_mfnns_refine.py,simulator/memory/20260613/006_mfnns_ansmet_lbq_juno_focused/scripts/summarize_lbq_tune.py,figure/evaluation/RTC/extract_rtc_data.py,simulator/memory/20260612/003_sift_mfnns_lowef_subef_pareto/case_manifest.tsv,simulator/memory/20260612/003_sift_mfnns_lowef_subef_pareto/yamls/sift1m_r100_mfnns_subef_ef100_q025.yaml,e3aeb2497ebbf45713f1419fce1c3a57b1c171e94409dc201044250abfb318d9,simulator/memory/20260612/003_sift_mfnns_lowef_subef_pareto/logs/sift1m_r100_mfnns_subef_ef100_q025_stats.yml,e32cdb00f2a3b24444f412141fa610a683deb35347ad0b332f4631fb44869c33,100,25,24,100,100,1000,1000,1,0,1,OpenRowPolicy,0.97729,8025972,1000
SIFT1M Recall@100,sift1m,r100,R100@1000,70,sift1m_r100_mfnns_subef_ef080_q001,subef,0.98501,278188.3954,8627247,1,1,measured_completed_simulator,20260612/003_sift_mfnns_lowef_subef_pareto,simulator/memory/20260612/003_sift_mfnns_lowef_subef_pareto/TEST_RECORD.md,simulator/memory/20260612/003_sift_mfnns_lowef_subef_pareto/scripts/generate_submit_sift_mfnns_refine.py,simulator/memory/20260612/003_sift_mfnns_lowef_subef_pareto/scripts/summarize_sift_mfnns_refine.py,simulator/memory/20260613/006_mfnns_ansmet_lbq_juno_focused/scripts/summarize_lbq_tune.py,figure/evaluation/RTC/extract_rtc_data.py,simulator/memory/20260612/003_sift_mfnns_lowef_subef_pareto/case_manifest.tsv,simulator/memory/20260612/003_sift_mfnns_lowef_subef_pareto/yamls/sift1m_r100_mfnns_subef_ef080_q001.yaml,0c6209854b53a724e686af470136b26553f3873548cef52602115223974ebb44,simulator/memory/20260612/003_sift_mfnns_lowef_subef_pareto/logs/sift1m_r100_mfnns_subef_ef080_q001_stats.yml,9ae15f39a02d21886f4a44bd6cffb4ada292cc4fe36bd8547ec120467ac32399,80,1,0,100,100,1000,1000,1,0,1,OpenRowPolicy,0.98501,8627247,1000
SIFT1M Recall@100,sift1m,r100,R100@1000,71,sift1m_r100_mfnns_subef_ef100_q001,subef,0.99031,205073.0457,11703147,1,1,measured_completed_simulator,20260612/003_sift_mfnns_lowef_subef_pareto,simulator/memory/20260612/003_sift_mfnns_lowef_subef_pareto/TEST_RECORD.md,simulator/memory/20260612/003_sift_mfnns_lowef_subef_pareto/scripts/generate_submit_sift_mfnns_refine.py,simulator/memory/20260612/003_sift_mfnns_lowef_subef_pareto/scripts/summarize_sift_mfnns_refine.py,simulator/memory/20260613/006_mfnns_ansmet_lbq_juno_focused/scripts/summarize_lbq_tune.py,figure/evaluation/RTC/extract_rtc_data.py,simulator/memory/20260612/003_sift_mfnns_lowef_subef_pareto/case_manifest.tsv,simulator/memory/20260612/003_sift_mfnns_lowef_subef_pareto/yamls/sift1m_r100_mfnns_subef_ef100_q001.yaml,a7725be24fee3c53bd70e9f89e88be557d1bc9def191550380a31376f0fcab02,simulator/memory/20260612/003_sift_mfnns_lowef_subef_pareto/logs/sift1m_r100_mfnns_subef_ef100_q001_stats.yml,38c5480cea67af5961ebccfc332c4373b150892200894c8f9e5a1c3f9bfcee72,100,1,0,100,100,1000,1000,1,0,1,OpenRowPolicy,0.99031,11703147,1000
T2I1M Recall@100,t2i1m,r100,R100@1000,1,t2i1m_r100_mfnns_lbqfill_ef001_q002,lbqfill,0.08898,5466385.148,439047,1,0,measured_completed_simulator,20260613/006_mfnns_ansmet_lbq_juno_focused,simulator/memory/20260613/006_mfnns_ansmet_lbq_juno_focused/TEST_RECORD.md,simulator/memory/20260613/006_mfnns_ansmet_lbq_juno_focused/scripts/generate_submit_lbq_tune.py,simulator/memory/20260613/006_mfnns_ansmet_lbq_juno_focused/scripts/summarize_lbq_tune.py,simulator/memory/20260613/006_mfnns_ansmet_lbq_juno_focused/scripts/summarize_lbq_tune.py,figure/evaluation/RTC/extract_rtc_data.py,simulator/memory/20260613/006_mfnns_ansmet_lbq_juno_focused/case_manifest.tsv,simulator/memory/20260613/006_mfnns_ansmet_lbq_juno_focused/yamls/t2i1m_r100_mfnns_lbqfill_ef001_q002.yaml,91538386b54d510304f4cf97f7730b6337099096c780b9f99a401d370317a4f3,simulator/memory/20260613/006_mfnns_ansmet_lbq_juno_focused/logs/t2i1m_r100_mfnns_lbqfill_ef001_q002_stats.yml,cc80d87e9a092365ca8e9e37b7fa663af852e0ada461c09993adfae805afa509,1,2,1,100,100,1000,1000,1,0,1,OpenRowPolicy,0.08898,439047,1000
T2I1M Recall@100,t2i1m,r100,R100@1000,2,t2i1m_r100_mfnns_lowef_ef001_q004,lowef,0.09335,5449628.403,440397,1,0,measured_completed_simulator,20260613/004_sift_t2i_mfnns_lowef_subef_frontier,simulator/memory/20260613/004_sift_t2i_mfnns_lowef_subef_frontier/TEST_RECORD.md,simulator/memory/20260613/004_sift_t2i_mfnns_lowef_subef_frontier/scripts/generate_submit_t2i_mfnns_refine.py,simulator/memory/20260613/004_sift_t2i_mfnns_lowef_subef_frontier/scripts/summarize_mfnns_frontier.py,simulator/memory/20260613/006_mfnns_ansmet_lbq_juno_focused/scripts/summarize_lbq_tune.py,figure/evaluation/RTC/extract_rtc_data.py,simulator/memory/20260613/004_sift_t2i_mfnns_lowef_subef_frontier/case_manifest.tsv,simulator/memory/20260613/004_sift_t2i_mfnns_lowef_subef_frontier/yamls/t2i1m_r100_mfnns_lowef_ef001_q004.yaml,9fb51d0aefd6c10e8ef819fb1b68435ffce0e9803ddb66b91bd3268cbe343e71,simulator/memory/20260613/004_sift_t2i_mfnns_lowef_subef_frontier/logs/t2i1m_r100_mfnns_lowef_ef001_q004_stats.yml,5034280fd056c12813dd7c39b1cb14d59948730ce196ff28e03e1782a65a91ba,1,4,3,100,100,1000,1000,1,0,1,OpenRowPolicy,0.09335,440397,1000
T2I1M Recall@100,t2i1m,r100,R100@1000,3,t2i1m_r100_mfnns_lbqfill_ef001_q008,lbqfill,0.09906,5444065.628,440847,1,0,measured_completed_simulator,20260613/006_mfnns_ansmet_lbq_juno_focused,simulator/memory/20260613/006_mfnns_ansmet_lbq_juno_focused/TEST_RECORD.md,simulator/memory/20260613/006_mfnns_ansmet_lbq_juno_focused/scripts/generate_submit_lbq_tune.py,simulator/memory/20260613/006_mfnns_ansmet_lbq_juno_focused/scripts/summarize_lbq_tune.py,simulator/memory/20260613/006_mfnns_ansmet_lbq_juno_focused/scripts/summarize_lbq_tune.py,figure/evaluation/RTC/extract_rtc_data.py,simulator/memory/20260613/006_mfnns_ansmet_lbq_juno_focused/case_manifest.tsv,simulator/memory/20260613/006_mfnns_ansmet_lbq_juno_focused/yamls/t2i1m_r100_mfnns_lbqfill_ef001_q008.yaml,0f73720c9c9ef975b9201eefb4c5a33e693cd6e5445292c0b6c6f918ad25849a,simulator/memory/20260613/006_mfnns_ansmet_lbq_juno_focused/logs/t2i1m_r100_mfnns_lbqfill_ef001_q008_stats.yml,2678f7bdff4ff76912247dbb069665f8972cbc40a27cd919e585fcf4cc964b2e,1,8,7,100,100,1000,1000,1,0,1,OpenRowPolicy,0.09906,440847,1000
T2I1M Recall@100,t2i1m,r100,R100@1000,4,t2i1m_r100_mfnns_lbqfill_ef001_q016,lbqfill,0.10526,5428365.926,442122,1,0,measured_completed_simulator,20260613/006_mfnns_ansmet_lbq_juno_focused,simulator/memory/20260613/006_mfnns_ansmet_lbq_juno_focused/TEST_RECORD.md,simulator/memory/20260613/006_mfnns_ansmet_lbq_juno_focused/scripts/generate_submit_lbq_tune.py,simulator/memory/20260613/006_mfnns_ansmet_lbq_juno_focused/scripts/summarize_lbq_tune.py,simulator/memory/20260613/006_mfnns_ansmet_lbq_juno_focused/scripts/summarize_lbq_tune.py,figure/evaluation/RTC/extract_rtc_data.py,simulator/memory/20260613/006_mfnns_ansmet_lbq_juno_focused/case_manifest.tsv,simulator/memory/20260613/006_mfnns_ansmet_lbq_juno_focused/yamls/t2i1m_r100_mfnns_lbqfill_ef001_q016.yaml,fd0c61eebb1c7dd19050c0af448c858d863cb68354b9c2e13d01d33c58d28c65,simulator/memory/20260613/006_mfnns_ansmet_lbq_juno_focused/logs/t2i1m_r100_mfnns_lbqfill_ef001_q016_stats.yml,b11a7bdb854738f7a8034f58d6ccda6cefecfca886ec53da13a3a235b37e46da,1,16,15,100,100,1000,1000,1,0,1,OpenRowPolicy,0.10526,442122,1000
T2I1M Recall@100,t2i1m,r100,R100@1000,5,t2i1m_r100_mfnns_lbqfill_ef001_q032,lbqfill,0.11067,5395416.594,444822,1,0,measured_completed_simulator,20260613/006_mfnns_ansmet_lbq_juno_focused,simulator/memory/20260613/006_mfnns_ansmet_lbq_juno_focused/TEST_RECORD.md,simulator/memory/20260613/006_mfnns_ansmet_lbq_juno_focused/scripts/generate_submit_lbq_tune.py,simulator/memory/20260613/006_mfnns_ansmet_lbq_juno_focused/scripts/summarize_lbq_tune.py,simulator/memory/20260613/006_mfnns_ansmet_lbq_juno_focused/scripts/summarize_lbq_tune.py,figure/evaluation/RTC/extract_rtc_data.py,simulator/memory/20260613/006_mfnns_ansmet_lbq_juno_focused/case_manifest.tsv,simulator/memory/20260613/006_mfnns_ansmet_lbq_juno_focused/yamls/t2i1m_r100_mfnns_lbqfill_ef001_q032.yaml,0f765a421ab22daca76418ec498c6988462c0fad4cc014c8d4c1551fd57b6e0c,simulator/memory/20260613/006_mfnns_ansmet_lbq_juno_focused/logs/t2i1m_r100_mfnns_lbqfill_ef001_q032_stats.yml,54f510b1f47d2ab9fc75cfb55eb89cfd5d7e0b329642a28fd20181a8cf2de424,1,32,31,100,100,1000,1000,1,0,1,OpenRowPolicy,0.11067,444822,1000
T2I1M Recall@100,t2i1m,r100,R100@1000,6,t2i1m_r100_mfnns_lowef_ef001_q001,lowef,0.11335,5299803.245,452847,1,0,measured_completed_simulator,20260613/004_sift_t2i_mfnns_lowef_subef_frontier,simulator/memory/20260613/004_sift_t2i_mfnns_lowef_subef_frontier/TEST_RECORD.md,simulator/memory/20260613/004_sift_t2i_mfnns_lowef_subef_frontier/scripts/generate_submit_t2i_mfnns_refine.py,simulator/memory/20260613/004_sift_t2i_mfnns_lowef_subef_frontier/scripts/summarize_mfnns_frontier.py,simulator/memory/20260613/006_mfnns_ansmet_lbq_juno_focused/scripts/summarize_lbq_tune.py,figure/evaluation/RTC/extract_rtc_data.py,simulator/memory/20260613/004_sift_t2i_mfnns_lowef_subef_frontier/case_manifest.tsv,simulator/memory/20260613/004_sift_t2i_mfnns_lowef_subef_frontier/yamls/t2i1m_r100_mfnns_lowef_ef001_q001.yaml,395d0856f78c4b159e9bcaa8c411a63c6bb19aaaec346ba34b2220230d984fa1,simulator/memory/20260613/004_sift_t2i_mfnns_lowef_subef_frontier/logs/t2i1m_r100_mfnns_lowef_ef001_q001_stats.yml,9a85bf73abea06bced3b7297aabb1015d464670c0da3b13f5ec63939cfccfa9c,1,1,0,100,100,1000,1000,1,0,1,OpenRowPolicy,0.11335,452847,1000
T2I1M Recall@100,t2i1m,r100,R100@1000,7,t2i1m_r100_mfnns_lowef_ef002_q008,lowef,0.14618,4192344.778,572472,1,0,measured_completed_simulator,20260613/004_sift_t2i_mfnns_lowef_subef_frontier,simulator/memory/20260613/004_sift_t2i_mfnns_lowef_subef_frontier/TEST_RECORD.md,simulator/memory/20260613/004_sift_t2i_mfnns_lowef_subef_frontier/scripts/generate_submit_t2i_mfnns_refine.py,simulator/memory/20260613/004_sift_t2i_mfnns_lowef_subef_frontier/scripts/summarize_mfnns_frontier.py,simulator/memory/20260613/006_mfnns_ansmet_lbq_juno_focused/scripts/summarize_lbq_tune.py,figure/evaluation/RTC/extract_rtc_data.py,simulator/memory/20260613/004_sift_t2i_mfnns_lowef_subef_frontier/case_manifest.tsv,simulator/memory/20260613/004_sift_t2i_mfnns_lowef_subef_frontier/yamls/t2i1m_r100_mfnns_lowef_ef002_q008.yaml,22997505f309c0cb2763f18aead56c71a5b6ba1683536b02f6357027b03aadd0,simulator/memory/20260613/004_sift_t2i_mfnns_lowef_subef_frontier/logs/t2i1m_r100_mfnns_lowef_ef002_q008_stats.yml,92f76844bc4381e9849dbdb5ecb504c4ea5c83b56e0a6464cbceb5b1b1ccf666,2,8,7,100,100,1000,1000,1,0,1,OpenRowPolicy,0.14618,572472,1000
T2I1M Recall@100,t2i1m,r100,R100@1000,8,t2i1m_r100_mfnns_lbqfill_ef002_q016,lbqfill,0.18972,4113660.438,583422,1,0,measured_completed_simulator,20260613/006_mfnns_ansmet_lbq_juno_focused,simulator/memory/20260613/006_mfnns_ansmet_lbq_juno_focused/TEST_RECORD.md,simulator/memory/20260613/006_mfnns_ansmet_lbq_juno_focused/scripts/generate_submit_lbq_tune.py,simulator/memory/20260613/006_mfnns_ansmet_lbq_juno_focused/scripts/summarize_lbq_tune.py,simulator/memory/20260613/006_mfnns_ansmet_lbq_juno_focused/scripts/summarize_lbq_tune.py,figure/evaluation/RTC/extract_rtc_data.py,simulator/memory/20260613/006_mfnns_ansmet_lbq_juno_focused/case_manifest.tsv,simulator/memory/20260613/006_mfnns_ansmet_lbq_juno_focused/yamls/t2i1m_r100_mfnns_lbqfill_ef002_q016.yaml,623949cd88e0a2a0a9a19edc7bd2ff9d8f998ed4ab25c03a78eff1294eb63086,simulator/memory/20260613/006_mfnns_ansmet_lbq_juno_focused/logs/t2i1m_r100_mfnns_lbqfill_ef002_q016_stats.yml,0acb286eab224b445ddfbdf765ac182b16ac3ddf6cba25fb8321a46803e513f0,2,16,15,100,100,1000,1000,1,0,1,OpenRowPolicy,0.18972,583422,1000
T2I1M Recall@100,t2i1m,r100,R100@1000,9,t2i1m_r100_mfnns_lbqfill_ef002_q032,lbqfill,0.22907,4001020.26,599847,1,0,measured_completed_simulator,20260613/006_mfnns_ansmet_lbq_juno_focused,simulator/memory/20260613/006_mfnns_ansmet_lbq_juno_focused/TEST_RECORD.md,simulator/memory/20260613/006_mfnns_ansmet_lbq_juno_focused/scripts/generate_submit_lbq_tune.py,simulator/memory/20260613/006_mfnns_ansmet_lbq_juno_focused/scripts/summarize_lbq_tune.py,simulator/memory/20260613/006_mfnns_ansmet_lbq_juno_focused/scripts/summarize_lbq_tune.py,figure/evaluation/RTC/extract_rtc_data.py,simulator/memory/20260613/006_mfnns_ansmet_lbq_juno_focused/case_manifest.tsv,simulator/memory/20260613/006_mfnns_ansmet_lbq_juno_focused/yamls/t2i1m_r100_mfnns_lbqfill_ef002_q032.yaml,58d71d10033e5efbb84fef1a9d1606ad7cdb409e3bce45917cd02e7a4c784193,simulator/memory/20260613/006_mfnns_ansmet_lbq_juno_focused/logs/t2i1m_r100_mfnns_lbqfill_ef002_q032_stats.yml,bf910ed5a60c51fef9d14822d4574c0cea8a2ffc37178d23125f08a4d5bd57ba,2,32,31,100,100,1000,1000,1,0,1,OpenRowPolicy,0.22907,599847,1000
T2I1M Recall@100,t2i1m,r100,R100@1000,10,t2i1m_r100_mfnns_lbqfill_ef002_q064,lbqfill,0.24977,3857299.216,622197,1,0,measured_completed_simulator,20260613/006_mfnns_ansmet_lbq_juno_focused,simulator/memory/20260613/006_mfnns_ansmet_lbq_juno_focused/TEST_RECORD.md,simulator/memory/20260613/006_mfnns_ansmet_lbq_juno_focused/scripts/generate_submit_lbq_tune.py,simulator/memory/20260613/006_mfnns_ansmet_lbq_juno_focused/scripts/summarize_lbq_tune.py,simulator/memory/20260613/006_mfnns_ansmet_lbq_juno_focused/scripts/summarize_lbq_tune.py,figure/evaluation/RTC/extract_rtc_data.py,simulator/memory/20260613/006_mfnns_ansmet_lbq_juno_focused/case_manifest.tsv,simulator/memory/20260613/006_mfnns_ansmet_lbq_juno_focused/yamls/t2i1m_r100_mfnns_lbqfill_ef002_q064.yaml,2fc174020d5501d843ee6bd5701c27762dde0de10a55bc3d8ca280c8348414f7,simulator/memory/20260613/006_mfnns_ansmet_lbq_juno_focused/logs/t2i1m_r100_mfnns_lbqfill_ef002_q064_stats.yml,31ec0d7d8e1bb86477b59b64d78951f5b7bde7557043df7a64c9e84c5f419a65,2,64,63,100,100,1000,1000,1,0,1,OpenRowPolicy,0.24977,622197,1000
T2I1M Recall@100,t2i1m,r100,R100@1000,11,t2i1m_r100_mfnns_lowef_ef002_q001,lowef,0.25423,3547687.573,676497,1,0,measured_completed_simulator,20260613/004_sift_t2i_mfnns_lowef_subef_frontier,simulator/memory/20260613/004_sift_t2i_mfnns_lowef_subef_frontier/TEST_RECORD.md,simulator/memory/20260613/004_sift_t2i_mfnns_lowef_subef_frontier/scripts/generate_submit_t2i_mfnns_refine.py,simulator/memory/20260613/004_sift_t2i_mfnns_lowef_subef_frontier/scripts/summarize_mfnns_frontier.py,simulator/memory/20260613/006_mfnns_ansmet_lbq_juno_focused/scripts/summarize_lbq_tune.py,figure/evaluation/RTC/extract_rtc_data.py,simulator/memory/20260613/004_sift_t2i_mfnns_lowef_subef_frontier/case_manifest.tsv,simulator/memory/20260613/004_sift_t2i_mfnns_lowef_subef_frontier/yamls/t2i1m_r100_mfnns_lowef_ef002_q001.yaml,1139d304a4945d8035a2b92747b8f70024e059e18278aa8644daa9ddc03fcd9b,simulator/memory/20260613/004_sift_t2i_mfnns_lowef_subef_frontier/logs/t2i1m_r100_mfnns_lowef_ef002_q001_stats.yml,3dc0ccb74b99148f8e57048ed59ed03490e876268882c896f4a046aab132b182,2,1,0,100,100,1000,1000,1,0,1,OpenRowPolicy,0.25423,676497,1000
T2I1M Recall@100,t2i1m,r100,R100@1000,12,t2i1m_r100_mfnns_lbqfill_ef003_q024,lbqfill,0.26065,3489655.353,687747,1,0,measured_completed_simulator,20260613/006_mfnns_ansmet_lbq_juno_focused,simulator/memory/20260613/006_mfnns_ansmet_lbq_juno_focused/TEST_RECORD.md,simulator/memory/20260613/006_mfnns_ansmet_lbq_juno_focused/scripts/generate_submit_lbq_tune.py,simulator/memory/20260613/006_mfnns_ansmet_lbq_juno_focused/scripts/summarize_lbq_tune.py,simulator/memory/20260613/006_mfnns_ansmet_lbq_juno_focused/scripts/summarize_lbq_tune.py,figure/evaluation/RTC/extract_rtc_data.py,simulator/memory/20260613/006_mfnns_ansmet_lbq_juno_focused/case_manifest.tsv,simulator/memory/20260613/006_mfnns_ansmet_lbq_juno_focused/yamls/t2i1m_r100_mfnns_lbqfill_ef003_q024.yaml,95115e5465a8cbf8dc201dffa44a8fd448596744a043648c91416d92310fff6c,simulator/memory/20260613/006_mfnns_ansmet_lbq_juno_focused/logs/t2i1m_r100_mfnns_lbqfill_ef003_q024_stats.yml,db2293d959f6e3431061ede0c9ba488065aa095df20ac28ba264995110e1b7d4,3,24,23,100,100,1000,1000,1,0,1,OpenRowPolicy,0.26065,687747,1000
T2I1M Recall@100,t2i1m,r100,R100@1000,13,t2i1m_r100_mfnns_lbqfill_ef003_q048,lbqfill,0.31313,3326071.411,721572,1,0,measured_completed_simulator,20260613/006_mfnns_ansmet_lbq_juno_focused,simulator/memory/20260613/006_mfnns_ansmet_lbq_juno_focused/TEST_RECORD.md,simulator/memory/20260613/006_mfnns_ansmet_lbq_juno_focused/scripts/generate_submit_lbq_tune.py,simulator/memory/20260613/006_mfnns_ansmet_lbq_juno_focused/scripts/summarize_lbq_tune.py,simulator/memory/20260613/006_mfnns_ansmet_lbq_juno_focused/scripts/summarize_lbq_tune.py,figure/evaluation/RTC/extract_rtc_data.py,simulator/memory/20260613/006_mfnns_ansmet_lbq_juno_focused/case_manifest.tsv,simulator/memory/20260613/006_mfnns_ansmet_lbq_juno_focused/yamls/t2i1m_r100_mfnns_lbqfill_ef003_q048.yaml,5783f609c1c99b50cf0acda977e05de1db7914bb81abc698db92f88982692c17,simulator/memory/20260613/006_mfnns_ansmet_lbq_juno_focused/logs/t2i1m_r100_mfnns_lbqfill_ef003_q048_stats.yml,6a825c8f0604c2fde152df86f6245544371585e647153271cd0211c85fe637f1,3,48,47,100,100,1000,1000,1,0,1,OpenRowPolicy,0.31313,721572,1000
T2I1M Recall@100,t2i1m,r100,R100@1000,14,t2i1m_r100_mfnns_lbqfill_ef004_q032,lbqfill,0.32374,3134501.458,765672,1,0,measured_completed_simulator,20260613/006_mfnns_ansmet_lbq_juno_focused,simulator/memory/20260613/006_mfnns_ansmet_lbq_juno_focused/TEST_RECORD.md,simulator/memory/20260613/006_mfnns_ansmet_lbq_juno_focused/scripts/generate_submit_lbq_tune.py,simulator/memory/20260613/006_mfnns_ansmet_lbq_juno_focused/scripts/summarize_lbq_tune.py,simulator/memory/20260613/006_mfnns_ansmet_lbq_juno_focused/scripts/summarize_lbq_tune.py,figure/evaluation/RTC/extract_rtc_data.py,simulator/memory/20260613/006_mfnns_ansmet_lbq_juno_focused/case_manifest.tsv,simulator/memory/20260613/006_mfnns_ansmet_lbq_juno_focused/yamls/t2i1m_r100_mfnns_lbqfill_ef004_q032.yaml,a8c7182132f911f2a0f4e6be9ce41506b34d881d0493d4eaeeaa15e83a9e558a,simulator/memory/20260613/006_mfnns_ansmet_lbq_juno_focused/logs/t2i1m_r100_mfnns_lbqfill_ef004_q032_stats.yml,ad83b87667ec81338c7542817eff96e27230757b702a5fd4ffbd6a223077ab0e,4,32,31,100,100,1000,1000,1,0,1,OpenRowPolicy,0.32374,765672,1000
T2I1M Recall@100,t2i1m,r100,R100@1000,15,t2i1m_r100_mfnns_lbqfill_ef003_q096,lbqfill,0.33472,3108317.079,772122,1,0,measured_completed_simulator,20260613/006_mfnns_ansmet_lbq_juno_focused,simulator/memory/20260613/006_mfnns_ansmet_lbq_juno_focused/TEST_RECORD.md,simulator/memory/20260613/006_mfnns_ansmet_lbq_juno_focused/scripts/generate_submit_lbq_tune.py,simulator/memory/20260613/006_mfnns_ansmet_lbq_juno_focused/scripts/summarize_lbq_tune.py,simulator/memory/20260613/006_mfnns_ansmet_lbq_juno_focused/scripts/summarize_lbq_tune.py,figure/evaluation/RTC/extract_rtc_data.py,simulator/memory/20260613/006_mfnns_ansmet_lbq_juno_focused/case_manifest.tsv,simulator/memory/20260613/006_mfnns_ansmet_lbq_juno_focused/yamls/t2i1m_r100_mfnns_lbqfill_ef003_q096.yaml,3cfaacd0bc9cb4bd1f7f1479e8b8b149d3d051981a21b1815983941dc69707d3,simulator/memory/20260613/006_mfnns_ansmet_lbq_juno_focused/logs/t2i1m_r100_mfnns_lbqfill_ef003_q096_stats.yml,915e6efb0e37445222bab20c9130e851a0d2c91ce4e6cd04976b1f8b6624f17a,3,96,95,100,100,1000,1000,1,0,1,OpenRowPolicy,0.33472,772122,1000
T2I1M Recall@100,t2i1m,r100,R100@1000,16,t2i1m_r100_mfnns_lbqfill_ef004_q064,lbqfill,0.3811,2956677.286,811722,1,0,measured_completed_simulator,20260613/006_mfnns_ansmet_lbq_juno_focused,simulator/memory/20260613/006_mfnns_ansmet_lbq_juno_focused/TEST_RECORD.md,simulator/memory/20260613/006_mfnns_ansmet_lbq_juno_focused/scripts/generate_submit_lbq_tune.py,simulator/memory/20260613/006_mfnns_ansmet_lbq_juno_focused/scripts/summarize_lbq_tune.py,simulator/memory/20260613/006_mfnns_ansmet_lbq_juno_focused/scripts/summarize_lbq_tune.py,figure/evaluation/RTC/extract_rtc_data.py,simulator/memory/20260613/006_mfnns_ansmet_lbq_juno_focused/case_manifest.tsv,simulator/memory/20260613/006_mfnns_ansmet_lbq_juno_focused/yamls/t2i1m_r100_mfnns_lbqfill_ef004_q064.yaml,ed0eea78169ea2ae855f1f407aada00171ea2093bad7fe1952a16d2303f8da28,simulator/memory/20260613/006_mfnns_ansmet_lbq_juno_focused/logs/t2i1m_r100_mfnns_lbqfill_ef004_q064_stats.yml,6ec50f1adc0f4f2dc2d442210013c81643e75df237df5305666da24bf865cd07,4,64,63,100,100,1000,1000,1,0,1,OpenRowPolicy,0.3811,811722,1000
T2I1M Recall@100,t2i1m,r100,R100@1000,17,t2i1m_r100_mfnns_lbqfill_ef004_q128,lbqfill,0.4028,2702483.582,888072,1,1,measured_completed_simulator,20260613/006_mfnns_ansmet_lbq_juno_focused,simulator/memory/20260613/006_mfnns_ansmet_lbq_juno_focused/TEST_RECORD.md,simulator/memory/20260613/006_mfnns_ansmet_lbq_juno_focused/scripts/generate_submit_lbq_tune.py,simulator/memory/20260613/006_mfnns_ansmet_lbq_juno_focused/scripts/summarize_lbq_tune.py,simulator/memory/20260613/006_mfnns_ansmet_lbq_juno_focused/scripts/summarize_lbq_tune.py,figure/evaluation/RTC/extract_rtc_data.py,simulator/memory/20260613/006_mfnns_ansmet_lbq_juno_focused/case_manifest.tsv,simulator/memory/20260613/006_mfnns_ansmet_lbq_juno_focused/yamls/t2i1m_r100_mfnns_lbqfill_ef004_q128.yaml,b4c31238cc0254640dcf5939f9fd81f117059b8b85ebdb914112f83a88ceba4e,simulator/memory/20260613/006_mfnns_ansmet_lbq_juno_focused/logs/t2i1m_r100_mfnns_lbqfill_ef004_q128_stats.yml,46b12fe35978e545e45b8cc592c550d5827cfe1a8cc302d418bac3c1e0ce8f5c,4,128,127,100,100,1000,1000,1,0,1,OpenRowPolicy,0.4028,888072,1000
T2I1M Recall@100,t2i1m,r100,R100@1000,18,t2i1m_r100_mfnns_lbqfill_ef005_q080,lbqfill,0.4347,2641144.408,908697,1,1,measured_completed_simulator,20260613/006_mfnns_ansmet_lbq_juno_focused,simulator/memory/20260613/006_mfnns_ansmet_lbq_juno_focused/TEST_RECORD.md,simulator/memory/20260613/006_mfnns_ansmet_lbq_juno_focused/scripts/generate_submit_lbq_tune.py,simulator/memory/20260613/006_mfnns_ansmet_lbq_juno_focused/scripts/summarize_lbq_tune.py,simulator/memory/20260613/006_mfnns_ansmet_lbq_juno_focused/scripts/summarize_lbq_tune.py,figure/evaluation/RTC/extract_rtc_data.py,simulator/memory/20260613/006_mfnns_ansmet_lbq_juno_focused/case_manifest.tsv,simulator/memory/20260613/006_mfnns_ansmet_lbq_juno_focused/yamls/t2i1m_r100_mfnns_lbqfill_ef005_q080.yaml,8170177cc103b953365d692001f8de229310d13c05c57d39db2047e9d9838289,simulator/memory/20260613/006_mfnns_ansmet_lbq_juno_focused/logs/t2i1m_r100_mfnns_lbqfill_ef005_q080_stats.yml,9f884fdfdae4f3f09cb82df0db9e07c31c6148a0014b42b2a32d28c0dfeceda6,5,80,79,100,100,1000,1000,1,0,1,OpenRowPolicy,0.4347,908697,1000
T2I1M Recall@100,t2i1m,r100,R100@1000,19,t2i1m_r100_mfnns_lbqfill_ef005_q160,lbqfill,0.45416,2362851.253,1015722,1,1,measured_completed_simulator,20260613/006_mfnns_ansmet_lbq_juno_focused,simulator/memory/20260613/006_mfnns_ansmet_lbq_juno_focused/TEST_RECORD.md,simulator/memory/20260613/006_mfnns_ansmet_lbq_juno_focused/scripts/generate_submit_lbq_tune.py,simulator/memory/20260613/006_mfnns_ansmet_lbq_juno_focused/scripts/summarize_lbq_tune.py,simulator/memory/20260613/006_mfnns_ansmet_lbq_juno_focused/scripts/summarize_lbq_tune.py,figure/evaluation/RTC/extract_rtc_data.py,simulator/memory/20260613/006_mfnns_ansmet_lbq_juno_focused/case_manifest.tsv,simulator/memory/20260613/006_mfnns_ansmet_lbq_juno_focused/yamls/t2i1m_r100_mfnns_lbqfill_ef005_q160.yaml,444d42823baf86c3d5ae9a0dadfbcb2ebeffafe1d8cb6a0695d0c454ede22f8f,simulator/memory/20260613/006_mfnns_ansmet_lbq_juno_focused/logs/t2i1m_r100_mfnns_lbqfill_ef005_q160_stats.yml,945a8fb7a4fdad4f50e45378efb65272b1edf56aed4984c4cbbd179f437839e4,5,160,159,100,100,1000,1000,1,0,1,OpenRowPolicy,0.45416,1015722,1000
T2I1M Recall@100,t2i1m,r100,R100@1000,20,t2i1m_r100_mfnns_lbqfill_ef006_q096,lbqfill,0.47973,2341413.16,1025022,1,1,measured_completed_simulator,20260613/006_mfnns_ansmet_lbq_juno_focused,simulator/memory/20260613/006_mfnns_ansmet_lbq_juno_focused/TEST_RECORD.md,simulator/memory/20260613/006_mfnns_ansmet_lbq_juno_focused/scripts/generate_submit_lbq_tune.py,simulator/memory/20260613/006_mfnns_ansmet_lbq_juno_focused/scripts/summarize_lbq_tune.py,simulator/memory/20260613/006_mfnns_ansmet_lbq_juno_focused/scripts/summarize_lbq_tune.py,figure/evaluation/RTC/extract_rtc_data.py,simulator/memory/20260613/006_mfnns_ansmet_lbq_juno_focused/case_manifest.tsv,simulator/memory/20260613/006_mfnns_ansmet_lbq_juno_focused/yamls/t2i1m_r100_mfnns_lbqfill_ef006_q096.yaml,75c589fae1175f085d537d9b1bc2f22039ddb8fb44900c145620a84a9602616c,simulator/memory/20260613/006_mfnns_ansmet_lbq_juno_focused/logs/t2i1m_r100_mfnns_lbqfill_ef006_q096_stats.yml,b0645520cf9a133ccd10eeb7fa0896d00e3bdce1d062f4556eddd4e0a3ec9cf3,6,96,95,100,100,1000,1000,1,0,1,OpenRowPolicy,0.47973,1025022,1000
T2I1M Recall@100,t2i1m,r100,R100@1000,21,t2i1m_r100_mfnns_lbqfill_ef008_q064,lbqfill,0.49527,2216686.663,1082697,1,1,measured_completed_simulator,20260613/006_mfnns_ansmet_lbq_juno_focused,simulator/memory/20260613/006_mfnns_ansmet_lbq_juno_focused/TEST_RECORD.md,simulator/memory/20260613/006_mfnns_ansmet_lbq_juno_focused/scripts/generate_submit_lbq_tune.py,simulator/memory/20260613/006_mfnns_ansmet_lbq_juno_focused/scripts/summarize_lbq_tune.py,simulator/memory/20260613/006_mfnns_ansmet_lbq_juno_focused/scripts/summarize_lbq_tune.py,figure/evaluation/RTC/extract_rtc_data.py,simulator/memory/20260613/006_mfnns_ansmet_lbq_juno_focused/case_manifest.tsv,simulator/memory/20260613/006_mfnns_ansmet_lbq_juno_focused/yamls/t2i1m_r100_mfnns_lbqfill_ef008_q064.yaml,b205a6c7195af826db4b77a2e6ab100bcd28d0ef4f82338158aff4dd2bfab680,simulator/memory/20260613/006_mfnns_ansmet_lbq_juno_focused/logs/t2i1m_r100_mfnns_lbqfill_ef008_q064_stats.yml,529f1d830fb950ad788e3c925aaf0ef32c6a1187349658ab71892d1b652189ab,8,64,63,100,100,1000,1000,1,0,1,OpenRowPolicy,0.49527,1082697,1000
T2I1M Recall@100,t2i1m,r100,R100@1000,22,t2i1m_r100_mfnns_lbqfill_ef006_q192,lbqfill,0.49565,2074156.272,1157097,1,1,measured_completed_simulator,20260613/006_mfnns_ansmet_lbq_juno_focused,simulator/memory/20260613/006_mfnns_ansmet_lbq_juno_focused/TEST_RECORD.md,simulator/memory/20260613/006_mfnns_ansmet_lbq_juno_focused/scripts/generate_submit_lbq_tune.py,simulator/memory/20260613/006_mfnns_ansmet_lbq_juno_focused/scripts/summarize_lbq_tune.py,simulator/memory/20260613/006_mfnns_ansmet_lbq_juno_focused/scripts/summarize_lbq_tune.py,figure/evaluation/RTC/extract_rtc_data.py,simulator/memory/20260613/006_mfnns_ansmet_lbq_juno_focused/case_manifest.tsv,simulator/memory/20260613/006_mfnns_ansmet_lbq_juno_focused/yamls/t2i1m_r100_mfnns_lbqfill_ef006_q192.yaml,72fa3aba5bf537c6b41f475cf6a8e2f1db6962d1019445ffad112c5f641a8326,simulator/memory/20260613/006_mfnns_ansmet_lbq_juno_focused/logs/t2i1m_r100_mfnns_lbqfill_ef006_q192_stats.yml,da60034d06cbf541d6a37780e74b8a9c79dc2fa6a448e09eecd8583c033b8992,6,192,191,100,100,1000,1000,1,0,1,OpenRowPolicy,0.49565,1157097,1000
T2I1M Recall@100,t2i1m,r100,R100@1000,23,t2i1m_r100_mfnns_lbqfill_ef008_q128,lbqfill,0.55135,1981797.193,1211022,1,1,measured_completed_simulator,20260613/006_mfnns_ansmet_lbq_juno_focused,simulator/memory/20260613/006_mfnns_ansmet_lbq_juno_focused/TEST_RECORD.md,simulator/memory/20260613/006_mfnns_ansmet_lbq_juno_focused/scripts/generate_submit_lbq_tune.py,simulator/memory/20260613/006_mfnns_ansmet_lbq_juno_focused/scripts/summarize_lbq_tune.py,simulator/memory/20260613/006_mfnns_ansmet_lbq_juno_focused/scripts/summarize_lbq_tune.py,figure/evaluation/RTC/extract_rtc_data.py,simulator/memory/20260613/006_mfnns_ansmet_lbq_juno_focused/case_manifest.tsv,simulator/memory/20260613/006_mfnns_ansmet_lbq_juno_focused/yamls/t2i1m_r100_mfnns_lbqfill_ef008_q128.yaml,c6c45e9664e41ad2113f8a84d83a8e003d8d1311bbbe87d181e2bdd2d5e11d5d,simulator/memory/20260613/006_mfnns_ansmet_lbq_juno_focused/logs/t2i1m_r100_mfnns_lbqfill_ef008_q128_stats.yml,3d2a0bcfa5c32cf0cb5c6bcdef3e557a7658f070aaf525ffd488c4d7580bf1d9,8,128,127,100,100,1000,1000,1,0,1,OpenRowPolicy,0.55135,1211022,1000
T2I1M Recall@100,t2i1m,r100,R100@1000,24,t2i1m_r100_mfnns_lbqfill_ef010_q080,lbqfill,0.55303,1944347.902,1234347,1,1,measured_completed_simulator,20260613/006_mfnns_ansmet_lbq_juno_focused,simulator/memory/20260613/006_mfnns_ansmet_lbq_juno_focused/TEST_RECORD.md,simulator/memory/20260613/006_mfnns_ansmet_lbq_juno_focused/scripts/generate_submit_lbq_tune.py,simulator/memory/20260613/006_mfnns_ansmet_lbq_juno_focused/scripts/summarize_lbq_tune.py,simulator/memory/20260613/006_mfnns_ansmet_lbq_juno_focused/scripts/summarize_lbq_tune.py,figure/evaluation/RTC/extract_rtc_data.py,simulator/memory/20260613/006_mfnns_ansmet_lbq_juno_focused/case_manifest.tsv,simulator/memory/20260613/006_mfnns_ansmet_lbq_juno_focused/yamls/t2i1m_r100_mfnns_lbqfill_ef010_q080.yaml,5943c2b17b5666fe4cf68e802c1335cc2d5bd322dbf8595c66a8f5e49108c559,simulator/memory/20260613/006_mfnns_ansmet_lbq_juno_focused/logs/t2i1m_r100_mfnns_lbqfill_ef010_q080_stats.yml,19c0e2476c815e085f381f5cc41efe500af9a992c48eef31af5797e89dd10281,10,80,79,100,100,1000,1000,1,0,1,OpenRowPolicy,0.55303,1234347,1000
T2I1M Recall@100,t2i1m,r100,R100@1000,25,t2i1m_r100_mfnns_lbqfill_ef012_q096,lbqfill,0.60871,1707854.422,1405272,1,1,measured_completed_simulator,20260613/006_mfnns_ansmet_lbq_juno_focused,simulator/memory/20260613/006_mfnns_ansmet_lbq_juno_focused/TEST_RECORD.md,simulator/memory/20260613/006_mfnns_ansmet_lbq_juno_focused/scripts/generate_submit_lbq_tune.py,simulator/memory/20260613/006_mfnns_ansmet_lbq_juno_focused/scripts/summarize_lbq_tune.py,simulator/memory/20260613/006_mfnns_ansmet_lbq_juno_focused/scripts/summarize_lbq_tune.py,figure/evaluation/RTC/extract_rtc_data.py,simulator/memory/20260613/006_mfnns_ansmet_lbq_juno_focused/case_manifest.tsv,simulator/memory/20260613/006_mfnns_ansmet_lbq_juno_focused/yamls/t2i1m_r100_mfnns_lbqfill_ef012_q096.yaml,444fd1c6314715dcd4d08cebbd5e8611c0082dc84ec47b1350bb61f9f4fda2b4,simulator/memory/20260613/006_mfnns_ansmet_lbq_juno_focused/logs/t2i1m_r100_mfnns_lbqfill_ef012_q096_stats.yml,0fe9758f40299624c8f153b94c9a47f6f2797ff140acbfe75e7249128a7351fc,12,96,95,100,100,1000,1000,1,0,1,OpenRowPolicy,0.60871,1405272,1000
T2I1M Recall@100,t2i1m,r100,R100@1000,26,t2i1m_r100_mfnns_lbqfill_ef012_q192,lbqfill,0.64955,1470185.556,1632447,1,1,measured_completed_simulator,20260613/006_mfnns_ansmet_lbq_juno_focused,simulator/memory/20260613/006_mfnns_ansmet_lbq_juno_focused/TEST_RECORD.md,simulator/memory/20260613/006_mfnns_ansmet_lbq_juno_focused/scripts/generate_submit_lbq_tune.py,simulator/memory/20260613/006_mfnns_ansmet_lbq_juno_focused/scripts/summarize_lbq_tune.py,simulator/memory/20260613/006_mfnns_ansmet_lbq_juno_focused/scripts/summarize_lbq_tune.py,figure/evaluation/RTC/extract_rtc_data.py,simulator/memory/20260613/006_mfnns_ansmet_lbq_juno_focused/case_manifest.tsv,simulator/memory/20260613/006_mfnns_ansmet_lbq_juno_focused/yamls/t2i1m_r100_mfnns_lbqfill_ef012_q192.yaml,4c147395287cf295388a3253eadb61124c35962884467d27b811db0b3e528263,simulator/memory/20260613/006_mfnns_ansmet_lbq_juno_focused/logs/t2i1m_r100_mfnns_lbqfill_ef012_q192_stats.yml,733ea2085267c6b7fed964233c18609926a727f5f592ad44f428e2ad39e5caed,12,192,191,100,100,1000,1000,1,0,1,OpenRowPolicy,0.64955,1632447,1000
T2I1M Recall@100,t2i1m,r100,R100@1000,27,t2i1m_r100_mfnns_lbqfill_ef015_q120,lbqfill,0.66577,1463528.861,1639872,1,1,measured_completed_simulator,20260613/006_mfnns_ansmet_lbq_juno_focused,simulator/memory/20260613/006_mfnns_ansmet_lbq_juno_focused/TEST_RECORD.md,simulator/memory/20260613/006_mfnns_ansmet_lbq_juno_focused/scripts/generate_submit_lbq_tune.py,simulator/memory/20260613/006_mfnns_ansmet_lbq_juno_focused/scripts/summarize_lbq_tune.py,simulator/memory/20260613/006_mfnns_ansmet_lbq_juno_focused/scripts/summarize_lbq_tune.py,figure/evaluation/RTC/extract_rtc_data.py,simulator/memory/20260613/006_mfnns_ansmet_lbq_juno_focused/case_manifest.tsv,simulator/memory/20260613/006_mfnns_ansmet_lbq_juno_focused/yamls/t2i1m_r100_mfnns_lbqfill_ef015_q120.yaml,a9ac61be72af549c688d4d90fdf1e0713be7bcaff2b39c9c41e6b1507c6c0356,simulator/memory/20260613/006_mfnns_ansmet_lbq_juno_focused/logs/t2i1m_r100_mfnns_lbqfill_ef015_q120_stats.yml,48f6de98403bf52a15820fc3b9d0386ec214d0657463eb604a4705f2cbbb6374,15,120,119,100,100,1000,1000,1,0,1,OpenRowPolicy,0.66577,1639872,1000
T2I1M Recall@100,t2i1m,r100,R100@1000,28,t2i1m_r100_mfnns_lbqfill_ef015_q240,lbqfill,0.69672,1229777.841,1951572,1,1,measured_completed_simulator,20260613/006_mfnns_ansmet_lbq_juno_focused,simulator/memory/20260613/006_mfnns_ansmet_lbq_juno_focused/TEST_RECORD.md,simulator/memory/20260613/006_mfnns_ansmet_lbq_juno_focused/scripts/generate_submit_lbq_tune.py,simulator/memory/20260613/006_mfnns_ansmet_lbq_juno_focused/scripts/summarize_lbq_tune.py,simulator/memory/20260613/006_mfnns_ansmet_lbq_juno_focused/scripts/summarize_lbq_tune.py,figure/evaluation/RTC/extract_rtc_data.py,simulator/memory/20260613/006_mfnns_ansmet_lbq_juno_focused/case_manifest.tsv,simulator/memory/20260613/006_mfnns_ansmet_lbq_juno_focused/yamls/t2i1m_r100_mfnns_lbqfill_ef015_q240.yaml,39302fef86aa8a75ebf629f0dfe6d3d8d88d5751cd40a2b2c30460d28fcb09f5,simulator/memory/20260613/006_mfnns_ansmet_lbq_juno_focused/logs/t2i1m_r100_mfnns_lbqfill_ef015_q240_stats.yml,d57b5aa8674e8b6b1527443da9ffc39189ec2671b3a673e1413302385fbaf766,15,240,239,100,100,1000,1000,1,0,1,OpenRowPolicy,0.69672,1951572,1000
T2I1M Recall@100,t2i1m,r100,R100@1000,29,t2i1m_r100_mfnns_lbqfill_ef020_q160,lbqfill,0.73672,1148972.962,2088822,1,1,measured_completed_simulator,20260613/006_mfnns_ansmet_lbq_juno_focused,simulator/memory/20260613/006_mfnns_ansmet_lbq_juno_focused/TEST_RECORD.md,simulator/memory/20260613/006_mfnns_ansmet_lbq_juno_focused/scripts/generate_submit_lbq_tune.py,simulator/memory/20260613/006_mfnns_ansmet_lbq_juno_focused/scripts/summarize_lbq_tune.py,simulator/memory/20260613/006_mfnns_ansmet_lbq_juno_focused/scripts/summarize_lbq_tune.py,figure/evaluation/RTC/extract_rtc_data.py,simulator/memory/20260613/006_mfnns_ansmet_lbq_juno_focused/case_manifest.tsv,simulator/memory/20260613/006_mfnns_ansmet_lbq_juno_focused/yamls/t2i1m_r100_mfnns_lbqfill_ef020_q160.yaml,56e81eb46c8016ece23c961537210647b06c0531cea7ba22bff5b13ba25dd9fd,simulator/memory/20260613/006_mfnns_ansmet_lbq_juno_focused/logs/t2i1m_r100_mfnns_lbqfill_ef020_q160_stats.yml,136cb313164d2c85df44e61036a1161aa7de9089b9fcf6f1baacd179d8b0dfb7,20,160,159,100,100,1000,1000,1,0,1,OpenRowPolicy,0.73672,2088822,1000
T2I1M Recall@100,t2i1m,r100,R100@1000,30,t2i1m_r100_mfnns_lbqfill_ef020_q320,lbqfill,0.75365,927591.0807,2587347,1,1,measured_completed_simulator,20260613/006_mfnns_ansmet_lbq_juno_focused,simulator/memory/20260613/006_mfnns_ansmet_lbq_juno_focused/TEST_RECORD.md,simulator/memory/20260613/006_mfnns_ansmet_lbq_juno_focused/scripts/generate_submit_lbq_tune.py,simulator/memory/20260613/006_mfnns_ansmet_lbq_juno_focused/scripts/summarize_lbq_tune.py,simulator/memory/20260613/006_mfnns_ansmet_lbq_juno_focused/scripts/summarize_lbq_tune.py,figure/evaluation/RTC/extract_rtc_data.py,simulator/memory/20260613/006_mfnns_ansmet_lbq_juno_focused/case_manifest.tsv,simulator/memory/20260613/006_mfnns_ansmet_lbq_juno_focused/yamls/t2i1m_r100_mfnns_lbqfill_ef020_q320.yaml,66f64e1786ed3c8462c4aff21c873fe62cbf3eb033f98f26297d6ecb990ef410,simulator/memory/20260613/006_mfnns_ansmet_lbq_juno_focused/logs/t2i1m_r100_mfnns_lbqfill_ef020_q320_stats.yml,fe9744f56711ecb18cff7c1b6088dcda37cf9675dceafb6886cd1552b213df61,20,320,319,100,100,1000,1000,1,0,1,OpenRowPolicy,0.75365,2587347,1000
T2I1M Recall@100,t2i1m,r100,R100@1000,31,t2i1m_r100_mfnns_ef030_q120,broad,0.75753,921766.2424,2603697,1,1,measured_completed_simulator,20260612/002_sift_t2i_ansmet_mfnns_r1_r100_frontier,simulator/memory/20260612/002_sift_t2i_ansmet_mfnns_r1_r100_frontier/TEST_RECORD.md,simulator/memory/20260612/002_sift_t2i_ansmet_mfnns_r1_r100_frontier/scripts/generate_submit_frontier.py,simulator/memory/20260612/002_sift_t2i_ansmet_mfnns_r1_r100_frontier/scripts/summarize_frontier.py,simulator/memory/20260613/006_mfnns_ansmet_lbq_juno_focused/scripts/summarize_lbq_tune.py,figure/evaluation/RTC/extract_rtc_data.py,simulator/memory/20260612/002_sift_t2i_ansmet_mfnns_r1_r100_frontier/case_manifest.tsv,simulator/memory/20260612/002_sift_t2i_ansmet_mfnns_r1_r100_frontier/yamls/t2i1m_r100_mfnns_ef030_q120.yaml,9aeebb6b77faf32a99f3dbc2fba406fe494bc380228cf7740038a1196510dcc8,simulator/memory/20260612/002_sift_t2i_ansmet_mfnns_r1_r100_frontier/logs/t2i1m_r100_mfnns_ef030_q120_stats.yml,30658241c01faca7e78cf58921ae0ab61f33b686d56e029503e67dbddcce0b3d,30,120,119,100,100,1000,1000,1,0,1,OpenRowPolicy,0.75753,2603697,1000
T2I1M Recall@100,t2i1m,r100,R100@1000,32,t2i1m_r100_mfnns_lbqfill_ef030_q240,lbqfill,0.81668,762105.0867,3149172,1,1,measured_completed_simulator,20260613/006_mfnns_ansmet_lbq_juno_focused,simulator/memory/20260613/006_mfnns_ansmet_lbq_juno_focused/TEST_RECORD.md,simulator/memory/20260613/006_mfnns_ansmet_lbq_juno_focused/scripts/generate_submit_lbq_tune.py,simulator/memory/20260613/006_mfnns_ansmet_lbq_juno_focused/scripts/summarize_lbq_tune.py,simulator/memory/20260613/006_mfnns_ansmet_lbq_juno_focused/scripts/summarize_lbq_tune.py,figure/evaluation/RTC/extract_rtc_data.py,simulator/memory/20260613/006_mfnns_ansmet_lbq_juno_focused/case_manifest.tsv,simulator/memory/20260613/006_mfnns_ansmet_lbq_juno_focused/yamls/t2i1m_r100_mfnns_lbqfill_ef030_q240.yaml,d401af2f879a87453f7d02f55d5db50f0dd39a22fd1ec764957809589ded3425,simulator/memory/20260613/006_mfnns_ansmet_lbq_juno_focused/logs/t2i1m_r100_mfnns_lbqfill_ef030_q240_stats.yml,92e1b29e7e52edb8473ccf8359ef78b5723f5383fd5d81930534ecff141a159c,30,240,239,100,100,1000,1000,1,0,1,OpenRowPolicy,0.81668,3149172,1000
T2I1M Recall@100,t2i1m,r100,R100@1000,33,t2i1m_r100_mfnns_ef040_q160,broad,0.82663,676633.4778,3546972,1,1,measured_completed_simulator,20260612/002_sift_t2i_ansmet_mfnns_r1_r100_frontier,simulator/memory/20260612/002_sift_t2i_ansmet_mfnns_r1_r100_frontier/TEST_RECORD.md,simulator/memory/20260612/002_sift_t2i_ansmet_mfnns_r1_r100_frontier/scripts/generate_submit_frontier.py,simulator/memory/20260612/002_sift_t2i_ansmet_mfnns_r1_r100_frontier/scripts/summarize_frontier.py,simulator/memory/20260613/006_mfnns_ansmet_lbq_juno_focused/scripts/summarize_lbq_tune.py,figure/evaluation/RTC/extract_rtc_data.py,simulator/memory/20260612/002_sift_t2i_ansmet_mfnns_r1_r100_frontier/case_manifest.tsv,simulator/memory/20260612/002_sift_t2i_ansmet_mfnns_r1_r100_frontier/yamls/t2i1m_r100_mfnns_ef040_q160.yaml,dbd3af6f2cebe2c0939e1273d1c795367df7e134946628d520e13950badfcc66,simulator/memory/20260612/002_sift_t2i_ansmet_mfnns_r1_r100_frontier/logs/t2i1m_r100_mfnns_ef040_q160_stats.yml,c498465c1357c8bd7407ce903082ff799fd5f4717890633d851a4ba4a590d9c8,40,160,159,100,100,1000,1000,1,0,1,OpenRowPolicy,0.82663,3546972,1000
T2I1M Recall@100,t2i1m,r100,R100@1000,34,t2i1m_r100_mfnns_lbqfill_ef040_q320,lbqfill,0.85937,537652.8362,4463847,1,1,measured_completed_simulator,20260613/006_mfnns_ansmet_lbq_juno_focused,simulator/memory/20260613/006_mfnns_ansmet_lbq_juno_focused/TEST_RECORD.md,simulator/memory/20260613/006_mfnns_ansmet_lbq_juno_focused/scripts/generate_submit_lbq_tune.py,simulator/memory/20260613/006_mfnns_ansmet_lbq_juno_focused/scripts/summarize_lbq_tune.py,simulator/memory/20260613/006_mfnns_ansmet_lbq_juno_focused/scripts/summarize_lbq_tune.py,figure/evaluation/RTC/extract_rtc_data.py,simulator/memory/20260613/006_mfnns_ansmet_lbq_juno_focused/case_manifest.tsv,simulator/memory/20260613/006_mfnns_ansmet_lbq_juno_focused/yamls/t2i1m_r100_mfnns_lbqfill_ef040_q320.yaml,5f4f0b9c2a4fb47ca3fb8f99adfa22987ba68c45678d8d7999192752f74bcb0f,simulator/memory/20260613/006_mfnns_ansmet_lbq_juno_focused/logs/t2i1m_r100_mfnns_lbqfill_ef040_q320_stats.yml,726f1dc5d968ae59a018400007120f711fd697dd3ad7088585bce9a7a96fddf0,40,320,319,100,100,1000,1000,1,0,1,OpenRowPolicy,0.85937,4463847,1000
T2I1M Recall@100,t2i1m,r100,R100@1000,35,t2i1m_r100_mfnns_ef050_q200,broad,0.86962,525048.5342,4571006,1,1,measured_completed_simulator,20260612/002_sift_t2i_ansmet_mfnns_r1_r100_frontier,simulator/memory/20260612/002_sift_t2i_ansmet_mfnns_r1_r100_frontier/TEST_RECORD.md,simulator/memory/20260612/002_sift_t2i_ansmet_mfnns_r1_r100_frontier/scripts/generate_submit_frontier.py,simulator/memory/20260612/002_sift_t2i_ansmet_mfnns_r1_r100_frontier/scripts/summarize_frontier.py,simulator/memory/20260613/006_mfnns_ansmet_lbq_juno_focused/scripts/summarize_lbq_tune.py,figure/evaluation/RTC/extract_rtc_data.py,simulator/memory/20260612/002_sift_t2i_ansmet_mfnns_r1_r100_frontier/case_manifest.tsv,simulator/memory/20260612/002_sift_t2i_ansmet_mfnns_r1_r100_frontier/yamls/t2i1m_r100_mfnns_ef050_q200.yaml,9a62356ee78d6119a430e3e5edde74bd57c3b72826820ecb576f7fcf8bd9b331,simulator/memory/20260612/002_sift_t2i_ansmet_mfnns_r1_r100_frontier/logs/t2i1m_r100_mfnns_ef050_q200_stats.yml,7d08af82b24bce5939745775b936ce633e2605dcff3b97c84f9d97e26b3f1ce3,50,200,199,100,100,1000,1000,1,0,1,OpenRowPolicy,0.86962,4571006,1000
T2I1M Recall@100,t2i1m,r100,R100@1000,36,t2i1m_r100_mfnns_ef060_q240,broad,0.89863,412100.5072,5823822,1,1,measured_completed_simulator,20260612/002_sift_t2i_ansmet_mfnns_r1_r100_frontier,simulator/memory/20260612/002_sift_t2i_ansmet_mfnns_r1_r100_frontier/TEST_RECORD.md,simulator/memory/20260612/002_sift_t2i_ansmet_mfnns_r1_r100_frontier/scripts/generate_submit_frontier.py,simulator/memory/20260612/002_sift_t2i_ansmet_mfnns_r1_r100_frontier/scripts/summarize_frontier.py,simulator/memory/20260613/006_mfnns_ansmet_lbq_juno_focused/scripts/summarize_lbq_tune.py,figure/evaluation/RTC/extract_rtc_data.py,simulator/memory/20260612/002_sift_t2i_ansmet_mfnns_r1_r100_frontier/case_manifest.tsv,simulator/memory/20260612/002_sift_t2i_ansmet_mfnns_r1_r100_frontier/yamls/t2i1m_r100_mfnns_ef060_q240.yaml,8d48e74c7ad95a9d684856b6a50fa9d553f7f2265fa3bf6cff63dcb11be00282,simulator/memory/20260612/002_sift_t2i_ansmet_mfnns_r1_r100_frontier/logs/t2i1m_r100_mfnns_ef060_q240_stats.yml,908f1776180262e83f348252e246cb39ee1ba8ebd6ca507c9071886a940874df,60,240,239,100,100,1000,1000,1,0,1,OpenRowPolicy,0.89863,5823822,1000
T2I1M Recall@100,t2i1m,r100,R100@1000,37,t2i1m_r100_mfnns_subef_ef060_q001,subef,0.9075,288322.1596,8324022,1,1,measured_completed_simulator,20260613/004_sift_t2i_mfnns_lowef_subef_frontier,simulator/memory/20260613/004_sift_t2i_mfnns_lowef_subef_frontier/TEST_RECORD.md,simulator/memory/20260613/004_sift_t2i_mfnns_lowef_subef_frontier/scripts/generate_submit_t2i_mfnns_refine.py,simulator/memory/20260613/004_sift_t2i_mfnns_lowef_subef_frontier/scripts/summarize_mfnns_frontier.py,simulator/memory/20260613/006_mfnns_ansmet_lbq_juno_focused/scripts/summarize_lbq_tune.py,figure/evaluation/RTC/extract_rtc_data.py,simulator/memory/20260613/004_sift_t2i_mfnns_lowef_subef_frontier/case_manifest.tsv,simulator/memory/20260613/004_sift_t2i_mfnns_lowef_subef_frontier/yamls/t2i1m_r100_mfnns_subef_ef060_q001.yaml,69f73a22e837a37f1bbcb8693e7bf4e252896ac35f1dbff14d5f94dd5f268de4,simulator/memory/20260613/004_sift_t2i_mfnns_lowef_subef_frontier/logs/t2i1m_r100_mfnns_subef_ef060_q001_stats.yml,ce24e3e8762505ebd9704ebb4fef9d8d8f561be6e2f8b5e1c00531451f0e0ec2,60,1,0,100,100,1000,1000,1,0,1,OpenRowPolicy,0.9075,8324022,1000
T2I1M Recall@100,t2i1m,r100,R100@1000,38,t2i1m_r100_mfnns_ef080_q320,broad,0.93211,274602.7785,8739897,1,1,measured_completed_simulator,20260612/002_sift_t2i_ansmet_mfnns_r1_r100_frontier,simulator/memory/20260612/002_sift_t2i_ansmet_mfnns_r1_r100_frontier/TEST_RECORD.md,simulator/memory/20260612/002_sift_t2i_ansmet_mfnns_r1_r100_frontier/scripts/generate_submit_frontier.py,simulator/memory/20260612/002_sift_t2i_ansmet_mfnns_r1_r100_frontier/scripts/summarize_frontier.py,simulator/memory/20260613/006_mfnns_ansmet_lbq_juno_focused/scripts/summarize_lbq_tune.py,figure/evaluation/RTC/extract_rtc_data.py,simulator/memory/20260612/002_sift_t2i_ansmet_mfnns_r1_r100_frontier/case_manifest.tsv,simulator/memory/20260612/002_sift_t2i_ansmet_mfnns_r1_r100_frontier/yamls/t2i1m_r100_mfnns_ef080_q320.yaml,93399664344b078a74167b2e9bf7020e4d565d45f1a641fbdffaabf4f590354b,simulator/memory/20260612/002_sift_t2i_ansmet_mfnns_r1_r100_frontier/logs/t2i1m_r100_mfnns_ef080_q320_stats.yml,9b0df2c8cedcb3736d3a450f0238c0beb544a7defc53f52210237689c736ee96,80,320,319,100,100,1000,1000,1,0,1,OpenRowPolicy,0.93211,8739897,1000
T2I1M Recall@100,t2i1m,r100,R100@1000,39,t2i1m_r100_mfnns_subef_ef080_q001,subef,0.93436,208573.7363,11506722,1,1,measured_completed_simulator,20260613/004_sift_t2i_mfnns_lowef_subef_frontier,simulator/memory/20260613/004_sift_t2i_mfnns_lowef_subef_frontier/TEST_RECORD.md,simulator/memory/20260613/004_sift_t2i_mfnns_lowef_subef_frontier/scripts/generate_submit_t2i_mfnns_refine.py,simulator/memory/20260613/004_sift_t2i_mfnns_lowef_subef_frontier/scripts/summarize_mfnns_frontier.py,simulator/memory/20260613/006_mfnns_ansmet_lbq_juno_focused/scripts/summarize_lbq_tune.py,figure/evaluation/RTC/extract_rtc_data.py,simulator/memory/20260613/004_sift_t2i_mfnns_lowef_subef_frontier/case_manifest.tsv,simulator/memory/20260613/004_sift_t2i_mfnns_lowef_subef_frontier/yamls/t2i1m_r100_mfnns_subef_ef080_q001.yaml,002028962ba86e164be54de0916a0c1b171741d173c29648b77b00a7363b0a24,simulator/memory/20260613/004_sift_t2i_mfnns_lowef_subef_frontier/logs/t2i1m_r100_mfnns_subef_ef080_q001_stats.yml,056ca29336e5fa28449b681c778d25cb7a28457bb0e29f3049568707f2401b85,80,1,0,100,100,1000,1000,1,0,1,OpenRowPolicy,0.93436,11506722,1000
T2I1M Recall@100,t2i1m,r100,R100@1000,40,t2i1m_r100_mfnns_highef_lowqps_ef120_q240,highef_lowqps,0.94067,203253.9088,11807891,1,1,measured_completed_simulator,20260613/004_sift_t2i_mfnns_lowef_subef_frontier,simulator/memory/20260613/004_sift_t2i_mfnns_lowef_subef_frontier/TEST_RECORD.md,simulator/memory/20260613/004_sift_t2i_mfnns_lowef_subef_frontier/scripts/generate_submit_t2i_mfnns_refine.py,simulator/memory/20260613/004_sift_t2i_mfnns_lowef_subef_frontier/scripts/summarize_mfnns_frontier.py,simulator/memory/20260613/006_mfnns_ansmet_lbq_juno_focused/scripts/summarize_lbq_tune.py,figure/evaluation/RTC/extract_rtc_data.py,simulator/memory/20260613/004_sift_t2i_mfnns_lowef_subef_frontier/case_manifest.tsv,simulator/memory/20260613/004_sift_t2i_mfnns_lowef_subef_frontier/yamls/t2i1m_r100_mfnns_highef_lowqps_ef120_q240.yaml,63808ef06734cd266989d6e72432fb410e2bdbfa408e70310aeb4adf0b5df262,simulator/memory/20260613/004_sift_t2i_mfnns_lowef_subef_frontier/logs/t2i1m_r100_mfnns_highef_lowqps_ef120_q240_stats.yml,36e60317af20febdc409d5fbef0450296c4ea3561cf3c0d33cefb492421fa08a,120,240,239,100,100,1000,1000,1,0,1,OpenRowPolicy,0.94067,11807891,1000
T2I1M Recall@100,t2i1m,r100,R100@1000,41,t2i1m_r100_mfnns_ef100_q400,broad,0.94907,195307.0801,12288341,1,1,measured_completed_simulator,20260612/002_sift_t2i_ansmet_mfnns_r1_r100_frontier,simulator/memory/20260612/002_sift_t2i_ansmet_mfnns_r1_r100_frontier/TEST_RECORD.md,simulator/memory/20260612/002_sift_t2i_ansmet_mfnns_r1_r100_frontier/scripts/generate_submit_frontier.py,simulator/memory/20260612/002_sift_t2i_ansmet_mfnns_r1_r100_frontier/scripts/summarize_frontier.py,simulator/memory/20260613/006_mfnns_ansmet_lbq_juno_focused/scripts/summarize_lbq_tune.py,figure/evaluation/RTC/extract_rtc_data.py,simulator/memory/20260612/002_sift_t2i_ansmet_mfnns_r1_r100_frontier/case_manifest.tsv,simulator/memory/20260612/002_sift_t2i_ansmet_mfnns_r1_r100_frontier/yamls/t2i1m_r100_mfnns_ef100_q400.yaml,655b86a2ef7002f4b8448e9b6c166c3e9ce113360302ac5d041635d1bdc6f43f,simulator/memory/20260612/002_sift_t2i_ansmet_mfnns_r1_r100_frontier/logs/t2i1m_r100_mfnns_ef100_q400_stats.yml,4f8225cd9f66a19c1ccdef9f42cda3c7792afb0e2249419632a65126befb7a0d,100,400,399,100,100,1000,1000,1,0,1,OpenRowPolicy,0.94907,12288341,1000
T2I1M Recall@100,t2i1m,r100,R100@1000,42,t2i1m_r100_mfnns_subef_ef100_q001,subef,0.94967,160640.7101,14940173,1,1,measured_completed_simulator,20260613/004_sift_t2i_mfnns_lowef_subef_frontier,simulator/memory/20260613/004_sift_t2i_mfnns_lowef_subef_frontier/TEST_RECORD.md,simulator/memory/20260613/004_sift_t2i_mfnns_lowef_subef_frontier/scripts/generate_submit_t2i_mfnns_refine.py,simulator/memory/20260613/004_sift_t2i_mfnns_lowef_subef_frontier/scripts/summarize_mfnns_frontier.py,simulator/memory/20260613/006_mfnns_ansmet_lbq_juno_focused/scripts/summarize_lbq_tune.py,figure/evaluation/RTC/extract_rtc_data.py,simulator/memory/20260613/004_sift_t2i_mfnns_lowef_subef_frontier/case_manifest.tsv,simulator/memory/20260613/004_sift_t2i_mfnns_lowef_subef_frontier/yamls/t2i1m_r100_mfnns_subef_ef100_q001.yaml,04ea0ebdd57df2fa64eb812e2a646b2c0f6a8e1613edabd6fbac015bfabb8bb6,simulator/memory/20260613/004_sift_t2i_mfnns_lowef_subef_frontier/logs/t2i1m_r100_mfnns_subef_ef100_q001_stats.yml,47e929d6fb76b3df1160a078cf30981378b011455f1ae1a03cb77d96f1d57231,100,1,0,100,100,1000,1000,1,0,1,OpenRowPolicy,0.94967,14940173,1000
T2I1M Recall@100,t2i1m,r100,R100@1000,43,t2i1m_r100_mfnns_highef_lowqps_ef120_q480,highef_lowqps,0.96037,156772.4114,15308816,1,1,measured_completed_simulator,20260613/004_sift_t2i_mfnns_lowef_subef_frontier,simulator/memory/20260613/004_sift_t2i_mfnns_lowef_subef_frontier/TEST_RECORD.md,simulator/memory/20260613/004_sift_t2i_mfnns_lowef_subef_frontier/scripts/generate_submit_t2i_mfnns_refine.py,simulator/memory/20260613/004_sift_t2i_mfnns_lowef_subef_frontier/scripts/summarize_mfnns_frontier.py,simulator/memory/20260613/006_mfnns_ansmet_lbq_juno_focused/scripts/summarize_lbq_tune.py,figure/evaluation/RTC/extract_rtc_data.py,simulator/memory/20260613/004_sift_t2i_mfnns_lowef_subef_frontier/case_manifest.tsv,simulator/memory/20260613/004_sift_t2i_mfnns_lowef_subef_frontier/yamls/t2i1m_r100_mfnns_highef_lowqps_ef120_q480.yaml,f01a49e3eb68f24f36cc0a452d4358fda1a448a3ed9638249c84623f7e316a67,simulator/memory/20260613/004_sift_t2i_mfnns_lowef_subef_frontier/logs/t2i1m_r100_mfnns_highef_lowqps_ef120_q480_stats.yml,24d5ea4ff610e22417a6141b936576e446fd59cbfc6aa9c794e05610180c0994,120,480,479,100,100,1000,1000,1,0,1,OpenRowPolicy,0.96037,15308816,1000
T2I1M Recall@100,t2i1m,r100,R100@1000,44,t2i1m_r100_mfnns_highef_lowqps_ef150_q600,highef_lowqps,0.96963,120499.5732,19917083,1,1,measured_completed_simulator,20260613/004_sift_t2i_mfnns_lowef_subef_frontier,simulator/memory/20260613/004_sift_t2i_mfnns_lowef_subef_frontier/TEST_RECORD.md,simulator/memory/20260613/004_sift_t2i_mfnns_lowef_subef_frontier/scripts/generate_submit_t2i_mfnns_refine.py,simulator/memory/20260613/004_sift_t2i_mfnns_lowef_subef_frontier/scripts/summarize_mfnns_frontier.py,simulator/memory/20260613/006_mfnns_ansmet_lbq_juno_focused/scripts/summarize_lbq_tune.py,figure/evaluation/RTC/extract_rtc_data.py,simulator/memory/20260613/004_sift_t2i_mfnns_lowef_subef_frontier/case_manifest.tsv,simulator/memory/20260613/004_sift_t2i_mfnns_lowef_subef_frontier/yamls/t2i1m_r100_mfnns_highef_lowqps_ef150_q600.yaml,9fea094d04eb94b3712d0ade117741e3fcaa5cbb82e033f6759890dc3dfc3083,simulator/memory/20260613/004_sift_t2i_mfnns_lowef_subef_frontier/logs/t2i1m_r100_mfnns_highef_lowqps_ef150_q600_stats.yml,a836c43941df3b022ce7b16732c1ff9062fa700c72efbf2df0eac7fa9062f7ae,150,600,599,100,100,1000,1000,1,0,1,OpenRowPolicy,0.96963,19917083,1000
