case_order	dataset	variant	case_name	ef_search	queue_size	warmup_size	k_neighbors	yaml_path	stats_path	base_yaml	note
1	t2i1m	normalized	t2i1m_normalized_k10_ef20_q20	20	20	19	10	/hpc2hdd/home/rmeng603/workspace/MFANNS/simulator/memory/20260329/mfnns_t2i_k10_ef20_30_40_dualq_q20_100/yamls/t2i1m_normalized_k10_ef20_q20.yaml	/hpc2hdd/home/rmeng603/workspace/MFANNS/simulator/memory/20260329/mfnns_t2i_k10_ef20_30_40_dualq_q20_100/logs/t2i1m_normalized_k10_ef20_q20_stats.yml	/hpc2hdd/home/rmeng603/workspace/MFANNS/simulator/memory/20260326/multidataset_nine_config_fp16_hotrep_cfs/yamls/t2i1m_normalized_mfnns_etopt_hotrep.yaml	based_on=20260329/mfnns_etopt_hotrep_k10_ef_sweep;t2i;warmup=q-1
2	t2i1m	normalized	t2i1m_normalized_k10_ef20_q21	20	21	20	10	/hpc2hdd/home/rmeng603/workspace/MFANNS/simulator/memory/20260329/mfnns_t2i_k10_ef20_30_40_dualq_q20_100/yamls/t2i1m_normalized_k10_ef20_q21.yaml	/hpc2hdd/home/rmeng603/workspace/MFANNS/simulator/memory/20260329/mfnns_t2i_k10_ef20_30_40_dualq_q20_100/logs/t2i1m_normalized_k10_ef20_q21_stats.yml	/hpc2hdd/home/rmeng603/workspace/MFANNS/simulator/memory/20260326/multidataset_nine_config_fp16_hotrep_cfs/yamls/t2i1m_normalized_mfnns_etopt_hotrep.yaml	based_on=20260329/mfnns_etopt_hotrep_k10_ef_sweep;t2i;warmup=q-1
3	t2i1m	normalized	t2i1m_normalized_k10_ef20_q22	20	22	21	10	/hpc2hdd/home/rmeng603/workspace/MFANNS/simulator/memory/20260329/mfnns_t2i_k10_ef20_30_40_dualq_q20_100/yamls/t2i1m_normalized_k10_ef20_q22.yaml	/hpc2hdd/home/rmeng603/workspace/MFANNS/simulator/memory/20260329/mfnns_t2i_k10_ef20_30_40_dualq_q20_100/logs/t2i1m_normalized_k10_ef20_q22_stats.yml	/hpc2hdd/home/rmeng603/workspace/MFANNS/simulator/memory/20260326/multidataset_nine_config_fp16_hotrep_cfs/yamls/t2i1m_normalized_mfnns_etopt_hotrep.yaml	based_on=20260329/mfnns_etopt_hotrep_k10_ef_sweep;t2i;warmup=q-1
4	t2i1m	normalized	t2i1m_normalized_k10_ef20_q23	20	23	22	10	/hpc2hdd/home/rmeng603/workspace/MFANNS/simulator/memory/20260329/mfnns_t2i_k10_ef20_30_40_dualq_q20_100/yamls/t2i1m_normalized_k10_ef20_q23.yaml	/hpc2hdd/home/rmeng603/workspace/MFANNS/simulator/memory/20260329/mfnns_t2i_k10_ef20_30_40_dualq_q20_100/logs/t2i1m_normalized_k10_ef20_q23_stats.yml	/hpc2hdd/home/rmeng603/workspace/MFANNS/simulator/memory/20260326/multidataset_nine_config_fp16_hotrep_cfs/yamls/t2i1m_normalized_mfnns_etopt_hotrep.yaml	based_on=20260329/mfnns_etopt_hotrep_k10_ef_sweep;t2i;warmup=q-1
5	t2i1m	normalized	t2i1m_normalized_k10_ef20_q24	20	24	23	10	/hpc2hdd/home/rmeng603/workspace/MFANNS/simulator/memory/20260329/mfnns_t2i_k10_ef20_30_40_dualq_q20_100/yamls/t2i1m_normalized_k10_ef20_q24.yaml	/hpc2hdd/home/rmeng603/workspace/MFANNS/simulator/memory/20260329/mfnns_t2i_k10_ef20_30_40_dualq_q20_100/logs/t2i1m_normalized_k10_ef20_q24_stats.yml	/hpc2hdd/home/rmeng603/workspace/MFANNS/simulator/memory/20260326/multidataset_nine_config_fp16_hotrep_cfs/yamls/t2i1m_normalized_mfnns_etopt_hotrep.yaml	based_on=20260329/mfnns_etopt_hotrep_k10_ef_sweep;t2i;warmup=q-1
6	t2i1m	normalized	t2i1m_normalized_k10_ef20_q25	20	25	24	10	/hpc2hdd/home/rmeng603/workspace/MFANNS/simulator/memory/20260329/mfnns_t2i_k10_ef20_30_40_dualq_q20_100/yamls/t2i1m_normalized_k10_ef20_q25.yaml	/hpc2hdd/home/rmeng603/workspace/MFANNS/simulator/memory/20260329/mfnns_t2i_k10_ef20_30_40_dualq_q20_100/logs/t2i1m_normalized_k10_ef20_q25_stats.yml	/hpc2hdd/home/rmeng603/workspace/MFANNS/simulator/memory/20260326/multidataset_nine_config_fp16_hotrep_cfs/yamls/t2i1m_normalized_mfnns_etopt_hotrep.yaml	based_on=20260329/mfnns_etopt_hotrep_k10_ef_sweep;t2i;warmup=q-1
7	t2i1m	normalized	t2i1m_normalized_k10_ef20_q26	20	26	25	10	/hpc2hdd/home/rmeng603/workspace/MFANNS/simulator/memory/20260329/mfnns_t2i_k10_ef20_30_40_dualq_q20_100/yamls/t2i1m_normalized_k10_ef20_q26.yaml	/hpc2hdd/home/rmeng603/workspace/MFANNS/simulator/memory/20260329/mfnns_t2i_k10_ef20_30_40_dualq_q20_100/logs/t2i1m_normalized_k10_ef20_q26_stats.yml	/hpc2hdd/home/rmeng603/workspace/MFANNS/simulator/memory/20260326/multidataset_nine_config_fp16_hotrep_cfs/yamls/t2i1m_normalized_mfnns_etopt_hotrep.yaml	based_on=20260329/mfnns_etopt_hotrep_k10_ef_sweep;t2i;warmup=q-1
8	t2i1m	normalized	t2i1m_normalized_k10_ef20_q27	20	27	26	10	/hpc2hdd/home/rmeng603/workspace/MFANNS/simulator/memory/20260329/mfnns_t2i_k10_ef20_30_40_dualq_q20_100/yamls/t2i1m_normalized_k10_ef20_q27.yaml	/hpc2hdd/home/rmeng603/workspace/MFANNS/simulator/memory/20260329/mfnns_t2i_k10_ef20_30_40_dualq_q20_100/logs/t2i1m_normalized_k10_ef20_q27_stats.yml	/hpc2hdd/home/rmeng603/workspace/MFANNS/simulator/memory/20260326/multidataset_nine_config_fp16_hotrep_cfs/yamls/t2i1m_normalized_mfnns_etopt_hotrep.yaml	based_on=20260329/mfnns_etopt_hotrep_k10_ef_sweep;t2i;warmup=q-1
9	t2i1m	normalized	t2i1m_normalized_k10_ef20_q28	20	28	27	10	/hpc2hdd/home/rmeng603/workspace/MFANNS/simulator/memory/20260329/mfnns_t2i_k10_ef20_30_40_dualq_q20_100/yamls/t2i1m_normalized_k10_ef20_q28.yaml	/hpc2hdd/home/rmeng603/workspace/MFANNS/simulator/memory/20260329/mfnns_t2i_k10_ef20_30_40_dualq_q20_100/logs/t2i1m_normalized_k10_ef20_q28_stats.yml	/hpc2hdd/home/rmeng603/workspace/MFANNS/simulator/memory/20260326/multidataset_nine_config_fp16_hotrep_cfs/yamls/t2i1m_normalized_mfnns_etopt_hotrep.yaml	based_on=20260329/mfnns_etopt_hotrep_k10_ef_sweep;t2i;warmup=q-1
10	t2i1m	normalized	t2i1m_normalized_k10_ef20_q29	20	29	28	10	/hpc2hdd/home/rmeng603/workspace/MFANNS/simulator/memory/20260329/mfnns_t2i_k10_ef20_30_40_dualq_q20_100/yamls/t2i1m_normalized_k10_ef20_q29.yaml	/hpc2hdd/home/rmeng603/workspace/MFANNS/simulator/memory/20260329/mfnns_t2i_k10_ef20_30_40_dualq_q20_100/logs/t2i1m_normalized_k10_ef20_q29_stats.yml	/hpc2hdd/home/rmeng603/workspace/MFANNS/simulator/memory/20260326/multidataset_nine_config_fp16_hotrep_cfs/yamls/t2i1m_normalized_mfnns_etopt_hotrep.yaml	based_on=20260329/mfnns_etopt_hotrep_k10_ef_sweep;t2i;warmup=q-1
11	t2i1m	normalized	t2i1m_normalized_k10_ef20_q30	20	30	29	10	/hpc2hdd/home/rmeng603/workspace/MFANNS/simulator/memory/20260329/mfnns_t2i_k10_ef20_30_40_dualq_q20_100/yamls/t2i1m_normalized_k10_ef20_q30.yaml	/hpc2hdd/home/rmeng603/workspace/MFANNS/simulator/memory/20260329/mfnns_t2i_k10_ef20_30_40_dualq_q20_100/logs/t2i1m_normalized_k10_ef20_q30_stats.yml	/hpc2hdd/home/rmeng603/workspace/MFANNS/simulator/memory/20260326/multidataset_nine_config_fp16_hotrep_cfs/yamls/t2i1m_normalized_mfnns_etopt_hotrep.yaml	based_on=20260329/mfnns_etopt_hotrep_k10_ef_sweep;t2i;warmup=q-1
12	t2i1m	normalized	t2i1m_normalized_k10_ef20_q31	20	31	30	10	/hpc2hdd/home/rmeng603/workspace/MFANNS/simulator/memory/20260329/mfnns_t2i_k10_ef20_30_40_dualq_q20_100/yamls/t2i1m_normalized_k10_ef20_q31.yaml	/hpc2hdd/home/rmeng603/workspace/MFANNS/simulator/memory/20260329/mfnns_t2i_k10_ef20_30_40_dualq_q20_100/logs/t2i1m_normalized_k10_ef20_q31_stats.yml	/hpc2hdd/home/rmeng603/workspace/MFANNS/simulator/memory/20260326/multidataset_nine_config_fp16_hotrep_cfs/yamls/t2i1m_normalized_mfnns_etopt_hotrep.yaml	based_on=20260329/mfnns_etopt_hotrep_k10_ef_sweep;t2i;warmup=q-1
13	t2i1m	normalized	t2i1m_normalized_k10_ef20_q32	20	32	31	10	/hpc2hdd/home/rmeng603/workspace/MFANNS/simulator/memory/20260329/mfnns_t2i_k10_ef20_30_40_dualq_q20_100/yamls/t2i1m_normalized_k10_ef20_q32.yaml	/hpc2hdd/home/rmeng603/workspace/MFANNS/simulator/memory/20260329/mfnns_t2i_k10_ef20_30_40_dualq_q20_100/logs/t2i1m_normalized_k10_ef20_q32_stats.yml	/hpc2hdd/home/rmeng603/workspace/MFANNS/simulator/memory/20260326/multidataset_nine_config_fp16_hotrep_cfs/yamls/t2i1m_normalized_mfnns_etopt_hotrep.yaml	based_on=20260329/mfnns_etopt_hotrep_k10_ef_sweep;t2i;warmup=q-1
14	t2i1m	normalized	t2i1m_normalized_k10_ef20_q33	20	33	32	10	/hpc2hdd/home/rmeng603/workspace/MFANNS/simulator/memory/20260329/mfnns_t2i_k10_ef20_30_40_dualq_q20_100/yamls/t2i1m_normalized_k10_ef20_q33.yaml	/hpc2hdd/home/rmeng603/workspace/MFANNS/simulator/memory/20260329/mfnns_t2i_k10_ef20_30_40_dualq_q20_100/logs/t2i1m_normalized_k10_ef20_q33_stats.yml	/hpc2hdd/home/rmeng603/workspace/MFANNS/simulator/memory/20260326/multidataset_nine_config_fp16_hotrep_cfs/yamls/t2i1m_normalized_mfnns_etopt_hotrep.yaml	based_on=20260329/mfnns_etopt_hotrep_k10_ef_sweep;t2i;warmup=q-1
15	t2i1m	normalized	t2i1m_normalized_k10_ef20_q34	20	34	33	10	/hpc2hdd/home/rmeng603/workspace/MFANNS/simulator/memory/20260329/mfnns_t2i_k10_ef20_30_40_dualq_q20_100/yamls/t2i1m_normalized_k10_ef20_q34.yaml	/hpc2hdd/home/rmeng603/workspace/MFANNS/simulator/memory/20260329/mfnns_t2i_k10_ef20_30_40_dualq_q20_100/logs/t2i1m_normalized_k10_ef20_q34_stats.yml	/hpc2hdd/home/rmeng603/workspace/MFANNS/simulator/memory/20260326/multidataset_nine_config_fp16_hotrep_cfs/yamls/t2i1m_normalized_mfnns_etopt_hotrep.yaml	based_on=20260329/mfnns_etopt_hotrep_k10_ef_sweep;t2i;warmup=q-1
16	t2i1m	normalized	t2i1m_normalized_k10_ef20_q35	20	35	34	10	/hpc2hdd/home/rmeng603/workspace/MFANNS/simulator/memory/20260329/mfnns_t2i_k10_ef20_30_40_dualq_q20_100/yamls/t2i1m_normalized_k10_ef20_q35.yaml	/hpc2hdd/home/rmeng603/workspace/MFANNS/simulator/memory/20260329/mfnns_t2i_k10_ef20_30_40_dualq_q20_100/logs/t2i1m_normalized_k10_ef20_q35_stats.yml	/hpc2hdd/home/rmeng603/workspace/MFANNS/simulator/memory/20260326/multidataset_nine_config_fp16_hotrep_cfs/yamls/t2i1m_normalized_mfnns_etopt_hotrep.yaml	based_on=20260329/mfnns_etopt_hotrep_k10_ef_sweep;t2i;warmup=q-1
17	t2i1m	normalized	t2i1m_normalized_k10_ef20_q36	20	36	35	10	/hpc2hdd/home/rmeng603/workspace/MFANNS/simulator/memory/20260329/mfnns_t2i_k10_ef20_30_40_dualq_q20_100/yamls/t2i1m_normalized_k10_ef20_q36.yaml	/hpc2hdd/home/rmeng603/workspace/MFANNS/simulator/memory/20260329/mfnns_t2i_k10_ef20_30_40_dualq_q20_100/logs/t2i1m_normalized_k10_ef20_q36_stats.yml	/hpc2hdd/home/rmeng603/workspace/MFANNS/simulator/memory/20260326/multidataset_nine_config_fp16_hotrep_cfs/yamls/t2i1m_normalized_mfnns_etopt_hotrep.yaml	based_on=20260329/mfnns_etopt_hotrep_k10_ef_sweep;t2i;warmup=q-1
18	t2i1m	normalized	t2i1m_normalized_k10_ef20_q37	20	37	36	10	/hpc2hdd/home/rmeng603/workspace/MFANNS/simulator/memory/20260329/mfnns_t2i_k10_ef20_30_40_dualq_q20_100/yamls/t2i1m_normalized_k10_ef20_q37.yaml	/hpc2hdd/home/rmeng603/workspace/MFANNS/simulator/memory/20260329/mfnns_t2i_k10_ef20_30_40_dualq_q20_100/logs/t2i1m_normalized_k10_ef20_q37_stats.yml	/hpc2hdd/home/rmeng603/workspace/MFANNS/simulator/memory/20260326/multidataset_nine_config_fp16_hotrep_cfs/yamls/t2i1m_normalized_mfnns_etopt_hotrep.yaml	based_on=20260329/mfnns_etopt_hotrep_k10_ef_sweep;t2i;warmup=q-1
19	t2i1m	normalized	t2i1m_normalized_k10_ef20_q38	20	38	37	10	/hpc2hdd/home/rmeng603/workspace/MFANNS/simulator/memory/20260329/mfnns_t2i_k10_ef20_30_40_dualq_q20_100/yamls/t2i1m_normalized_k10_ef20_q38.yaml	/hpc2hdd/home/rmeng603/workspace/MFANNS/simulator/memory/20260329/mfnns_t2i_k10_ef20_30_40_dualq_q20_100/logs/t2i1m_normalized_k10_ef20_q38_stats.yml	/hpc2hdd/home/rmeng603/workspace/MFANNS/simulator/memory/20260326/multidataset_nine_config_fp16_hotrep_cfs/yamls/t2i1m_normalized_mfnns_etopt_hotrep.yaml	based_on=20260329/mfnns_etopt_hotrep_k10_ef_sweep;t2i;warmup=q-1
20	t2i1m	normalized	t2i1m_normalized_k10_ef20_q39	20	39	38	10	/hpc2hdd/home/rmeng603/workspace/MFANNS/simulator/memory/20260329/mfnns_t2i_k10_ef20_30_40_dualq_q20_100/yamls/t2i1m_normalized_k10_ef20_q39.yaml	/hpc2hdd/home/rmeng603/workspace/MFANNS/simulator/memory/20260329/mfnns_t2i_k10_ef20_30_40_dualq_q20_100/logs/t2i1m_normalized_k10_ef20_q39_stats.yml	/hpc2hdd/home/rmeng603/workspace/MFANNS/simulator/memory/20260326/multidataset_nine_config_fp16_hotrep_cfs/yamls/t2i1m_normalized_mfnns_etopt_hotrep.yaml	based_on=20260329/mfnns_etopt_hotrep_k10_ef_sweep;t2i;warmup=q-1
21	t2i1m	normalized	t2i1m_normalized_k10_ef20_q40	20	40	39	10	/hpc2hdd/home/rmeng603/workspace/MFANNS/simulator/memory/20260329/mfnns_t2i_k10_ef20_30_40_dualq_q20_100/yamls/t2i1m_normalized_k10_ef20_q40.yaml	/hpc2hdd/home/rmeng603/workspace/MFANNS/simulator/memory/20260329/mfnns_t2i_k10_ef20_30_40_dualq_q20_100/logs/t2i1m_normalized_k10_ef20_q40_stats.yml	/hpc2hdd/home/rmeng603/workspace/MFANNS/simulator/memory/20260326/multidataset_nine_config_fp16_hotrep_cfs/yamls/t2i1m_normalized_mfnns_etopt_hotrep.yaml	based_on=20260329/mfnns_etopt_hotrep_k10_ef_sweep;t2i;warmup=q-1
22	t2i1m	normalized	t2i1m_normalized_k10_ef20_q41	20	41	40	10	/hpc2hdd/home/rmeng603/workspace/MFANNS/simulator/memory/20260329/mfnns_t2i_k10_ef20_30_40_dualq_q20_100/yamls/t2i1m_normalized_k10_ef20_q41.yaml	/hpc2hdd/home/rmeng603/workspace/MFANNS/simulator/memory/20260329/mfnns_t2i_k10_ef20_30_40_dualq_q20_100/logs/t2i1m_normalized_k10_ef20_q41_stats.yml	/hpc2hdd/home/rmeng603/workspace/MFANNS/simulator/memory/20260326/multidataset_nine_config_fp16_hotrep_cfs/yamls/t2i1m_normalized_mfnns_etopt_hotrep.yaml	based_on=20260329/mfnns_etopt_hotrep_k10_ef_sweep;t2i;warmup=q-1
23	t2i1m	normalized	t2i1m_normalized_k10_ef20_q42	20	42	41	10	/hpc2hdd/home/rmeng603/workspace/MFANNS/simulator/memory/20260329/mfnns_t2i_k10_ef20_30_40_dualq_q20_100/yamls/t2i1m_normalized_k10_ef20_q42.yaml	/hpc2hdd/home/rmeng603/workspace/MFANNS/simulator/memory/20260329/mfnns_t2i_k10_ef20_30_40_dualq_q20_100/logs/t2i1m_normalized_k10_ef20_q42_stats.yml	/hpc2hdd/home/rmeng603/workspace/MFANNS/simulator/memory/20260326/multidataset_nine_config_fp16_hotrep_cfs/yamls/t2i1m_normalized_mfnns_etopt_hotrep.yaml	based_on=20260329/mfnns_etopt_hotrep_k10_ef_sweep;t2i;warmup=q-1
24	t2i1m	normalized	t2i1m_normalized_k10_ef20_q43	20	43	42	10	/hpc2hdd/home/rmeng603/workspace/MFANNS/simulator/memory/20260329/mfnns_t2i_k10_ef20_30_40_dualq_q20_100/yamls/t2i1m_normalized_k10_ef20_q43.yaml	/hpc2hdd/home/rmeng603/workspace/MFANNS/simulator/memory/20260329/mfnns_t2i_k10_ef20_30_40_dualq_q20_100/logs/t2i1m_normalized_k10_ef20_q43_stats.yml	/hpc2hdd/home/rmeng603/workspace/MFANNS/simulator/memory/20260326/multidataset_nine_config_fp16_hotrep_cfs/yamls/t2i1m_normalized_mfnns_etopt_hotrep.yaml	based_on=20260329/mfnns_etopt_hotrep_k10_ef_sweep;t2i;warmup=q-1
25	t2i1m	normalized	t2i1m_normalized_k10_ef20_q44	20	44	43	10	/hpc2hdd/home/rmeng603/workspace/MFANNS/simulator/memory/20260329/mfnns_t2i_k10_ef20_30_40_dualq_q20_100/yamls/t2i1m_normalized_k10_ef20_q44.yaml	/hpc2hdd/home/rmeng603/workspace/MFANNS/simulator/memory/20260329/mfnns_t2i_k10_ef20_30_40_dualq_q20_100/logs/t2i1m_normalized_k10_ef20_q44_stats.yml	/hpc2hdd/home/rmeng603/workspace/MFANNS/simulator/memory/20260326/multidataset_nine_config_fp16_hotrep_cfs/yamls/t2i1m_normalized_mfnns_etopt_hotrep.yaml	based_on=20260329/mfnns_etopt_hotrep_k10_ef_sweep;t2i;warmup=q-1
26	t2i1m	normalized	t2i1m_normalized_k10_ef20_q45	20	45	44	10	/hpc2hdd/home/rmeng603/workspace/MFANNS/simulator/memory/20260329/mfnns_t2i_k10_ef20_30_40_dualq_q20_100/yamls/t2i1m_normalized_k10_ef20_q45.yaml	/hpc2hdd/home/rmeng603/workspace/MFANNS/simulator/memory/20260329/mfnns_t2i_k10_ef20_30_40_dualq_q20_100/logs/t2i1m_normalized_k10_ef20_q45_stats.yml	/hpc2hdd/home/rmeng603/workspace/MFANNS/simulator/memory/20260326/multidataset_nine_config_fp16_hotrep_cfs/yamls/t2i1m_normalized_mfnns_etopt_hotrep.yaml	based_on=20260329/mfnns_etopt_hotrep_k10_ef_sweep;t2i;warmup=q-1
27	t2i1m	normalized	t2i1m_normalized_k10_ef20_q46	20	46	45	10	/hpc2hdd/home/rmeng603/workspace/MFANNS/simulator/memory/20260329/mfnns_t2i_k10_ef20_30_40_dualq_q20_100/yamls/t2i1m_normalized_k10_ef20_q46.yaml	/hpc2hdd/home/rmeng603/workspace/MFANNS/simulator/memory/20260329/mfnns_t2i_k10_ef20_30_40_dualq_q20_100/logs/t2i1m_normalized_k10_ef20_q46_stats.yml	/hpc2hdd/home/rmeng603/workspace/MFANNS/simulator/memory/20260326/multidataset_nine_config_fp16_hotrep_cfs/yamls/t2i1m_normalized_mfnns_etopt_hotrep.yaml	based_on=20260329/mfnns_etopt_hotrep_k10_ef_sweep;t2i;warmup=q-1
28	t2i1m	normalized	t2i1m_normalized_k10_ef20_q47	20	47	46	10	/hpc2hdd/home/rmeng603/workspace/MFANNS/simulator/memory/20260329/mfnns_t2i_k10_ef20_30_40_dualq_q20_100/yamls/t2i1m_normalized_k10_ef20_q47.yaml	/hpc2hdd/home/rmeng603/workspace/MFANNS/simulator/memory/20260329/mfnns_t2i_k10_ef20_30_40_dualq_q20_100/logs/t2i1m_normalized_k10_ef20_q47_stats.yml	/hpc2hdd/home/rmeng603/workspace/MFANNS/simulator/memory/20260326/multidataset_nine_config_fp16_hotrep_cfs/yamls/t2i1m_normalized_mfnns_etopt_hotrep.yaml	based_on=20260329/mfnns_etopt_hotrep_k10_ef_sweep;t2i;warmup=q-1
29	t2i1m	normalized	t2i1m_normalized_k10_ef20_q48	20	48	47	10	/hpc2hdd/home/rmeng603/workspace/MFANNS/simulator/memory/20260329/mfnns_t2i_k10_ef20_30_40_dualq_q20_100/yamls/t2i1m_normalized_k10_ef20_q48.yaml	/hpc2hdd/home/rmeng603/workspace/MFANNS/simulator/memory/20260329/mfnns_t2i_k10_ef20_30_40_dualq_q20_100/logs/t2i1m_normalized_k10_ef20_q48_stats.yml	/hpc2hdd/home/rmeng603/workspace/MFANNS/simulator/memory/20260326/multidataset_nine_config_fp16_hotrep_cfs/yamls/t2i1m_normalized_mfnns_etopt_hotrep.yaml	based_on=20260329/mfnns_etopt_hotrep_k10_ef_sweep;t2i;warmup=q-1
30	t2i1m	normalized	t2i1m_normalized_k10_ef20_q49	20	49	48	10	/hpc2hdd/home/rmeng603/workspace/MFANNS/simulator/memory/20260329/mfnns_t2i_k10_ef20_30_40_dualq_q20_100/yamls/t2i1m_normalized_k10_ef20_q49.yaml	/hpc2hdd/home/rmeng603/workspace/MFANNS/simulator/memory/20260329/mfnns_t2i_k10_ef20_30_40_dualq_q20_100/logs/t2i1m_normalized_k10_ef20_q49_stats.yml	/hpc2hdd/home/rmeng603/workspace/MFANNS/simulator/memory/20260326/multidataset_nine_config_fp16_hotrep_cfs/yamls/t2i1m_normalized_mfnns_etopt_hotrep.yaml	based_on=20260329/mfnns_etopt_hotrep_k10_ef_sweep;t2i;warmup=q-1
31	t2i1m	normalized	t2i1m_normalized_k10_ef20_q50	20	50	49	10	/hpc2hdd/home/rmeng603/workspace/MFANNS/simulator/memory/20260329/mfnns_t2i_k10_ef20_30_40_dualq_q20_100/yamls/t2i1m_normalized_k10_ef20_q50.yaml	/hpc2hdd/home/rmeng603/workspace/MFANNS/simulator/memory/20260329/mfnns_t2i_k10_ef20_30_40_dualq_q20_100/logs/t2i1m_normalized_k10_ef20_q50_stats.yml	/hpc2hdd/home/rmeng603/workspace/MFANNS/simulator/memory/20260326/multidataset_nine_config_fp16_hotrep_cfs/yamls/t2i1m_normalized_mfnns_etopt_hotrep.yaml	based_on=20260329/mfnns_etopt_hotrep_k10_ef_sweep;t2i;warmup=q-1
32	t2i1m	normalized	t2i1m_normalized_k10_ef20_q51	20	51	50	10	/hpc2hdd/home/rmeng603/workspace/MFANNS/simulator/memory/20260329/mfnns_t2i_k10_ef20_30_40_dualq_q20_100/yamls/t2i1m_normalized_k10_ef20_q51.yaml	/hpc2hdd/home/rmeng603/workspace/MFANNS/simulator/memory/20260329/mfnns_t2i_k10_ef20_30_40_dualq_q20_100/logs/t2i1m_normalized_k10_ef20_q51_stats.yml	/hpc2hdd/home/rmeng603/workspace/MFANNS/simulator/memory/20260326/multidataset_nine_config_fp16_hotrep_cfs/yamls/t2i1m_normalized_mfnns_etopt_hotrep.yaml	based_on=20260329/mfnns_etopt_hotrep_k10_ef_sweep;t2i;warmup=q-1
33	t2i1m	normalized	t2i1m_normalized_k10_ef20_q52	20	52	51	10	/hpc2hdd/home/rmeng603/workspace/MFANNS/simulator/memory/20260329/mfnns_t2i_k10_ef20_30_40_dualq_q20_100/yamls/t2i1m_normalized_k10_ef20_q52.yaml	/hpc2hdd/home/rmeng603/workspace/MFANNS/simulator/memory/20260329/mfnns_t2i_k10_ef20_30_40_dualq_q20_100/logs/t2i1m_normalized_k10_ef20_q52_stats.yml	/hpc2hdd/home/rmeng603/workspace/MFANNS/simulator/memory/20260326/multidataset_nine_config_fp16_hotrep_cfs/yamls/t2i1m_normalized_mfnns_etopt_hotrep.yaml	based_on=20260329/mfnns_etopt_hotrep_k10_ef_sweep;t2i;warmup=q-1
34	t2i1m	normalized	t2i1m_normalized_k10_ef20_q53	20	53	52	10	/hpc2hdd/home/rmeng603/workspace/MFANNS/simulator/memory/20260329/mfnns_t2i_k10_ef20_30_40_dualq_q20_100/yamls/t2i1m_normalized_k10_ef20_q53.yaml	/hpc2hdd/home/rmeng603/workspace/MFANNS/simulator/memory/20260329/mfnns_t2i_k10_ef20_30_40_dualq_q20_100/logs/t2i1m_normalized_k10_ef20_q53_stats.yml	/hpc2hdd/home/rmeng603/workspace/MFANNS/simulator/memory/20260326/multidataset_nine_config_fp16_hotrep_cfs/yamls/t2i1m_normalized_mfnns_etopt_hotrep.yaml	based_on=20260329/mfnns_etopt_hotrep_k10_ef_sweep;t2i;warmup=q-1
35	t2i1m	normalized	t2i1m_normalized_k10_ef20_q54	20	54	53	10	/hpc2hdd/home/rmeng603/workspace/MFANNS/simulator/memory/20260329/mfnns_t2i_k10_ef20_30_40_dualq_q20_100/yamls/t2i1m_normalized_k10_ef20_q54.yaml	/hpc2hdd/home/rmeng603/workspace/MFANNS/simulator/memory/20260329/mfnns_t2i_k10_ef20_30_40_dualq_q20_100/logs/t2i1m_normalized_k10_ef20_q54_stats.yml	/hpc2hdd/home/rmeng603/workspace/MFANNS/simulator/memory/20260326/multidataset_nine_config_fp16_hotrep_cfs/yamls/t2i1m_normalized_mfnns_etopt_hotrep.yaml	based_on=20260329/mfnns_etopt_hotrep_k10_ef_sweep;t2i;warmup=q-1
36	t2i1m	normalized	t2i1m_normalized_k10_ef20_q55	20	55	54	10	/hpc2hdd/home/rmeng603/workspace/MFANNS/simulator/memory/20260329/mfnns_t2i_k10_ef20_30_40_dualq_q20_100/yamls/t2i1m_normalized_k10_ef20_q55.yaml	/hpc2hdd/home/rmeng603/workspace/MFANNS/simulator/memory/20260329/mfnns_t2i_k10_ef20_30_40_dualq_q20_100/logs/t2i1m_normalized_k10_ef20_q55_stats.yml	/hpc2hdd/home/rmeng603/workspace/MFANNS/simulator/memory/20260326/multidataset_nine_config_fp16_hotrep_cfs/yamls/t2i1m_normalized_mfnns_etopt_hotrep.yaml	based_on=20260329/mfnns_etopt_hotrep_k10_ef_sweep;t2i;warmup=q-1
37	t2i1m	normalized	t2i1m_normalized_k10_ef20_q56	20	56	55	10	/hpc2hdd/home/rmeng603/workspace/MFANNS/simulator/memory/20260329/mfnns_t2i_k10_ef20_30_40_dualq_q20_100/yamls/t2i1m_normalized_k10_ef20_q56.yaml	/hpc2hdd/home/rmeng603/workspace/MFANNS/simulator/memory/20260329/mfnns_t2i_k10_ef20_30_40_dualq_q20_100/logs/t2i1m_normalized_k10_ef20_q56_stats.yml	/hpc2hdd/home/rmeng603/workspace/MFANNS/simulator/memory/20260326/multidataset_nine_config_fp16_hotrep_cfs/yamls/t2i1m_normalized_mfnns_etopt_hotrep.yaml	based_on=20260329/mfnns_etopt_hotrep_k10_ef_sweep;t2i;warmup=q-1
38	t2i1m	normalized	t2i1m_normalized_k10_ef20_q57	20	57	56	10	/hpc2hdd/home/rmeng603/workspace/MFANNS/simulator/memory/20260329/mfnns_t2i_k10_ef20_30_40_dualq_q20_100/yamls/t2i1m_normalized_k10_ef20_q57.yaml	/hpc2hdd/home/rmeng603/workspace/MFANNS/simulator/memory/20260329/mfnns_t2i_k10_ef20_30_40_dualq_q20_100/logs/t2i1m_normalized_k10_ef20_q57_stats.yml	/hpc2hdd/home/rmeng603/workspace/MFANNS/simulator/memory/20260326/multidataset_nine_config_fp16_hotrep_cfs/yamls/t2i1m_normalized_mfnns_etopt_hotrep.yaml	based_on=20260329/mfnns_etopt_hotrep_k10_ef_sweep;t2i;warmup=q-1
39	t2i1m	normalized	t2i1m_normalized_k10_ef20_q58	20	58	57	10	/hpc2hdd/home/rmeng603/workspace/MFANNS/simulator/memory/20260329/mfnns_t2i_k10_ef20_30_40_dualq_q20_100/yamls/t2i1m_normalized_k10_ef20_q58.yaml	/hpc2hdd/home/rmeng603/workspace/MFANNS/simulator/memory/20260329/mfnns_t2i_k10_ef20_30_40_dualq_q20_100/logs/t2i1m_normalized_k10_ef20_q58_stats.yml	/hpc2hdd/home/rmeng603/workspace/MFANNS/simulator/memory/20260326/multidataset_nine_config_fp16_hotrep_cfs/yamls/t2i1m_normalized_mfnns_etopt_hotrep.yaml	based_on=20260329/mfnns_etopt_hotrep_k10_ef_sweep;t2i;warmup=q-1
40	t2i1m	normalized	t2i1m_normalized_k10_ef20_q59	20	59	58	10	/hpc2hdd/home/rmeng603/workspace/MFANNS/simulator/memory/20260329/mfnns_t2i_k10_ef20_30_40_dualq_q20_100/yamls/t2i1m_normalized_k10_ef20_q59.yaml	/hpc2hdd/home/rmeng603/workspace/MFANNS/simulator/memory/20260329/mfnns_t2i_k10_ef20_30_40_dualq_q20_100/logs/t2i1m_normalized_k10_ef20_q59_stats.yml	/hpc2hdd/home/rmeng603/workspace/MFANNS/simulator/memory/20260326/multidataset_nine_config_fp16_hotrep_cfs/yamls/t2i1m_normalized_mfnns_etopt_hotrep.yaml	based_on=20260329/mfnns_etopt_hotrep_k10_ef_sweep;t2i;warmup=q-1
41	t2i1m	normalized	t2i1m_normalized_k10_ef20_q60	20	60	59	10	/hpc2hdd/home/rmeng603/workspace/MFANNS/simulator/memory/20260329/mfnns_t2i_k10_ef20_30_40_dualq_q20_100/yamls/t2i1m_normalized_k10_ef20_q60.yaml	/hpc2hdd/home/rmeng603/workspace/MFANNS/simulator/memory/20260329/mfnns_t2i_k10_ef20_30_40_dualq_q20_100/logs/t2i1m_normalized_k10_ef20_q60_stats.yml	/hpc2hdd/home/rmeng603/workspace/MFANNS/simulator/memory/20260326/multidataset_nine_config_fp16_hotrep_cfs/yamls/t2i1m_normalized_mfnns_etopt_hotrep.yaml	based_on=20260329/mfnns_etopt_hotrep_k10_ef_sweep;t2i;warmup=q-1
42	t2i1m	normalized	t2i1m_normalized_k10_ef20_q61	20	61	60	10	/hpc2hdd/home/rmeng603/workspace/MFANNS/simulator/memory/20260329/mfnns_t2i_k10_ef20_30_40_dualq_q20_100/yamls/t2i1m_normalized_k10_ef20_q61.yaml	/hpc2hdd/home/rmeng603/workspace/MFANNS/simulator/memory/20260329/mfnns_t2i_k10_ef20_30_40_dualq_q20_100/logs/t2i1m_normalized_k10_ef20_q61_stats.yml	/hpc2hdd/home/rmeng603/workspace/MFANNS/simulator/memory/20260326/multidataset_nine_config_fp16_hotrep_cfs/yamls/t2i1m_normalized_mfnns_etopt_hotrep.yaml	based_on=20260329/mfnns_etopt_hotrep_k10_ef_sweep;t2i;warmup=q-1
43	t2i1m	normalized	t2i1m_normalized_k10_ef20_q62	20	62	61	10	/hpc2hdd/home/rmeng603/workspace/MFANNS/simulator/memory/20260329/mfnns_t2i_k10_ef20_30_40_dualq_q20_100/yamls/t2i1m_normalized_k10_ef20_q62.yaml	/hpc2hdd/home/rmeng603/workspace/MFANNS/simulator/memory/20260329/mfnns_t2i_k10_ef20_30_40_dualq_q20_100/logs/t2i1m_normalized_k10_ef20_q62_stats.yml	/hpc2hdd/home/rmeng603/workspace/MFANNS/simulator/memory/20260326/multidataset_nine_config_fp16_hotrep_cfs/yamls/t2i1m_normalized_mfnns_etopt_hotrep.yaml	based_on=20260329/mfnns_etopt_hotrep_k10_ef_sweep;t2i;warmup=q-1
44	t2i1m	normalized	t2i1m_normalized_k10_ef20_q63	20	63	62	10	/hpc2hdd/home/rmeng603/workspace/MFANNS/simulator/memory/20260329/mfnns_t2i_k10_ef20_30_40_dualq_q20_100/yamls/t2i1m_normalized_k10_ef20_q63.yaml	/hpc2hdd/home/rmeng603/workspace/MFANNS/simulator/memory/20260329/mfnns_t2i_k10_ef20_30_40_dualq_q20_100/logs/t2i1m_normalized_k10_ef20_q63_stats.yml	/hpc2hdd/home/rmeng603/workspace/MFANNS/simulator/memory/20260326/multidataset_nine_config_fp16_hotrep_cfs/yamls/t2i1m_normalized_mfnns_etopt_hotrep.yaml	based_on=20260329/mfnns_etopt_hotrep_k10_ef_sweep;t2i;warmup=q-1
45	t2i1m	normalized	t2i1m_normalized_k10_ef20_q64	20	64	63	10	/hpc2hdd/home/rmeng603/workspace/MFANNS/simulator/memory/20260329/mfnns_t2i_k10_ef20_30_40_dualq_q20_100/yamls/t2i1m_normalized_k10_ef20_q64.yaml	/hpc2hdd/home/rmeng603/workspace/MFANNS/simulator/memory/20260329/mfnns_t2i_k10_ef20_30_40_dualq_q20_100/logs/t2i1m_normalized_k10_ef20_q64_stats.yml	/hpc2hdd/home/rmeng603/workspace/MFANNS/simulator/memory/20260326/multidataset_nine_config_fp16_hotrep_cfs/yamls/t2i1m_normalized_mfnns_etopt_hotrep.yaml	based_on=20260329/mfnns_etopt_hotrep_k10_ef_sweep;t2i;warmup=q-1
46	t2i1m	normalized	t2i1m_normalized_k10_ef20_q65	20	65	64	10	/hpc2hdd/home/rmeng603/workspace/MFANNS/simulator/memory/20260329/mfnns_t2i_k10_ef20_30_40_dualq_q20_100/yamls/t2i1m_normalized_k10_ef20_q65.yaml	/hpc2hdd/home/rmeng603/workspace/MFANNS/simulator/memory/20260329/mfnns_t2i_k10_ef20_30_40_dualq_q20_100/logs/t2i1m_normalized_k10_ef20_q65_stats.yml	/hpc2hdd/home/rmeng603/workspace/MFANNS/simulator/memory/20260326/multidataset_nine_config_fp16_hotrep_cfs/yamls/t2i1m_normalized_mfnns_etopt_hotrep.yaml	based_on=20260329/mfnns_etopt_hotrep_k10_ef_sweep;t2i;warmup=q-1
47	t2i1m	normalized	t2i1m_normalized_k10_ef20_q66	20	66	65	10	/hpc2hdd/home/rmeng603/workspace/MFANNS/simulator/memory/20260329/mfnns_t2i_k10_ef20_30_40_dualq_q20_100/yamls/t2i1m_normalized_k10_ef20_q66.yaml	/hpc2hdd/home/rmeng603/workspace/MFANNS/simulator/memory/20260329/mfnns_t2i_k10_ef20_30_40_dualq_q20_100/logs/t2i1m_normalized_k10_ef20_q66_stats.yml	/hpc2hdd/home/rmeng603/workspace/MFANNS/simulator/memory/20260326/multidataset_nine_config_fp16_hotrep_cfs/yamls/t2i1m_normalized_mfnns_etopt_hotrep.yaml	based_on=20260329/mfnns_etopt_hotrep_k10_ef_sweep;t2i;warmup=q-1
48	t2i1m	normalized	t2i1m_normalized_k10_ef20_q67	20	67	66	10	/hpc2hdd/home/rmeng603/workspace/MFANNS/simulator/memory/20260329/mfnns_t2i_k10_ef20_30_40_dualq_q20_100/yamls/t2i1m_normalized_k10_ef20_q67.yaml	/hpc2hdd/home/rmeng603/workspace/MFANNS/simulator/memory/20260329/mfnns_t2i_k10_ef20_30_40_dualq_q20_100/logs/t2i1m_normalized_k10_ef20_q67_stats.yml	/hpc2hdd/home/rmeng603/workspace/MFANNS/simulator/memory/20260326/multidataset_nine_config_fp16_hotrep_cfs/yamls/t2i1m_normalized_mfnns_etopt_hotrep.yaml	based_on=20260329/mfnns_etopt_hotrep_k10_ef_sweep;t2i;warmup=q-1
49	t2i1m	normalized	t2i1m_normalized_k10_ef20_q68	20	68	67	10	/hpc2hdd/home/rmeng603/workspace/MFANNS/simulator/memory/20260329/mfnns_t2i_k10_ef20_30_40_dualq_q20_100/yamls/t2i1m_normalized_k10_ef20_q68.yaml	/hpc2hdd/home/rmeng603/workspace/MFANNS/simulator/memory/20260329/mfnns_t2i_k10_ef20_30_40_dualq_q20_100/logs/t2i1m_normalized_k10_ef20_q68_stats.yml	/hpc2hdd/home/rmeng603/workspace/MFANNS/simulator/memory/20260326/multidataset_nine_config_fp16_hotrep_cfs/yamls/t2i1m_normalized_mfnns_etopt_hotrep.yaml	based_on=20260329/mfnns_etopt_hotrep_k10_ef_sweep;t2i;warmup=q-1
50	t2i1m	normalized	t2i1m_normalized_k10_ef20_q69	20	69	68	10	/hpc2hdd/home/rmeng603/workspace/MFANNS/simulator/memory/20260329/mfnns_t2i_k10_ef20_30_40_dualq_q20_100/yamls/t2i1m_normalized_k10_ef20_q69.yaml	/hpc2hdd/home/rmeng603/workspace/MFANNS/simulator/memory/20260329/mfnns_t2i_k10_ef20_30_40_dualq_q20_100/logs/t2i1m_normalized_k10_ef20_q69_stats.yml	/hpc2hdd/home/rmeng603/workspace/MFANNS/simulator/memory/20260326/multidataset_nine_config_fp16_hotrep_cfs/yamls/t2i1m_normalized_mfnns_etopt_hotrep.yaml	based_on=20260329/mfnns_etopt_hotrep_k10_ef_sweep;t2i;warmup=q-1
51	t2i1m	normalized	t2i1m_normalized_k10_ef20_q70	20	70	69	10	/hpc2hdd/home/rmeng603/workspace/MFANNS/simulator/memory/20260329/mfnns_t2i_k10_ef20_30_40_dualq_q20_100/yamls/t2i1m_normalized_k10_ef20_q70.yaml	/hpc2hdd/home/rmeng603/workspace/MFANNS/simulator/memory/20260329/mfnns_t2i_k10_ef20_30_40_dualq_q20_100/logs/t2i1m_normalized_k10_ef20_q70_stats.yml	/hpc2hdd/home/rmeng603/workspace/MFANNS/simulator/memory/20260326/multidataset_nine_config_fp16_hotrep_cfs/yamls/t2i1m_normalized_mfnns_etopt_hotrep.yaml	based_on=20260329/mfnns_etopt_hotrep_k10_ef_sweep;t2i;warmup=q-1
52	t2i1m	normalized	t2i1m_normalized_k10_ef20_q71	20	71	70	10	/hpc2hdd/home/rmeng603/workspace/MFANNS/simulator/memory/20260329/mfnns_t2i_k10_ef20_30_40_dualq_q20_100/yamls/t2i1m_normalized_k10_ef20_q71.yaml	/hpc2hdd/home/rmeng603/workspace/MFANNS/simulator/memory/20260329/mfnns_t2i_k10_ef20_30_40_dualq_q20_100/logs/t2i1m_normalized_k10_ef20_q71_stats.yml	/hpc2hdd/home/rmeng603/workspace/MFANNS/simulator/memory/20260326/multidataset_nine_config_fp16_hotrep_cfs/yamls/t2i1m_normalized_mfnns_etopt_hotrep.yaml	based_on=20260329/mfnns_etopt_hotrep_k10_ef_sweep;t2i;warmup=q-1
53	t2i1m	normalized	t2i1m_normalized_k10_ef20_q72	20	72	71	10	/hpc2hdd/home/rmeng603/workspace/MFANNS/simulator/memory/20260329/mfnns_t2i_k10_ef20_30_40_dualq_q20_100/yamls/t2i1m_normalized_k10_ef20_q72.yaml	/hpc2hdd/home/rmeng603/workspace/MFANNS/simulator/memory/20260329/mfnns_t2i_k10_ef20_30_40_dualq_q20_100/logs/t2i1m_normalized_k10_ef20_q72_stats.yml	/hpc2hdd/home/rmeng603/workspace/MFANNS/simulator/memory/20260326/multidataset_nine_config_fp16_hotrep_cfs/yamls/t2i1m_normalized_mfnns_etopt_hotrep.yaml	based_on=20260329/mfnns_etopt_hotrep_k10_ef_sweep;t2i;warmup=q-1
54	t2i1m	normalized	t2i1m_normalized_k10_ef20_q73	20	73	72	10	/hpc2hdd/home/rmeng603/workspace/MFANNS/simulator/memory/20260329/mfnns_t2i_k10_ef20_30_40_dualq_q20_100/yamls/t2i1m_normalized_k10_ef20_q73.yaml	/hpc2hdd/home/rmeng603/workspace/MFANNS/simulator/memory/20260329/mfnns_t2i_k10_ef20_30_40_dualq_q20_100/logs/t2i1m_normalized_k10_ef20_q73_stats.yml	/hpc2hdd/home/rmeng603/workspace/MFANNS/simulator/memory/20260326/multidataset_nine_config_fp16_hotrep_cfs/yamls/t2i1m_normalized_mfnns_etopt_hotrep.yaml	based_on=20260329/mfnns_etopt_hotrep_k10_ef_sweep;t2i;warmup=q-1
55	t2i1m	normalized	t2i1m_normalized_k10_ef20_q74	20	74	73	10	/hpc2hdd/home/rmeng603/workspace/MFANNS/simulator/memory/20260329/mfnns_t2i_k10_ef20_30_40_dualq_q20_100/yamls/t2i1m_normalized_k10_ef20_q74.yaml	/hpc2hdd/home/rmeng603/workspace/MFANNS/simulator/memory/20260329/mfnns_t2i_k10_ef20_30_40_dualq_q20_100/logs/t2i1m_normalized_k10_ef20_q74_stats.yml	/hpc2hdd/home/rmeng603/workspace/MFANNS/simulator/memory/20260326/multidataset_nine_config_fp16_hotrep_cfs/yamls/t2i1m_normalized_mfnns_etopt_hotrep.yaml	based_on=20260329/mfnns_etopt_hotrep_k10_ef_sweep;t2i;warmup=q-1
56	t2i1m	normalized	t2i1m_normalized_k10_ef20_q75	20	75	74	10	/hpc2hdd/home/rmeng603/workspace/MFANNS/simulator/memory/20260329/mfnns_t2i_k10_ef20_30_40_dualq_q20_100/yamls/t2i1m_normalized_k10_ef20_q75.yaml	/hpc2hdd/home/rmeng603/workspace/MFANNS/simulator/memory/20260329/mfnns_t2i_k10_ef20_30_40_dualq_q20_100/logs/t2i1m_normalized_k10_ef20_q75_stats.yml	/hpc2hdd/home/rmeng603/workspace/MFANNS/simulator/memory/20260326/multidataset_nine_config_fp16_hotrep_cfs/yamls/t2i1m_normalized_mfnns_etopt_hotrep.yaml	based_on=20260329/mfnns_etopt_hotrep_k10_ef_sweep;t2i;warmup=q-1
57	t2i1m	normalized	t2i1m_normalized_k10_ef20_q76	20	76	75	10	/hpc2hdd/home/rmeng603/workspace/MFANNS/simulator/memory/20260329/mfnns_t2i_k10_ef20_30_40_dualq_q20_100/yamls/t2i1m_normalized_k10_ef20_q76.yaml	/hpc2hdd/home/rmeng603/workspace/MFANNS/simulator/memory/20260329/mfnns_t2i_k10_ef20_30_40_dualq_q20_100/logs/t2i1m_normalized_k10_ef20_q76_stats.yml	/hpc2hdd/home/rmeng603/workspace/MFANNS/simulator/memory/20260326/multidataset_nine_config_fp16_hotrep_cfs/yamls/t2i1m_normalized_mfnns_etopt_hotrep.yaml	based_on=20260329/mfnns_etopt_hotrep_k10_ef_sweep;t2i;warmup=q-1
58	t2i1m	normalized	t2i1m_normalized_k10_ef20_q77	20	77	76	10	/hpc2hdd/home/rmeng603/workspace/MFANNS/simulator/memory/20260329/mfnns_t2i_k10_ef20_30_40_dualq_q20_100/yamls/t2i1m_normalized_k10_ef20_q77.yaml	/hpc2hdd/home/rmeng603/workspace/MFANNS/simulator/memory/20260329/mfnns_t2i_k10_ef20_30_40_dualq_q20_100/logs/t2i1m_normalized_k10_ef20_q77_stats.yml	/hpc2hdd/home/rmeng603/workspace/MFANNS/simulator/memory/20260326/multidataset_nine_config_fp16_hotrep_cfs/yamls/t2i1m_normalized_mfnns_etopt_hotrep.yaml	based_on=20260329/mfnns_etopt_hotrep_k10_ef_sweep;t2i;warmup=q-1
59	t2i1m	normalized	t2i1m_normalized_k10_ef20_q78	20	78	77	10	/hpc2hdd/home/rmeng603/workspace/MFANNS/simulator/memory/20260329/mfnns_t2i_k10_ef20_30_40_dualq_q20_100/yamls/t2i1m_normalized_k10_ef20_q78.yaml	/hpc2hdd/home/rmeng603/workspace/MFANNS/simulator/memory/20260329/mfnns_t2i_k10_ef20_30_40_dualq_q20_100/logs/t2i1m_normalized_k10_ef20_q78_stats.yml	/hpc2hdd/home/rmeng603/workspace/MFANNS/simulator/memory/20260326/multidataset_nine_config_fp16_hotrep_cfs/yamls/t2i1m_normalized_mfnns_etopt_hotrep.yaml	based_on=20260329/mfnns_etopt_hotrep_k10_ef_sweep;t2i;warmup=q-1
60	t2i1m	normalized	t2i1m_normalized_k10_ef20_q79	20	79	78	10	/hpc2hdd/home/rmeng603/workspace/MFANNS/simulator/memory/20260329/mfnns_t2i_k10_ef20_30_40_dualq_q20_100/yamls/t2i1m_normalized_k10_ef20_q79.yaml	/hpc2hdd/home/rmeng603/workspace/MFANNS/simulator/memory/20260329/mfnns_t2i_k10_ef20_30_40_dualq_q20_100/logs/t2i1m_normalized_k10_ef20_q79_stats.yml	/hpc2hdd/home/rmeng603/workspace/MFANNS/simulator/memory/20260326/multidataset_nine_config_fp16_hotrep_cfs/yamls/t2i1m_normalized_mfnns_etopt_hotrep.yaml	based_on=20260329/mfnns_etopt_hotrep_k10_ef_sweep;t2i;warmup=q-1
61	t2i1m	normalized	t2i1m_normalized_k10_ef20_q80	20	80	79	10	/hpc2hdd/home/rmeng603/workspace/MFANNS/simulator/memory/20260329/mfnns_t2i_k10_ef20_30_40_dualq_q20_100/yamls/t2i1m_normalized_k10_ef20_q80.yaml	/hpc2hdd/home/rmeng603/workspace/MFANNS/simulator/memory/20260329/mfnns_t2i_k10_ef20_30_40_dualq_q20_100/logs/t2i1m_normalized_k10_ef20_q80_stats.yml	/hpc2hdd/home/rmeng603/workspace/MFANNS/simulator/memory/20260326/multidataset_nine_config_fp16_hotrep_cfs/yamls/t2i1m_normalized_mfnns_etopt_hotrep.yaml	based_on=20260329/mfnns_etopt_hotrep_k10_ef_sweep;t2i;warmup=q-1
62	t2i1m	normalized	t2i1m_normalized_k10_ef20_q81	20	81	80	10	/hpc2hdd/home/rmeng603/workspace/MFANNS/simulator/memory/20260329/mfnns_t2i_k10_ef20_30_40_dualq_q20_100/yamls/t2i1m_normalized_k10_ef20_q81.yaml	/hpc2hdd/home/rmeng603/workspace/MFANNS/simulator/memory/20260329/mfnns_t2i_k10_ef20_30_40_dualq_q20_100/logs/t2i1m_normalized_k10_ef20_q81_stats.yml	/hpc2hdd/home/rmeng603/workspace/MFANNS/simulator/memory/20260326/multidataset_nine_config_fp16_hotrep_cfs/yamls/t2i1m_normalized_mfnns_etopt_hotrep.yaml	based_on=20260329/mfnns_etopt_hotrep_k10_ef_sweep;t2i;warmup=q-1
63	t2i1m	normalized	t2i1m_normalized_k10_ef20_q82	20	82	81	10	/hpc2hdd/home/rmeng603/workspace/MFANNS/simulator/memory/20260329/mfnns_t2i_k10_ef20_30_40_dualq_q20_100/yamls/t2i1m_normalized_k10_ef20_q82.yaml	/hpc2hdd/home/rmeng603/workspace/MFANNS/simulator/memory/20260329/mfnns_t2i_k10_ef20_30_40_dualq_q20_100/logs/t2i1m_normalized_k10_ef20_q82_stats.yml	/hpc2hdd/home/rmeng603/workspace/MFANNS/simulator/memory/20260326/multidataset_nine_config_fp16_hotrep_cfs/yamls/t2i1m_normalized_mfnns_etopt_hotrep.yaml	based_on=20260329/mfnns_etopt_hotrep_k10_ef_sweep;t2i;warmup=q-1
64	t2i1m	normalized	t2i1m_normalized_k10_ef20_q83	20	83	82	10	/hpc2hdd/home/rmeng603/workspace/MFANNS/simulator/memory/20260329/mfnns_t2i_k10_ef20_30_40_dualq_q20_100/yamls/t2i1m_normalized_k10_ef20_q83.yaml	/hpc2hdd/home/rmeng603/workspace/MFANNS/simulator/memory/20260329/mfnns_t2i_k10_ef20_30_40_dualq_q20_100/logs/t2i1m_normalized_k10_ef20_q83_stats.yml	/hpc2hdd/home/rmeng603/workspace/MFANNS/simulator/memory/20260326/multidataset_nine_config_fp16_hotrep_cfs/yamls/t2i1m_normalized_mfnns_etopt_hotrep.yaml	based_on=20260329/mfnns_etopt_hotrep_k10_ef_sweep;t2i;warmup=q-1
65	t2i1m	normalized	t2i1m_normalized_k10_ef20_q84	20	84	83	10	/hpc2hdd/home/rmeng603/workspace/MFANNS/simulator/memory/20260329/mfnns_t2i_k10_ef20_30_40_dualq_q20_100/yamls/t2i1m_normalized_k10_ef20_q84.yaml	/hpc2hdd/home/rmeng603/workspace/MFANNS/simulator/memory/20260329/mfnns_t2i_k10_ef20_30_40_dualq_q20_100/logs/t2i1m_normalized_k10_ef20_q84_stats.yml	/hpc2hdd/home/rmeng603/workspace/MFANNS/simulator/memory/20260326/multidataset_nine_config_fp16_hotrep_cfs/yamls/t2i1m_normalized_mfnns_etopt_hotrep.yaml	based_on=20260329/mfnns_etopt_hotrep_k10_ef_sweep;t2i;warmup=q-1
66	t2i1m	normalized	t2i1m_normalized_k10_ef20_q85	20	85	84	10	/hpc2hdd/home/rmeng603/workspace/MFANNS/simulator/memory/20260329/mfnns_t2i_k10_ef20_30_40_dualq_q20_100/yamls/t2i1m_normalized_k10_ef20_q85.yaml	/hpc2hdd/home/rmeng603/workspace/MFANNS/simulator/memory/20260329/mfnns_t2i_k10_ef20_30_40_dualq_q20_100/logs/t2i1m_normalized_k10_ef20_q85_stats.yml	/hpc2hdd/home/rmeng603/workspace/MFANNS/simulator/memory/20260326/multidataset_nine_config_fp16_hotrep_cfs/yamls/t2i1m_normalized_mfnns_etopt_hotrep.yaml	based_on=20260329/mfnns_etopt_hotrep_k10_ef_sweep;t2i;warmup=q-1
67	t2i1m	normalized	t2i1m_normalized_k10_ef20_q86	20	86	85	10	/hpc2hdd/home/rmeng603/workspace/MFANNS/simulator/memory/20260329/mfnns_t2i_k10_ef20_30_40_dualq_q20_100/yamls/t2i1m_normalized_k10_ef20_q86.yaml	/hpc2hdd/home/rmeng603/workspace/MFANNS/simulator/memory/20260329/mfnns_t2i_k10_ef20_30_40_dualq_q20_100/logs/t2i1m_normalized_k10_ef20_q86_stats.yml	/hpc2hdd/home/rmeng603/workspace/MFANNS/simulator/memory/20260326/multidataset_nine_config_fp16_hotrep_cfs/yamls/t2i1m_normalized_mfnns_etopt_hotrep.yaml	based_on=20260329/mfnns_etopt_hotrep_k10_ef_sweep;t2i;warmup=q-1
68	t2i1m	normalized	t2i1m_normalized_k10_ef20_q87	20	87	86	10	/hpc2hdd/home/rmeng603/workspace/MFANNS/simulator/memory/20260329/mfnns_t2i_k10_ef20_30_40_dualq_q20_100/yamls/t2i1m_normalized_k10_ef20_q87.yaml	/hpc2hdd/home/rmeng603/workspace/MFANNS/simulator/memory/20260329/mfnns_t2i_k10_ef20_30_40_dualq_q20_100/logs/t2i1m_normalized_k10_ef20_q87_stats.yml	/hpc2hdd/home/rmeng603/workspace/MFANNS/simulator/memory/20260326/multidataset_nine_config_fp16_hotrep_cfs/yamls/t2i1m_normalized_mfnns_etopt_hotrep.yaml	based_on=20260329/mfnns_etopt_hotrep_k10_ef_sweep;t2i;warmup=q-1
69	t2i1m	normalized	t2i1m_normalized_k10_ef20_q88	20	88	87	10	/hpc2hdd/home/rmeng603/workspace/MFANNS/simulator/memory/20260329/mfnns_t2i_k10_ef20_30_40_dualq_q20_100/yamls/t2i1m_normalized_k10_ef20_q88.yaml	/hpc2hdd/home/rmeng603/workspace/MFANNS/simulator/memory/20260329/mfnns_t2i_k10_ef20_30_40_dualq_q20_100/logs/t2i1m_normalized_k10_ef20_q88_stats.yml	/hpc2hdd/home/rmeng603/workspace/MFANNS/simulator/memory/20260326/multidataset_nine_config_fp16_hotrep_cfs/yamls/t2i1m_normalized_mfnns_etopt_hotrep.yaml	based_on=20260329/mfnns_etopt_hotrep_k10_ef_sweep;t2i;warmup=q-1
70	t2i1m	normalized	t2i1m_normalized_k10_ef20_q89	20	89	88	10	/hpc2hdd/home/rmeng603/workspace/MFANNS/simulator/memory/20260329/mfnns_t2i_k10_ef20_30_40_dualq_q20_100/yamls/t2i1m_normalized_k10_ef20_q89.yaml	/hpc2hdd/home/rmeng603/workspace/MFANNS/simulator/memory/20260329/mfnns_t2i_k10_ef20_30_40_dualq_q20_100/logs/t2i1m_normalized_k10_ef20_q89_stats.yml	/hpc2hdd/home/rmeng603/workspace/MFANNS/simulator/memory/20260326/multidataset_nine_config_fp16_hotrep_cfs/yamls/t2i1m_normalized_mfnns_etopt_hotrep.yaml	based_on=20260329/mfnns_etopt_hotrep_k10_ef_sweep;t2i;warmup=q-1
71	t2i1m	normalized	t2i1m_normalized_k10_ef20_q90	20	90	89	10	/hpc2hdd/home/rmeng603/workspace/MFANNS/simulator/memory/20260329/mfnns_t2i_k10_ef20_30_40_dualq_q20_100/yamls/t2i1m_normalized_k10_ef20_q90.yaml	/hpc2hdd/home/rmeng603/workspace/MFANNS/simulator/memory/20260329/mfnns_t2i_k10_ef20_30_40_dualq_q20_100/logs/t2i1m_normalized_k10_ef20_q90_stats.yml	/hpc2hdd/home/rmeng603/workspace/MFANNS/simulator/memory/20260326/multidataset_nine_config_fp16_hotrep_cfs/yamls/t2i1m_normalized_mfnns_etopt_hotrep.yaml	based_on=20260329/mfnns_etopt_hotrep_k10_ef_sweep;t2i;warmup=q-1
72	t2i1m	normalized	t2i1m_normalized_k10_ef20_q91	20	91	90	10	/hpc2hdd/home/rmeng603/workspace/MFANNS/simulator/memory/20260329/mfnns_t2i_k10_ef20_30_40_dualq_q20_100/yamls/t2i1m_normalized_k10_ef20_q91.yaml	/hpc2hdd/home/rmeng603/workspace/MFANNS/simulator/memory/20260329/mfnns_t2i_k10_ef20_30_40_dualq_q20_100/logs/t2i1m_normalized_k10_ef20_q91_stats.yml	/hpc2hdd/home/rmeng603/workspace/MFANNS/simulator/memory/20260326/multidataset_nine_config_fp16_hotrep_cfs/yamls/t2i1m_normalized_mfnns_etopt_hotrep.yaml	based_on=20260329/mfnns_etopt_hotrep_k10_ef_sweep;t2i;warmup=q-1
73	t2i1m	normalized	t2i1m_normalized_k10_ef20_q92	20	92	91	10	/hpc2hdd/home/rmeng603/workspace/MFANNS/simulator/memory/20260329/mfnns_t2i_k10_ef20_30_40_dualq_q20_100/yamls/t2i1m_normalized_k10_ef20_q92.yaml	/hpc2hdd/home/rmeng603/workspace/MFANNS/simulator/memory/20260329/mfnns_t2i_k10_ef20_30_40_dualq_q20_100/logs/t2i1m_normalized_k10_ef20_q92_stats.yml	/hpc2hdd/home/rmeng603/workspace/MFANNS/simulator/memory/20260326/multidataset_nine_config_fp16_hotrep_cfs/yamls/t2i1m_normalized_mfnns_etopt_hotrep.yaml	based_on=20260329/mfnns_etopt_hotrep_k10_ef_sweep;t2i;warmup=q-1
74	t2i1m	normalized	t2i1m_normalized_k10_ef20_q93	20	93	92	10	/hpc2hdd/home/rmeng603/workspace/MFANNS/simulator/memory/20260329/mfnns_t2i_k10_ef20_30_40_dualq_q20_100/yamls/t2i1m_normalized_k10_ef20_q93.yaml	/hpc2hdd/home/rmeng603/workspace/MFANNS/simulator/memory/20260329/mfnns_t2i_k10_ef20_30_40_dualq_q20_100/logs/t2i1m_normalized_k10_ef20_q93_stats.yml	/hpc2hdd/home/rmeng603/workspace/MFANNS/simulator/memory/20260326/multidataset_nine_config_fp16_hotrep_cfs/yamls/t2i1m_normalized_mfnns_etopt_hotrep.yaml	based_on=20260329/mfnns_etopt_hotrep_k10_ef_sweep;t2i;warmup=q-1
75	t2i1m	normalized	t2i1m_normalized_k10_ef20_q94	20	94	93	10	/hpc2hdd/home/rmeng603/workspace/MFANNS/simulator/memory/20260329/mfnns_t2i_k10_ef20_30_40_dualq_q20_100/yamls/t2i1m_normalized_k10_ef20_q94.yaml	/hpc2hdd/home/rmeng603/workspace/MFANNS/simulator/memory/20260329/mfnns_t2i_k10_ef20_30_40_dualq_q20_100/logs/t2i1m_normalized_k10_ef20_q94_stats.yml	/hpc2hdd/home/rmeng603/workspace/MFANNS/simulator/memory/20260326/multidataset_nine_config_fp16_hotrep_cfs/yamls/t2i1m_normalized_mfnns_etopt_hotrep.yaml	based_on=20260329/mfnns_etopt_hotrep_k10_ef_sweep;t2i;warmup=q-1
76	t2i1m	normalized	t2i1m_normalized_k10_ef20_q95	20	95	94	10	/hpc2hdd/home/rmeng603/workspace/MFANNS/simulator/memory/20260329/mfnns_t2i_k10_ef20_30_40_dualq_q20_100/yamls/t2i1m_normalized_k10_ef20_q95.yaml	/hpc2hdd/home/rmeng603/workspace/MFANNS/simulator/memory/20260329/mfnns_t2i_k10_ef20_30_40_dualq_q20_100/logs/t2i1m_normalized_k10_ef20_q95_stats.yml	/hpc2hdd/home/rmeng603/workspace/MFANNS/simulator/memory/20260326/multidataset_nine_config_fp16_hotrep_cfs/yamls/t2i1m_normalized_mfnns_etopt_hotrep.yaml	based_on=20260329/mfnns_etopt_hotrep_k10_ef_sweep;t2i;warmup=q-1
77	t2i1m	normalized	t2i1m_normalized_k10_ef20_q96	20	96	95	10	/hpc2hdd/home/rmeng603/workspace/MFANNS/simulator/memory/20260329/mfnns_t2i_k10_ef20_30_40_dualq_q20_100/yamls/t2i1m_normalized_k10_ef20_q96.yaml	/hpc2hdd/home/rmeng603/workspace/MFANNS/simulator/memory/20260329/mfnns_t2i_k10_ef20_30_40_dualq_q20_100/logs/t2i1m_normalized_k10_ef20_q96_stats.yml	/hpc2hdd/home/rmeng603/workspace/MFANNS/simulator/memory/20260326/multidataset_nine_config_fp16_hotrep_cfs/yamls/t2i1m_normalized_mfnns_etopt_hotrep.yaml	based_on=20260329/mfnns_etopt_hotrep_k10_ef_sweep;t2i;warmup=q-1
78	t2i1m	normalized	t2i1m_normalized_k10_ef20_q97	20	97	96	10	/hpc2hdd/home/rmeng603/workspace/MFANNS/simulator/memory/20260329/mfnns_t2i_k10_ef20_30_40_dualq_q20_100/yamls/t2i1m_normalized_k10_ef20_q97.yaml	/hpc2hdd/home/rmeng603/workspace/MFANNS/simulator/memory/20260329/mfnns_t2i_k10_ef20_30_40_dualq_q20_100/logs/t2i1m_normalized_k10_ef20_q97_stats.yml	/hpc2hdd/home/rmeng603/workspace/MFANNS/simulator/memory/20260326/multidataset_nine_config_fp16_hotrep_cfs/yamls/t2i1m_normalized_mfnns_etopt_hotrep.yaml	based_on=20260329/mfnns_etopt_hotrep_k10_ef_sweep;t2i;warmup=q-1
79	t2i1m	normalized	t2i1m_normalized_k10_ef20_q98	20	98	97	10	/hpc2hdd/home/rmeng603/workspace/MFANNS/simulator/memory/20260329/mfnns_t2i_k10_ef20_30_40_dualq_q20_100/yamls/t2i1m_normalized_k10_ef20_q98.yaml	/hpc2hdd/home/rmeng603/workspace/MFANNS/simulator/memory/20260329/mfnns_t2i_k10_ef20_30_40_dualq_q20_100/logs/t2i1m_normalized_k10_ef20_q98_stats.yml	/hpc2hdd/home/rmeng603/workspace/MFANNS/simulator/memory/20260326/multidataset_nine_config_fp16_hotrep_cfs/yamls/t2i1m_normalized_mfnns_etopt_hotrep.yaml	based_on=20260329/mfnns_etopt_hotrep_k10_ef_sweep;t2i;warmup=q-1
80	t2i1m	normalized	t2i1m_normalized_k10_ef20_q99	20	99	98	10	/hpc2hdd/home/rmeng603/workspace/MFANNS/simulator/memory/20260329/mfnns_t2i_k10_ef20_30_40_dualq_q20_100/yamls/t2i1m_normalized_k10_ef20_q99.yaml	/hpc2hdd/home/rmeng603/workspace/MFANNS/simulator/memory/20260329/mfnns_t2i_k10_ef20_30_40_dualq_q20_100/logs/t2i1m_normalized_k10_ef20_q99_stats.yml	/hpc2hdd/home/rmeng603/workspace/MFANNS/simulator/memory/20260326/multidataset_nine_config_fp16_hotrep_cfs/yamls/t2i1m_normalized_mfnns_etopt_hotrep.yaml	based_on=20260329/mfnns_etopt_hotrep_k10_ef_sweep;t2i;warmup=q-1
81	t2i1m	normalized	t2i1m_normalized_k10_ef20_q100	20	100	99	10	/hpc2hdd/home/rmeng603/workspace/MFANNS/simulator/memory/20260329/mfnns_t2i_k10_ef20_30_40_dualq_q20_100/yamls/t2i1m_normalized_k10_ef20_q100.yaml	/hpc2hdd/home/rmeng603/workspace/MFANNS/simulator/memory/20260329/mfnns_t2i_k10_ef20_30_40_dualq_q20_100/logs/t2i1m_normalized_k10_ef20_q100_stats.yml	/hpc2hdd/home/rmeng603/workspace/MFANNS/simulator/memory/20260326/multidataset_nine_config_fp16_hotrep_cfs/yamls/t2i1m_normalized_mfnns_etopt_hotrep.yaml	based_on=20260329/mfnns_etopt_hotrep_k10_ef_sweep;t2i;warmup=q-1
82	t2i1m	normalized	t2i1m_normalized_k10_ef30_q20	30	20	19	10	/hpc2hdd/home/rmeng603/workspace/MFANNS/simulator/memory/20260329/mfnns_t2i_k10_ef20_30_40_dualq_q20_100/yamls/t2i1m_normalized_k10_ef30_q20.yaml	/hpc2hdd/home/rmeng603/workspace/MFANNS/simulator/memory/20260329/mfnns_t2i_k10_ef20_30_40_dualq_q20_100/logs/t2i1m_normalized_k10_ef30_q20_stats.yml	/hpc2hdd/home/rmeng603/workspace/MFANNS/simulator/memory/20260326/multidataset_nine_config_fp16_hotrep_cfs/yamls/t2i1m_normalized_mfnns_etopt_hotrep.yaml	based_on=20260329/mfnns_etopt_hotrep_k10_ef_sweep;t2i;warmup=q-1
83	t2i1m	normalized	t2i1m_normalized_k10_ef30_q21	30	21	20	10	/hpc2hdd/home/rmeng603/workspace/MFANNS/simulator/memory/20260329/mfnns_t2i_k10_ef20_30_40_dualq_q20_100/yamls/t2i1m_normalized_k10_ef30_q21.yaml	/hpc2hdd/home/rmeng603/workspace/MFANNS/simulator/memory/20260329/mfnns_t2i_k10_ef20_30_40_dualq_q20_100/logs/t2i1m_normalized_k10_ef30_q21_stats.yml	/hpc2hdd/home/rmeng603/workspace/MFANNS/simulator/memory/20260326/multidataset_nine_config_fp16_hotrep_cfs/yamls/t2i1m_normalized_mfnns_etopt_hotrep.yaml	based_on=20260329/mfnns_etopt_hotrep_k10_ef_sweep;t2i;warmup=q-1
84	t2i1m	normalized	t2i1m_normalized_k10_ef30_q22	30	22	21	10	/hpc2hdd/home/rmeng603/workspace/MFANNS/simulator/memory/20260329/mfnns_t2i_k10_ef20_30_40_dualq_q20_100/yamls/t2i1m_normalized_k10_ef30_q22.yaml	/hpc2hdd/home/rmeng603/workspace/MFANNS/simulator/memory/20260329/mfnns_t2i_k10_ef20_30_40_dualq_q20_100/logs/t2i1m_normalized_k10_ef30_q22_stats.yml	/hpc2hdd/home/rmeng603/workspace/MFANNS/simulator/memory/20260326/multidataset_nine_config_fp16_hotrep_cfs/yamls/t2i1m_normalized_mfnns_etopt_hotrep.yaml	based_on=20260329/mfnns_etopt_hotrep_k10_ef_sweep;t2i;warmup=q-1
85	t2i1m	normalized	t2i1m_normalized_k10_ef30_q23	30	23	22	10	/hpc2hdd/home/rmeng603/workspace/MFANNS/simulator/memory/20260329/mfnns_t2i_k10_ef20_30_40_dualq_q20_100/yamls/t2i1m_normalized_k10_ef30_q23.yaml	/hpc2hdd/home/rmeng603/workspace/MFANNS/simulator/memory/20260329/mfnns_t2i_k10_ef20_30_40_dualq_q20_100/logs/t2i1m_normalized_k10_ef30_q23_stats.yml	/hpc2hdd/home/rmeng603/workspace/MFANNS/simulator/memory/20260326/multidataset_nine_config_fp16_hotrep_cfs/yamls/t2i1m_normalized_mfnns_etopt_hotrep.yaml	based_on=20260329/mfnns_etopt_hotrep_k10_ef_sweep;t2i;warmup=q-1
86	t2i1m	normalized	t2i1m_normalized_k10_ef30_q24	30	24	23	10	/hpc2hdd/home/rmeng603/workspace/MFANNS/simulator/memory/20260329/mfnns_t2i_k10_ef20_30_40_dualq_q20_100/yamls/t2i1m_normalized_k10_ef30_q24.yaml	/hpc2hdd/home/rmeng603/workspace/MFANNS/simulator/memory/20260329/mfnns_t2i_k10_ef20_30_40_dualq_q20_100/logs/t2i1m_normalized_k10_ef30_q24_stats.yml	/hpc2hdd/home/rmeng603/workspace/MFANNS/simulator/memory/20260326/multidataset_nine_config_fp16_hotrep_cfs/yamls/t2i1m_normalized_mfnns_etopt_hotrep.yaml	based_on=20260329/mfnns_etopt_hotrep_k10_ef_sweep;t2i;warmup=q-1
87	t2i1m	normalized	t2i1m_normalized_k10_ef30_q25	30	25	24	10	/hpc2hdd/home/rmeng603/workspace/MFANNS/simulator/memory/20260329/mfnns_t2i_k10_ef20_30_40_dualq_q20_100/yamls/t2i1m_normalized_k10_ef30_q25.yaml	/hpc2hdd/home/rmeng603/workspace/MFANNS/simulator/memory/20260329/mfnns_t2i_k10_ef20_30_40_dualq_q20_100/logs/t2i1m_normalized_k10_ef30_q25_stats.yml	/hpc2hdd/home/rmeng603/workspace/MFANNS/simulator/memory/20260326/multidataset_nine_config_fp16_hotrep_cfs/yamls/t2i1m_normalized_mfnns_etopt_hotrep.yaml	based_on=20260329/mfnns_etopt_hotrep_k10_ef_sweep;t2i;warmup=q-1
88	t2i1m	normalized	t2i1m_normalized_k10_ef30_q26	30	26	25	10	/hpc2hdd/home/rmeng603/workspace/MFANNS/simulator/memory/20260329/mfnns_t2i_k10_ef20_30_40_dualq_q20_100/yamls/t2i1m_normalized_k10_ef30_q26.yaml	/hpc2hdd/home/rmeng603/workspace/MFANNS/simulator/memory/20260329/mfnns_t2i_k10_ef20_30_40_dualq_q20_100/logs/t2i1m_normalized_k10_ef30_q26_stats.yml	/hpc2hdd/home/rmeng603/workspace/MFANNS/simulator/memory/20260326/multidataset_nine_config_fp16_hotrep_cfs/yamls/t2i1m_normalized_mfnns_etopt_hotrep.yaml	based_on=20260329/mfnns_etopt_hotrep_k10_ef_sweep;t2i;warmup=q-1
89	t2i1m	normalized	t2i1m_normalized_k10_ef30_q27	30	27	26	10	/hpc2hdd/home/rmeng603/workspace/MFANNS/simulator/memory/20260329/mfnns_t2i_k10_ef20_30_40_dualq_q20_100/yamls/t2i1m_normalized_k10_ef30_q27.yaml	/hpc2hdd/home/rmeng603/workspace/MFANNS/simulator/memory/20260329/mfnns_t2i_k10_ef20_30_40_dualq_q20_100/logs/t2i1m_normalized_k10_ef30_q27_stats.yml	/hpc2hdd/home/rmeng603/workspace/MFANNS/simulator/memory/20260326/multidataset_nine_config_fp16_hotrep_cfs/yamls/t2i1m_normalized_mfnns_etopt_hotrep.yaml	based_on=20260329/mfnns_etopt_hotrep_k10_ef_sweep;t2i;warmup=q-1
90	t2i1m	normalized	t2i1m_normalized_k10_ef30_q28	30	28	27	10	/hpc2hdd/home/rmeng603/workspace/MFANNS/simulator/memory/20260329/mfnns_t2i_k10_ef20_30_40_dualq_q20_100/yamls/t2i1m_normalized_k10_ef30_q28.yaml	/hpc2hdd/home/rmeng603/workspace/MFANNS/simulator/memory/20260329/mfnns_t2i_k10_ef20_30_40_dualq_q20_100/logs/t2i1m_normalized_k10_ef30_q28_stats.yml	/hpc2hdd/home/rmeng603/workspace/MFANNS/simulator/memory/20260326/multidataset_nine_config_fp16_hotrep_cfs/yamls/t2i1m_normalized_mfnns_etopt_hotrep.yaml	based_on=20260329/mfnns_etopt_hotrep_k10_ef_sweep;t2i;warmup=q-1
91	t2i1m	normalized	t2i1m_normalized_k10_ef30_q29	30	29	28	10	/hpc2hdd/home/rmeng603/workspace/MFANNS/simulator/memory/20260329/mfnns_t2i_k10_ef20_30_40_dualq_q20_100/yamls/t2i1m_normalized_k10_ef30_q29.yaml	/hpc2hdd/home/rmeng603/workspace/MFANNS/simulator/memory/20260329/mfnns_t2i_k10_ef20_30_40_dualq_q20_100/logs/t2i1m_normalized_k10_ef30_q29_stats.yml	/hpc2hdd/home/rmeng603/workspace/MFANNS/simulator/memory/20260326/multidataset_nine_config_fp16_hotrep_cfs/yamls/t2i1m_normalized_mfnns_etopt_hotrep.yaml	based_on=20260329/mfnns_etopt_hotrep_k10_ef_sweep;t2i;warmup=q-1
92	t2i1m	normalized	t2i1m_normalized_k10_ef30_q30	30	30	29	10	/hpc2hdd/home/rmeng603/workspace/MFANNS/simulator/memory/20260329/mfnns_t2i_k10_ef20_30_40_dualq_q20_100/yamls/t2i1m_normalized_k10_ef30_q30.yaml	/hpc2hdd/home/rmeng603/workspace/MFANNS/simulator/memory/20260329/mfnns_t2i_k10_ef20_30_40_dualq_q20_100/logs/t2i1m_normalized_k10_ef30_q30_stats.yml	/hpc2hdd/home/rmeng603/workspace/MFANNS/simulator/memory/20260326/multidataset_nine_config_fp16_hotrep_cfs/yamls/t2i1m_normalized_mfnns_etopt_hotrep.yaml	based_on=20260329/mfnns_etopt_hotrep_k10_ef_sweep;t2i;warmup=q-1
93	t2i1m	normalized	t2i1m_normalized_k10_ef30_q31	30	31	30	10	/hpc2hdd/home/rmeng603/workspace/MFANNS/simulator/memory/20260329/mfnns_t2i_k10_ef20_30_40_dualq_q20_100/yamls/t2i1m_normalized_k10_ef30_q31.yaml	/hpc2hdd/home/rmeng603/workspace/MFANNS/simulator/memory/20260329/mfnns_t2i_k10_ef20_30_40_dualq_q20_100/logs/t2i1m_normalized_k10_ef30_q31_stats.yml	/hpc2hdd/home/rmeng603/workspace/MFANNS/simulator/memory/20260326/multidataset_nine_config_fp16_hotrep_cfs/yamls/t2i1m_normalized_mfnns_etopt_hotrep.yaml	based_on=20260329/mfnns_etopt_hotrep_k10_ef_sweep;t2i;warmup=q-1
94	t2i1m	normalized	t2i1m_normalized_k10_ef30_q32	30	32	31	10	/hpc2hdd/home/rmeng603/workspace/MFANNS/simulator/memory/20260329/mfnns_t2i_k10_ef20_30_40_dualq_q20_100/yamls/t2i1m_normalized_k10_ef30_q32.yaml	/hpc2hdd/home/rmeng603/workspace/MFANNS/simulator/memory/20260329/mfnns_t2i_k10_ef20_30_40_dualq_q20_100/logs/t2i1m_normalized_k10_ef30_q32_stats.yml	/hpc2hdd/home/rmeng603/workspace/MFANNS/simulator/memory/20260326/multidataset_nine_config_fp16_hotrep_cfs/yamls/t2i1m_normalized_mfnns_etopt_hotrep.yaml	based_on=20260329/mfnns_etopt_hotrep_k10_ef_sweep;t2i;warmup=q-1
95	t2i1m	normalized	t2i1m_normalized_k10_ef30_q33	30	33	32	10	/hpc2hdd/home/rmeng603/workspace/MFANNS/simulator/memory/20260329/mfnns_t2i_k10_ef20_30_40_dualq_q20_100/yamls/t2i1m_normalized_k10_ef30_q33.yaml	/hpc2hdd/home/rmeng603/workspace/MFANNS/simulator/memory/20260329/mfnns_t2i_k10_ef20_30_40_dualq_q20_100/logs/t2i1m_normalized_k10_ef30_q33_stats.yml	/hpc2hdd/home/rmeng603/workspace/MFANNS/simulator/memory/20260326/multidataset_nine_config_fp16_hotrep_cfs/yamls/t2i1m_normalized_mfnns_etopt_hotrep.yaml	based_on=20260329/mfnns_etopt_hotrep_k10_ef_sweep;t2i;warmup=q-1
96	t2i1m	normalized	t2i1m_normalized_k10_ef30_q34	30	34	33	10	/hpc2hdd/home/rmeng603/workspace/MFANNS/simulator/memory/20260329/mfnns_t2i_k10_ef20_30_40_dualq_q20_100/yamls/t2i1m_normalized_k10_ef30_q34.yaml	/hpc2hdd/home/rmeng603/workspace/MFANNS/simulator/memory/20260329/mfnns_t2i_k10_ef20_30_40_dualq_q20_100/logs/t2i1m_normalized_k10_ef30_q34_stats.yml	/hpc2hdd/home/rmeng603/workspace/MFANNS/simulator/memory/20260326/multidataset_nine_config_fp16_hotrep_cfs/yamls/t2i1m_normalized_mfnns_etopt_hotrep.yaml	based_on=20260329/mfnns_etopt_hotrep_k10_ef_sweep;t2i;warmup=q-1
97	t2i1m	normalized	t2i1m_normalized_k10_ef30_q35	30	35	34	10	/hpc2hdd/home/rmeng603/workspace/MFANNS/simulator/memory/20260329/mfnns_t2i_k10_ef20_30_40_dualq_q20_100/yamls/t2i1m_normalized_k10_ef30_q35.yaml	/hpc2hdd/home/rmeng603/workspace/MFANNS/simulator/memory/20260329/mfnns_t2i_k10_ef20_30_40_dualq_q20_100/logs/t2i1m_normalized_k10_ef30_q35_stats.yml	/hpc2hdd/home/rmeng603/workspace/MFANNS/simulator/memory/20260326/multidataset_nine_config_fp16_hotrep_cfs/yamls/t2i1m_normalized_mfnns_etopt_hotrep.yaml	based_on=20260329/mfnns_etopt_hotrep_k10_ef_sweep;t2i;warmup=q-1
98	t2i1m	normalized	t2i1m_normalized_k10_ef30_q36	30	36	35	10	/hpc2hdd/home/rmeng603/workspace/MFANNS/simulator/memory/20260329/mfnns_t2i_k10_ef20_30_40_dualq_q20_100/yamls/t2i1m_normalized_k10_ef30_q36.yaml	/hpc2hdd/home/rmeng603/workspace/MFANNS/simulator/memory/20260329/mfnns_t2i_k10_ef20_30_40_dualq_q20_100/logs/t2i1m_normalized_k10_ef30_q36_stats.yml	/hpc2hdd/home/rmeng603/workspace/MFANNS/simulator/memory/20260326/multidataset_nine_config_fp16_hotrep_cfs/yamls/t2i1m_normalized_mfnns_etopt_hotrep.yaml	based_on=20260329/mfnns_etopt_hotrep_k10_ef_sweep;t2i;warmup=q-1
99	t2i1m	normalized	t2i1m_normalized_k10_ef30_q37	30	37	36	10	/hpc2hdd/home/rmeng603/workspace/MFANNS/simulator/memory/20260329/mfnns_t2i_k10_ef20_30_40_dualq_q20_100/yamls/t2i1m_normalized_k10_ef30_q37.yaml	/hpc2hdd/home/rmeng603/workspace/MFANNS/simulator/memory/20260329/mfnns_t2i_k10_ef20_30_40_dualq_q20_100/logs/t2i1m_normalized_k10_ef30_q37_stats.yml	/hpc2hdd/home/rmeng603/workspace/MFANNS/simulator/memory/20260326/multidataset_nine_config_fp16_hotrep_cfs/yamls/t2i1m_normalized_mfnns_etopt_hotrep.yaml	based_on=20260329/mfnns_etopt_hotrep_k10_ef_sweep;t2i;warmup=q-1
100	t2i1m	normalized	t2i1m_normalized_k10_ef30_q38	30	38	37	10	/hpc2hdd/home/rmeng603/workspace/MFANNS/simulator/memory/20260329/mfnns_t2i_k10_ef20_30_40_dualq_q20_100/yamls/t2i1m_normalized_k10_ef30_q38.yaml	/hpc2hdd/home/rmeng603/workspace/MFANNS/simulator/memory/20260329/mfnns_t2i_k10_ef20_30_40_dualq_q20_100/logs/t2i1m_normalized_k10_ef30_q38_stats.yml	/hpc2hdd/home/rmeng603/workspace/MFANNS/simulator/memory/20260326/multidataset_nine_config_fp16_hotrep_cfs/yamls/t2i1m_normalized_mfnns_etopt_hotrep.yaml	based_on=20260329/mfnns_etopt_hotrep_k10_ef_sweep;t2i;warmup=q-1
101	t2i1m	normalized	t2i1m_normalized_k10_ef30_q39	30	39	38	10	/hpc2hdd/home/rmeng603/workspace/MFANNS/simulator/memory/20260329/mfnns_t2i_k10_ef20_30_40_dualq_q20_100/yamls/t2i1m_normalized_k10_ef30_q39.yaml	/hpc2hdd/home/rmeng603/workspace/MFANNS/simulator/memory/20260329/mfnns_t2i_k10_ef20_30_40_dualq_q20_100/logs/t2i1m_normalized_k10_ef30_q39_stats.yml	/hpc2hdd/home/rmeng603/workspace/MFANNS/simulator/memory/20260326/multidataset_nine_config_fp16_hotrep_cfs/yamls/t2i1m_normalized_mfnns_etopt_hotrep.yaml	based_on=20260329/mfnns_etopt_hotrep_k10_ef_sweep;t2i;warmup=q-1
102	t2i1m	normalized	t2i1m_normalized_k10_ef30_q40	30	40	39	10	/hpc2hdd/home/rmeng603/workspace/MFANNS/simulator/memory/20260329/mfnns_t2i_k10_ef20_30_40_dualq_q20_100/yamls/t2i1m_normalized_k10_ef30_q40.yaml	/hpc2hdd/home/rmeng603/workspace/MFANNS/simulator/memory/20260329/mfnns_t2i_k10_ef20_30_40_dualq_q20_100/logs/t2i1m_normalized_k10_ef30_q40_stats.yml	/hpc2hdd/home/rmeng603/workspace/MFANNS/simulator/memory/20260326/multidataset_nine_config_fp16_hotrep_cfs/yamls/t2i1m_normalized_mfnns_etopt_hotrep.yaml	based_on=20260329/mfnns_etopt_hotrep_k10_ef_sweep;t2i;warmup=q-1
103	t2i1m	normalized	t2i1m_normalized_k10_ef30_q41	30	41	40	10	/hpc2hdd/home/rmeng603/workspace/MFANNS/simulator/memory/20260329/mfnns_t2i_k10_ef20_30_40_dualq_q20_100/yamls/t2i1m_normalized_k10_ef30_q41.yaml	/hpc2hdd/home/rmeng603/workspace/MFANNS/simulator/memory/20260329/mfnns_t2i_k10_ef20_30_40_dualq_q20_100/logs/t2i1m_normalized_k10_ef30_q41_stats.yml	/hpc2hdd/home/rmeng603/workspace/MFANNS/simulator/memory/20260326/multidataset_nine_config_fp16_hotrep_cfs/yamls/t2i1m_normalized_mfnns_etopt_hotrep.yaml	based_on=20260329/mfnns_etopt_hotrep_k10_ef_sweep;t2i;warmup=q-1
104	t2i1m	normalized	t2i1m_normalized_k10_ef30_q42	30	42	41	10	/hpc2hdd/home/rmeng603/workspace/MFANNS/simulator/memory/20260329/mfnns_t2i_k10_ef20_30_40_dualq_q20_100/yamls/t2i1m_normalized_k10_ef30_q42.yaml	/hpc2hdd/home/rmeng603/workspace/MFANNS/simulator/memory/20260329/mfnns_t2i_k10_ef20_30_40_dualq_q20_100/logs/t2i1m_normalized_k10_ef30_q42_stats.yml	/hpc2hdd/home/rmeng603/workspace/MFANNS/simulator/memory/20260326/multidataset_nine_config_fp16_hotrep_cfs/yamls/t2i1m_normalized_mfnns_etopt_hotrep.yaml	based_on=20260329/mfnns_etopt_hotrep_k10_ef_sweep;t2i;warmup=q-1
105	t2i1m	normalized	t2i1m_normalized_k10_ef30_q43	30	43	42	10	/hpc2hdd/home/rmeng603/workspace/MFANNS/simulator/memory/20260329/mfnns_t2i_k10_ef20_30_40_dualq_q20_100/yamls/t2i1m_normalized_k10_ef30_q43.yaml	/hpc2hdd/home/rmeng603/workspace/MFANNS/simulator/memory/20260329/mfnns_t2i_k10_ef20_30_40_dualq_q20_100/logs/t2i1m_normalized_k10_ef30_q43_stats.yml	/hpc2hdd/home/rmeng603/workspace/MFANNS/simulator/memory/20260326/multidataset_nine_config_fp16_hotrep_cfs/yamls/t2i1m_normalized_mfnns_etopt_hotrep.yaml	based_on=20260329/mfnns_etopt_hotrep_k10_ef_sweep;t2i;warmup=q-1
106	t2i1m	normalized	t2i1m_normalized_k10_ef30_q44	30	44	43	10	/hpc2hdd/home/rmeng603/workspace/MFANNS/simulator/memory/20260329/mfnns_t2i_k10_ef20_30_40_dualq_q20_100/yamls/t2i1m_normalized_k10_ef30_q44.yaml	/hpc2hdd/home/rmeng603/workspace/MFANNS/simulator/memory/20260329/mfnns_t2i_k10_ef20_30_40_dualq_q20_100/logs/t2i1m_normalized_k10_ef30_q44_stats.yml	/hpc2hdd/home/rmeng603/workspace/MFANNS/simulator/memory/20260326/multidataset_nine_config_fp16_hotrep_cfs/yamls/t2i1m_normalized_mfnns_etopt_hotrep.yaml	based_on=20260329/mfnns_etopt_hotrep_k10_ef_sweep;t2i;warmup=q-1
107	t2i1m	normalized	t2i1m_normalized_k10_ef30_q45	30	45	44	10	/hpc2hdd/home/rmeng603/workspace/MFANNS/simulator/memory/20260329/mfnns_t2i_k10_ef20_30_40_dualq_q20_100/yamls/t2i1m_normalized_k10_ef30_q45.yaml	/hpc2hdd/home/rmeng603/workspace/MFANNS/simulator/memory/20260329/mfnns_t2i_k10_ef20_30_40_dualq_q20_100/logs/t2i1m_normalized_k10_ef30_q45_stats.yml	/hpc2hdd/home/rmeng603/workspace/MFANNS/simulator/memory/20260326/multidataset_nine_config_fp16_hotrep_cfs/yamls/t2i1m_normalized_mfnns_etopt_hotrep.yaml	based_on=20260329/mfnns_etopt_hotrep_k10_ef_sweep;t2i;warmup=q-1
108	t2i1m	normalized	t2i1m_normalized_k10_ef30_q46	30	46	45	10	/hpc2hdd/home/rmeng603/workspace/MFANNS/simulator/memory/20260329/mfnns_t2i_k10_ef20_30_40_dualq_q20_100/yamls/t2i1m_normalized_k10_ef30_q46.yaml	/hpc2hdd/home/rmeng603/workspace/MFANNS/simulator/memory/20260329/mfnns_t2i_k10_ef20_30_40_dualq_q20_100/logs/t2i1m_normalized_k10_ef30_q46_stats.yml	/hpc2hdd/home/rmeng603/workspace/MFANNS/simulator/memory/20260326/multidataset_nine_config_fp16_hotrep_cfs/yamls/t2i1m_normalized_mfnns_etopt_hotrep.yaml	based_on=20260329/mfnns_etopt_hotrep_k10_ef_sweep;t2i;warmup=q-1
109	t2i1m	normalized	t2i1m_normalized_k10_ef30_q47	30	47	46	10	/hpc2hdd/home/rmeng603/workspace/MFANNS/simulator/memory/20260329/mfnns_t2i_k10_ef20_30_40_dualq_q20_100/yamls/t2i1m_normalized_k10_ef30_q47.yaml	/hpc2hdd/home/rmeng603/workspace/MFANNS/simulator/memory/20260329/mfnns_t2i_k10_ef20_30_40_dualq_q20_100/logs/t2i1m_normalized_k10_ef30_q47_stats.yml	/hpc2hdd/home/rmeng603/workspace/MFANNS/simulator/memory/20260326/multidataset_nine_config_fp16_hotrep_cfs/yamls/t2i1m_normalized_mfnns_etopt_hotrep.yaml	based_on=20260329/mfnns_etopt_hotrep_k10_ef_sweep;t2i;warmup=q-1
110	t2i1m	normalized	t2i1m_normalized_k10_ef30_q48	30	48	47	10	/hpc2hdd/home/rmeng603/workspace/MFANNS/simulator/memory/20260329/mfnns_t2i_k10_ef20_30_40_dualq_q20_100/yamls/t2i1m_normalized_k10_ef30_q48.yaml	/hpc2hdd/home/rmeng603/workspace/MFANNS/simulator/memory/20260329/mfnns_t2i_k10_ef20_30_40_dualq_q20_100/logs/t2i1m_normalized_k10_ef30_q48_stats.yml	/hpc2hdd/home/rmeng603/workspace/MFANNS/simulator/memory/20260326/multidataset_nine_config_fp16_hotrep_cfs/yamls/t2i1m_normalized_mfnns_etopt_hotrep.yaml	based_on=20260329/mfnns_etopt_hotrep_k10_ef_sweep;t2i;warmup=q-1
111	t2i1m	normalized	t2i1m_normalized_k10_ef30_q49	30	49	48	10	/hpc2hdd/home/rmeng603/workspace/MFANNS/simulator/memory/20260329/mfnns_t2i_k10_ef20_30_40_dualq_q20_100/yamls/t2i1m_normalized_k10_ef30_q49.yaml	/hpc2hdd/home/rmeng603/workspace/MFANNS/simulator/memory/20260329/mfnns_t2i_k10_ef20_30_40_dualq_q20_100/logs/t2i1m_normalized_k10_ef30_q49_stats.yml	/hpc2hdd/home/rmeng603/workspace/MFANNS/simulator/memory/20260326/multidataset_nine_config_fp16_hotrep_cfs/yamls/t2i1m_normalized_mfnns_etopt_hotrep.yaml	based_on=20260329/mfnns_etopt_hotrep_k10_ef_sweep;t2i;warmup=q-1
112	t2i1m	normalized	t2i1m_normalized_k10_ef30_q50	30	50	49	10	/hpc2hdd/home/rmeng603/workspace/MFANNS/simulator/memory/20260329/mfnns_t2i_k10_ef20_30_40_dualq_q20_100/yamls/t2i1m_normalized_k10_ef30_q50.yaml	/hpc2hdd/home/rmeng603/workspace/MFANNS/simulator/memory/20260329/mfnns_t2i_k10_ef20_30_40_dualq_q20_100/logs/t2i1m_normalized_k10_ef30_q50_stats.yml	/hpc2hdd/home/rmeng603/workspace/MFANNS/simulator/memory/20260326/multidataset_nine_config_fp16_hotrep_cfs/yamls/t2i1m_normalized_mfnns_etopt_hotrep.yaml	based_on=20260329/mfnns_etopt_hotrep_k10_ef_sweep;t2i;warmup=q-1
113	t2i1m	normalized	t2i1m_normalized_k10_ef30_q51	30	51	50	10	/hpc2hdd/home/rmeng603/workspace/MFANNS/simulator/memory/20260329/mfnns_t2i_k10_ef20_30_40_dualq_q20_100/yamls/t2i1m_normalized_k10_ef30_q51.yaml	/hpc2hdd/home/rmeng603/workspace/MFANNS/simulator/memory/20260329/mfnns_t2i_k10_ef20_30_40_dualq_q20_100/logs/t2i1m_normalized_k10_ef30_q51_stats.yml	/hpc2hdd/home/rmeng603/workspace/MFANNS/simulator/memory/20260326/multidataset_nine_config_fp16_hotrep_cfs/yamls/t2i1m_normalized_mfnns_etopt_hotrep.yaml	based_on=20260329/mfnns_etopt_hotrep_k10_ef_sweep;t2i;warmup=q-1
114	t2i1m	normalized	t2i1m_normalized_k10_ef30_q52	30	52	51	10	/hpc2hdd/home/rmeng603/workspace/MFANNS/simulator/memory/20260329/mfnns_t2i_k10_ef20_30_40_dualq_q20_100/yamls/t2i1m_normalized_k10_ef30_q52.yaml	/hpc2hdd/home/rmeng603/workspace/MFANNS/simulator/memory/20260329/mfnns_t2i_k10_ef20_30_40_dualq_q20_100/logs/t2i1m_normalized_k10_ef30_q52_stats.yml	/hpc2hdd/home/rmeng603/workspace/MFANNS/simulator/memory/20260326/multidataset_nine_config_fp16_hotrep_cfs/yamls/t2i1m_normalized_mfnns_etopt_hotrep.yaml	based_on=20260329/mfnns_etopt_hotrep_k10_ef_sweep;t2i;warmup=q-1
115	t2i1m	normalized	t2i1m_normalized_k10_ef30_q53	30	53	52	10	/hpc2hdd/home/rmeng603/workspace/MFANNS/simulator/memory/20260329/mfnns_t2i_k10_ef20_30_40_dualq_q20_100/yamls/t2i1m_normalized_k10_ef30_q53.yaml	/hpc2hdd/home/rmeng603/workspace/MFANNS/simulator/memory/20260329/mfnns_t2i_k10_ef20_30_40_dualq_q20_100/logs/t2i1m_normalized_k10_ef30_q53_stats.yml	/hpc2hdd/home/rmeng603/workspace/MFANNS/simulator/memory/20260326/multidataset_nine_config_fp16_hotrep_cfs/yamls/t2i1m_normalized_mfnns_etopt_hotrep.yaml	based_on=20260329/mfnns_etopt_hotrep_k10_ef_sweep;t2i;warmup=q-1
116	t2i1m	normalized	t2i1m_normalized_k10_ef30_q54	30	54	53	10	/hpc2hdd/home/rmeng603/workspace/MFANNS/simulator/memory/20260329/mfnns_t2i_k10_ef20_30_40_dualq_q20_100/yamls/t2i1m_normalized_k10_ef30_q54.yaml	/hpc2hdd/home/rmeng603/workspace/MFANNS/simulator/memory/20260329/mfnns_t2i_k10_ef20_30_40_dualq_q20_100/logs/t2i1m_normalized_k10_ef30_q54_stats.yml	/hpc2hdd/home/rmeng603/workspace/MFANNS/simulator/memory/20260326/multidataset_nine_config_fp16_hotrep_cfs/yamls/t2i1m_normalized_mfnns_etopt_hotrep.yaml	based_on=20260329/mfnns_etopt_hotrep_k10_ef_sweep;t2i;warmup=q-1
117	t2i1m	normalized	t2i1m_normalized_k10_ef30_q55	30	55	54	10	/hpc2hdd/home/rmeng603/workspace/MFANNS/simulator/memory/20260329/mfnns_t2i_k10_ef20_30_40_dualq_q20_100/yamls/t2i1m_normalized_k10_ef30_q55.yaml	/hpc2hdd/home/rmeng603/workspace/MFANNS/simulator/memory/20260329/mfnns_t2i_k10_ef20_30_40_dualq_q20_100/logs/t2i1m_normalized_k10_ef30_q55_stats.yml	/hpc2hdd/home/rmeng603/workspace/MFANNS/simulator/memory/20260326/multidataset_nine_config_fp16_hotrep_cfs/yamls/t2i1m_normalized_mfnns_etopt_hotrep.yaml	based_on=20260329/mfnns_etopt_hotrep_k10_ef_sweep;t2i;warmup=q-1
118	t2i1m	normalized	t2i1m_normalized_k10_ef30_q56	30	56	55	10	/hpc2hdd/home/rmeng603/workspace/MFANNS/simulator/memory/20260329/mfnns_t2i_k10_ef20_30_40_dualq_q20_100/yamls/t2i1m_normalized_k10_ef30_q56.yaml	/hpc2hdd/home/rmeng603/workspace/MFANNS/simulator/memory/20260329/mfnns_t2i_k10_ef20_30_40_dualq_q20_100/logs/t2i1m_normalized_k10_ef30_q56_stats.yml	/hpc2hdd/home/rmeng603/workspace/MFANNS/simulator/memory/20260326/multidataset_nine_config_fp16_hotrep_cfs/yamls/t2i1m_normalized_mfnns_etopt_hotrep.yaml	based_on=20260329/mfnns_etopt_hotrep_k10_ef_sweep;t2i;warmup=q-1
119	t2i1m	normalized	t2i1m_normalized_k10_ef30_q57	30	57	56	10	/hpc2hdd/home/rmeng603/workspace/MFANNS/simulator/memory/20260329/mfnns_t2i_k10_ef20_30_40_dualq_q20_100/yamls/t2i1m_normalized_k10_ef30_q57.yaml	/hpc2hdd/home/rmeng603/workspace/MFANNS/simulator/memory/20260329/mfnns_t2i_k10_ef20_30_40_dualq_q20_100/logs/t2i1m_normalized_k10_ef30_q57_stats.yml	/hpc2hdd/home/rmeng603/workspace/MFANNS/simulator/memory/20260326/multidataset_nine_config_fp16_hotrep_cfs/yamls/t2i1m_normalized_mfnns_etopt_hotrep.yaml	based_on=20260329/mfnns_etopt_hotrep_k10_ef_sweep;t2i;warmup=q-1
120	t2i1m	normalized	t2i1m_normalized_k10_ef30_q58	30	58	57	10	/hpc2hdd/home/rmeng603/workspace/MFANNS/simulator/memory/20260329/mfnns_t2i_k10_ef20_30_40_dualq_q20_100/yamls/t2i1m_normalized_k10_ef30_q58.yaml	/hpc2hdd/home/rmeng603/workspace/MFANNS/simulator/memory/20260329/mfnns_t2i_k10_ef20_30_40_dualq_q20_100/logs/t2i1m_normalized_k10_ef30_q58_stats.yml	/hpc2hdd/home/rmeng603/workspace/MFANNS/simulator/memory/20260326/multidataset_nine_config_fp16_hotrep_cfs/yamls/t2i1m_normalized_mfnns_etopt_hotrep.yaml	based_on=20260329/mfnns_etopt_hotrep_k10_ef_sweep;t2i;warmup=q-1
121	t2i1m	normalized	t2i1m_normalized_k10_ef30_q59	30	59	58	10	/hpc2hdd/home/rmeng603/workspace/MFANNS/simulator/memory/20260329/mfnns_t2i_k10_ef20_30_40_dualq_q20_100/yamls/t2i1m_normalized_k10_ef30_q59.yaml	/hpc2hdd/home/rmeng603/workspace/MFANNS/simulator/memory/20260329/mfnns_t2i_k10_ef20_30_40_dualq_q20_100/logs/t2i1m_normalized_k10_ef30_q59_stats.yml	/hpc2hdd/home/rmeng603/workspace/MFANNS/simulator/memory/20260326/multidataset_nine_config_fp16_hotrep_cfs/yamls/t2i1m_normalized_mfnns_etopt_hotrep.yaml	based_on=20260329/mfnns_etopt_hotrep_k10_ef_sweep;t2i;warmup=q-1
122	t2i1m	normalized	t2i1m_normalized_k10_ef30_q60	30	60	59	10	/hpc2hdd/home/rmeng603/workspace/MFANNS/simulator/memory/20260329/mfnns_t2i_k10_ef20_30_40_dualq_q20_100/yamls/t2i1m_normalized_k10_ef30_q60.yaml	/hpc2hdd/home/rmeng603/workspace/MFANNS/simulator/memory/20260329/mfnns_t2i_k10_ef20_30_40_dualq_q20_100/logs/t2i1m_normalized_k10_ef30_q60_stats.yml	/hpc2hdd/home/rmeng603/workspace/MFANNS/simulator/memory/20260326/multidataset_nine_config_fp16_hotrep_cfs/yamls/t2i1m_normalized_mfnns_etopt_hotrep.yaml	based_on=20260329/mfnns_etopt_hotrep_k10_ef_sweep;t2i;warmup=q-1
123	t2i1m	normalized	t2i1m_normalized_k10_ef30_q61	30	61	60	10	/hpc2hdd/home/rmeng603/workspace/MFANNS/simulator/memory/20260329/mfnns_t2i_k10_ef20_30_40_dualq_q20_100/yamls/t2i1m_normalized_k10_ef30_q61.yaml	/hpc2hdd/home/rmeng603/workspace/MFANNS/simulator/memory/20260329/mfnns_t2i_k10_ef20_30_40_dualq_q20_100/logs/t2i1m_normalized_k10_ef30_q61_stats.yml	/hpc2hdd/home/rmeng603/workspace/MFANNS/simulator/memory/20260326/multidataset_nine_config_fp16_hotrep_cfs/yamls/t2i1m_normalized_mfnns_etopt_hotrep.yaml	based_on=20260329/mfnns_etopt_hotrep_k10_ef_sweep;t2i;warmup=q-1
124	t2i1m	normalized	t2i1m_normalized_k10_ef30_q62	30	62	61	10	/hpc2hdd/home/rmeng603/workspace/MFANNS/simulator/memory/20260329/mfnns_t2i_k10_ef20_30_40_dualq_q20_100/yamls/t2i1m_normalized_k10_ef30_q62.yaml	/hpc2hdd/home/rmeng603/workspace/MFANNS/simulator/memory/20260329/mfnns_t2i_k10_ef20_30_40_dualq_q20_100/logs/t2i1m_normalized_k10_ef30_q62_stats.yml	/hpc2hdd/home/rmeng603/workspace/MFANNS/simulator/memory/20260326/multidataset_nine_config_fp16_hotrep_cfs/yamls/t2i1m_normalized_mfnns_etopt_hotrep.yaml	based_on=20260329/mfnns_etopt_hotrep_k10_ef_sweep;t2i;warmup=q-1
125	t2i1m	normalized	t2i1m_normalized_k10_ef30_q63	30	63	62	10	/hpc2hdd/home/rmeng603/workspace/MFANNS/simulator/memory/20260329/mfnns_t2i_k10_ef20_30_40_dualq_q20_100/yamls/t2i1m_normalized_k10_ef30_q63.yaml	/hpc2hdd/home/rmeng603/workspace/MFANNS/simulator/memory/20260329/mfnns_t2i_k10_ef20_30_40_dualq_q20_100/logs/t2i1m_normalized_k10_ef30_q63_stats.yml	/hpc2hdd/home/rmeng603/workspace/MFANNS/simulator/memory/20260326/multidataset_nine_config_fp16_hotrep_cfs/yamls/t2i1m_normalized_mfnns_etopt_hotrep.yaml	based_on=20260329/mfnns_etopt_hotrep_k10_ef_sweep;t2i;warmup=q-1
126	t2i1m	normalized	t2i1m_normalized_k10_ef30_q64	30	64	63	10	/hpc2hdd/home/rmeng603/workspace/MFANNS/simulator/memory/20260329/mfnns_t2i_k10_ef20_30_40_dualq_q20_100/yamls/t2i1m_normalized_k10_ef30_q64.yaml	/hpc2hdd/home/rmeng603/workspace/MFANNS/simulator/memory/20260329/mfnns_t2i_k10_ef20_30_40_dualq_q20_100/logs/t2i1m_normalized_k10_ef30_q64_stats.yml	/hpc2hdd/home/rmeng603/workspace/MFANNS/simulator/memory/20260326/multidataset_nine_config_fp16_hotrep_cfs/yamls/t2i1m_normalized_mfnns_etopt_hotrep.yaml	based_on=20260329/mfnns_etopt_hotrep_k10_ef_sweep;t2i;warmup=q-1
127	t2i1m	normalized	t2i1m_normalized_k10_ef30_q65	30	65	64	10	/hpc2hdd/home/rmeng603/workspace/MFANNS/simulator/memory/20260329/mfnns_t2i_k10_ef20_30_40_dualq_q20_100/yamls/t2i1m_normalized_k10_ef30_q65.yaml	/hpc2hdd/home/rmeng603/workspace/MFANNS/simulator/memory/20260329/mfnns_t2i_k10_ef20_30_40_dualq_q20_100/logs/t2i1m_normalized_k10_ef30_q65_stats.yml	/hpc2hdd/home/rmeng603/workspace/MFANNS/simulator/memory/20260326/multidataset_nine_config_fp16_hotrep_cfs/yamls/t2i1m_normalized_mfnns_etopt_hotrep.yaml	based_on=20260329/mfnns_etopt_hotrep_k10_ef_sweep;t2i;warmup=q-1
128	t2i1m	normalized	t2i1m_normalized_k10_ef30_q66	30	66	65	10	/hpc2hdd/home/rmeng603/workspace/MFANNS/simulator/memory/20260329/mfnns_t2i_k10_ef20_30_40_dualq_q20_100/yamls/t2i1m_normalized_k10_ef30_q66.yaml	/hpc2hdd/home/rmeng603/workspace/MFANNS/simulator/memory/20260329/mfnns_t2i_k10_ef20_30_40_dualq_q20_100/logs/t2i1m_normalized_k10_ef30_q66_stats.yml	/hpc2hdd/home/rmeng603/workspace/MFANNS/simulator/memory/20260326/multidataset_nine_config_fp16_hotrep_cfs/yamls/t2i1m_normalized_mfnns_etopt_hotrep.yaml	based_on=20260329/mfnns_etopt_hotrep_k10_ef_sweep;t2i;warmup=q-1
129	t2i1m	normalized	t2i1m_normalized_k10_ef30_q67	30	67	66	10	/hpc2hdd/home/rmeng603/workspace/MFANNS/simulator/memory/20260329/mfnns_t2i_k10_ef20_30_40_dualq_q20_100/yamls/t2i1m_normalized_k10_ef30_q67.yaml	/hpc2hdd/home/rmeng603/workspace/MFANNS/simulator/memory/20260329/mfnns_t2i_k10_ef20_30_40_dualq_q20_100/logs/t2i1m_normalized_k10_ef30_q67_stats.yml	/hpc2hdd/home/rmeng603/workspace/MFANNS/simulator/memory/20260326/multidataset_nine_config_fp16_hotrep_cfs/yamls/t2i1m_normalized_mfnns_etopt_hotrep.yaml	based_on=20260329/mfnns_etopt_hotrep_k10_ef_sweep;t2i;warmup=q-1
130	t2i1m	normalized	t2i1m_normalized_k10_ef30_q68	30	68	67	10	/hpc2hdd/home/rmeng603/workspace/MFANNS/simulator/memory/20260329/mfnns_t2i_k10_ef20_30_40_dualq_q20_100/yamls/t2i1m_normalized_k10_ef30_q68.yaml	/hpc2hdd/home/rmeng603/workspace/MFANNS/simulator/memory/20260329/mfnns_t2i_k10_ef20_30_40_dualq_q20_100/logs/t2i1m_normalized_k10_ef30_q68_stats.yml	/hpc2hdd/home/rmeng603/workspace/MFANNS/simulator/memory/20260326/multidataset_nine_config_fp16_hotrep_cfs/yamls/t2i1m_normalized_mfnns_etopt_hotrep.yaml	based_on=20260329/mfnns_etopt_hotrep_k10_ef_sweep;t2i;warmup=q-1
131	t2i1m	normalized	t2i1m_normalized_k10_ef30_q69	30	69	68	10	/hpc2hdd/home/rmeng603/workspace/MFANNS/simulator/memory/20260329/mfnns_t2i_k10_ef20_30_40_dualq_q20_100/yamls/t2i1m_normalized_k10_ef30_q69.yaml	/hpc2hdd/home/rmeng603/workspace/MFANNS/simulator/memory/20260329/mfnns_t2i_k10_ef20_30_40_dualq_q20_100/logs/t2i1m_normalized_k10_ef30_q69_stats.yml	/hpc2hdd/home/rmeng603/workspace/MFANNS/simulator/memory/20260326/multidataset_nine_config_fp16_hotrep_cfs/yamls/t2i1m_normalized_mfnns_etopt_hotrep.yaml	based_on=20260329/mfnns_etopt_hotrep_k10_ef_sweep;t2i;warmup=q-1
132	t2i1m	normalized	t2i1m_normalized_k10_ef30_q70	30	70	69	10	/hpc2hdd/home/rmeng603/workspace/MFANNS/simulator/memory/20260329/mfnns_t2i_k10_ef20_30_40_dualq_q20_100/yamls/t2i1m_normalized_k10_ef30_q70.yaml	/hpc2hdd/home/rmeng603/workspace/MFANNS/simulator/memory/20260329/mfnns_t2i_k10_ef20_30_40_dualq_q20_100/logs/t2i1m_normalized_k10_ef30_q70_stats.yml	/hpc2hdd/home/rmeng603/workspace/MFANNS/simulator/memory/20260326/multidataset_nine_config_fp16_hotrep_cfs/yamls/t2i1m_normalized_mfnns_etopt_hotrep.yaml	based_on=20260329/mfnns_etopt_hotrep_k10_ef_sweep;t2i;warmup=q-1
133	t2i1m	normalized	t2i1m_normalized_k10_ef30_q71	30	71	70	10	/hpc2hdd/home/rmeng603/workspace/MFANNS/simulator/memory/20260329/mfnns_t2i_k10_ef20_30_40_dualq_q20_100/yamls/t2i1m_normalized_k10_ef30_q71.yaml	/hpc2hdd/home/rmeng603/workspace/MFANNS/simulator/memory/20260329/mfnns_t2i_k10_ef20_30_40_dualq_q20_100/logs/t2i1m_normalized_k10_ef30_q71_stats.yml	/hpc2hdd/home/rmeng603/workspace/MFANNS/simulator/memory/20260326/multidataset_nine_config_fp16_hotrep_cfs/yamls/t2i1m_normalized_mfnns_etopt_hotrep.yaml	based_on=20260329/mfnns_etopt_hotrep_k10_ef_sweep;t2i;warmup=q-1
134	t2i1m	normalized	t2i1m_normalized_k10_ef30_q72	30	72	71	10	/hpc2hdd/home/rmeng603/workspace/MFANNS/simulator/memory/20260329/mfnns_t2i_k10_ef20_30_40_dualq_q20_100/yamls/t2i1m_normalized_k10_ef30_q72.yaml	/hpc2hdd/home/rmeng603/workspace/MFANNS/simulator/memory/20260329/mfnns_t2i_k10_ef20_30_40_dualq_q20_100/logs/t2i1m_normalized_k10_ef30_q72_stats.yml	/hpc2hdd/home/rmeng603/workspace/MFANNS/simulator/memory/20260326/multidataset_nine_config_fp16_hotrep_cfs/yamls/t2i1m_normalized_mfnns_etopt_hotrep.yaml	based_on=20260329/mfnns_etopt_hotrep_k10_ef_sweep;t2i;warmup=q-1
135	t2i1m	normalized	t2i1m_normalized_k10_ef30_q73	30	73	72	10	/hpc2hdd/home/rmeng603/workspace/MFANNS/simulator/memory/20260329/mfnns_t2i_k10_ef20_30_40_dualq_q20_100/yamls/t2i1m_normalized_k10_ef30_q73.yaml	/hpc2hdd/home/rmeng603/workspace/MFANNS/simulator/memory/20260329/mfnns_t2i_k10_ef20_30_40_dualq_q20_100/logs/t2i1m_normalized_k10_ef30_q73_stats.yml	/hpc2hdd/home/rmeng603/workspace/MFANNS/simulator/memory/20260326/multidataset_nine_config_fp16_hotrep_cfs/yamls/t2i1m_normalized_mfnns_etopt_hotrep.yaml	based_on=20260329/mfnns_etopt_hotrep_k10_ef_sweep;t2i;warmup=q-1
136	t2i1m	normalized	t2i1m_normalized_k10_ef30_q74	30	74	73	10	/hpc2hdd/home/rmeng603/workspace/MFANNS/simulator/memory/20260329/mfnns_t2i_k10_ef20_30_40_dualq_q20_100/yamls/t2i1m_normalized_k10_ef30_q74.yaml	/hpc2hdd/home/rmeng603/workspace/MFANNS/simulator/memory/20260329/mfnns_t2i_k10_ef20_30_40_dualq_q20_100/logs/t2i1m_normalized_k10_ef30_q74_stats.yml	/hpc2hdd/home/rmeng603/workspace/MFANNS/simulator/memory/20260326/multidataset_nine_config_fp16_hotrep_cfs/yamls/t2i1m_normalized_mfnns_etopt_hotrep.yaml	based_on=20260329/mfnns_etopt_hotrep_k10_ef_sweep;t2i;warmup=q-1
137	t2i1m	normalized	t2i1m_normalized_k10_ef30_q75	30	75	74	10	/hpc2hdd/home/rmeng603/workspace/MFANNS/simulator/memory/20260329/mfnns_t2i_k10_ef20_30_40_dualq_q20_100/yamls/t2i1m_normalized_k10_ef30_q75.yaml	/hpc2hdd/home/rmeng603/workspace/MFANNS/simulator/memory/20260329/mfnns_t2i_k10_ef20_30_40_dualq_q20_100/logs/t2i1m_normalized_k10_ef30_q75_stats.yml	/hpc2hdd/home/rmeng603/workspace/MFANNS/simulator/memory/20260326/multidataset_nine_config_fp16_hotrep_cfs/yamls/t2i1m_normalized_mfnns_etopt_hotrep.yaml	based_on=20260329/mfnns_etopt_hotrep_k10_ef_sweep;t2i;warmup=q-1
138	t2i1m	normalized	t2i1m_normalized_k10_ef30_q76	30	76	75	10	/hpc2hdd/home/rmeng603/workspace/MFANNS/simulator/memory/20260329/mfnns_t2i_k10_ef20_30_40_dualq_q20_100/yamls/t2i1m_normalized_k10_ef30_q76.yaml	/hpc2hdd/home/rmeng603/workspace/MFANNS/simulator/memory/20260329/mfnns_t2i_k10_ef20_30_40_dualq_q20_100/logs/t2i1m_normalized_k10_ef30_q76_stats.yml	/hpc2hdd/home/rmeng603/workspace/MFANNS/simulator/memory/20260326/multidataset_nine_config_fp16_hotrep_cfs/yamls/t2i1m_normalized_mfnns_etopt_hotrep.yaml	based_on=20260329/mfnns_etopt_hotrep_k10_ef_sweep;t2i;warmup=q-1
139	t2i1m	normalized	t2i1m_normalized_k10_ef30_q77	30	77	76	10	/hpc2hdd/home/rmeng603/workspace/MFANNS/simulator/memory/20260329/mfnns_t2i_k10_ef20_30_40_dualq_q20_100/yamls/t2i1m_normalized_k10_ef30_q77.yaml	/hpc2hdd/home/rmeng603/workspace/MFANNS/simulator/memory/20260329/mfnns_t2i_k10_ef20_30_40_dualq_q20_100/logs/t2i1m_normalized_k10_ef30_q77_stats.yml	/hpc2hdd/home/rmeng603/workspace/MFANNS/simulator/memory/20260326/multidataset_nine_config_fp16_hotrep_cfs/yamls/t2i1m_normalized_mfnns_etopt_hotrep.yaml	based_on=20260329/mfnns_etopt_hotrep_k10_ef_sweep;t2i;warmup=q-1
140	t2i1m	normalized	t2i1m_normalized_k10_ef30_q78	30	78	77	10	/hpc2hdd/home/rmeng603/workspace/MFANNS/simulator/memory/20260329/mfnns_t2i_k10_ef20_30_40_dualq_q20_100/yamls/t2i1m_normalized_k10_ef30_q78.yaml	/hpc2hdd/home/rmeng603/workspace/MFANNS/simulator/memory/20260329/mfnns_t2i_k10_ef20_30_40_dualq_q20_100/logs/t2i1m_normalized_k10_ef30_q78_stats.yml	/hpc2hdd/home/rmeng603/workspace/MFANNS/simulator/memory/20260326/multidataset_nine_config_fp16_hotrep_cfs/yamls/t2i1m_normalized_mfnns_etopt_hotrep.yaml	based_on=20260329/mfnns_etopt_hotrep_k10_ef_sweep;t2i;warmup=q-1
141	t2i1m	normalized	t2i1m_normalized_k10_ef30_q79	30	79	78	10	/hpc2hdd/home/rmeng603/workspace/MFANNS/simulator/memory/20260329/mfnns_t2i_k10_ef20_30_40_dualq_q20_100/yamls/t2i1m_normalized_k10_ef30_q79.yaml	/hpc2hdd/home/rmeng603/workspace/MFANNS/simulator/memory/20260329/mfnns_t2i_k10_ef20_30_40_dualq_q20_100/logs/t2i1m_normalized_k10_ef30_q79_stats.yml	/hpc2hdd/home/rmeng603/workspace/MFANNS/simulator/memory/20260326/multidataset_nine_config_fp16_hotrep_cfs/yamls/t2i1m_normalized_mfnns_etopt_hotrep.yaml	based_on=20260329/mfnns_etopt_hotrep_k10_ef_sweep;t2i;warmup=q-1
142	t2i1m	normalized	t2i1m_normalized_k10_ef30_q80	30	80	79	10	/hpc2hdd/home/rmeng603/workspace/MFANNS/simulator/memory/20260329/mfnns_t2i_k10_ef20_30_40_dualq_q20_100/yamls/t2i1m_normalized_k10_ef30_q80.yaml	/hpc2hdd/home/rmeng603/workspace/MFANNS/simulator/memory/20260329/mfnns_t2i_k10_ef20_30_40_dualq_q20_100/logs/t2i1m_normalized_k10_ef30_q80_stats.yml	/hpc2hdd/home/rmeng603/workspace/MFANNS/simulator/memory/20260326/multidataset_nine_config_fp16_hotrep_cfs/yamls/t2i1m_normalized_mfnns_etopt_hotrep.yaml	based_on=20260329/mfnns_etopt_hotrep_k10_ef_sweep;t2i;warmup=q-1
143	t2i1m	normalized	t2i1m_normalized_k10_ef30_q81	30	81	80	10	/hpc2hdd/home/rmeng603/workspace/MFANNS/simulator/memory/20260329/mfnns_t2i_k10_ef20_30_40_dualq_q20_100/yamls/t2i1m_normalized_k10_ef30_q81.yaml	/hpc2hdd/home/rmeng603/workspace/MFANNS/simulator/memory/20260329/mfnns_t2i_k10_ef20_30_40_dualq_q20_100/logs/t2i1m_normalized_k10_ef30_q81_stats.yml	/hpc2hdd/home/rmeng603/workspace/MFANNS/simulator/memory/20260326/multidataset_nine_config_fp16_hotrep_cfs/yamls/t2i1m_normalized_mfnns_etopt_hotrep.yaml	based_on=20260329/mfnns_etopt_hotrep_k10_ef_sweep;t2i;warmup=q-1
144	t2i1m	normalized	t2i1m_normalized_k10_ef30_q82	30	82	81	10	/hpc2hdd/home/rmeng603/workspace/MFANNS/simulator/memory/20260329/mfnns_t2i_k10_ef20_30_40_dualq_q20_100/yamls/t2i1m_normalized_k10_ef30_q82.yaml	/hpc2hdd/home/rmeng603/workspace/MFANNS/simulator/memory/20260329/mfnns_t2i_k10_ef20_30_40_dualq_q20_100/logs/t2i1m_normalized_k10_ef30_q82_stats.yml	/hpc2hdd/home/rmeng603/workspace/MFANNS/simulator/memory/20260326/multidataset_nine_config_fp16_hotrep_cfs/yamls/t2i1m_normalized_mfnns_etopt_hotrep.yaml	based_on=20260329/mfnns_etopt_hotrep_k10_ef_sweep;t2i;warmup=q-1
145	t2i1m	normalized	t2i1m_normalized_k10_ef30_q83	30	83	82	10	/hpc2hdd/home/rmeng603/workspace/MFANNS/simulator/memory/20260329/mfnns_t2i_k10_ef20_30_40_dualq_q20_100/yamls/t2i1m_normalized_k10_ef30_q83.yaml	/hpc2hdd/home/rmeng603/workspace/MFANNS/simulator/memory/20260329/mfnns_t2i_k10_ef20_30_40_dualq_q20_100/logs/t2i1m_normalized_k10_ef30_q83_stats.yml	/hpc2hdd/home/rmeng603/workspace/MFANNS/simulator/memory/20260326/multidataset_nine_config_fp16_hotrep_cfs/yamls/t2i1m_normalized_mfnns_etopt_hotrep.yaml	based_on=20260329/mfnns_etopt_hotrep_k10_ef_sweep;t2i;warmup=q-1
146	t2i1m	normalized	t2i1m_normalized_k10_ef30_q84	30	84	83	10	/hpc2hdd/home/rmeng603/workspace/MFANNS/simulator/memory/20260329/mfnns_t2i_k10_ef20_30_40_dualq_q20_100/yamls/t2i1m_normalized_k10_ef30_q84.yaml	/hpc2hdd/home/rmeng603/workspace/MFANNS/simulator/memory/20260329/mfnns_t2i_k10_ef20_30_40_dualq_q20_100/logs/t2i1m_normalized_k10_ef30_q84_stats.yml	/hpc2hdd/home/rmeng603/workspace/MFANNS/simulator/memory/20260326/multidataset_nine_config_fp16_hotrep_cfs/yamls/t2i1m_normalized_mfnns_etopt_hotrep.yaml	based_on=20260329/mfnns_etopt_hotrep_k10_ef_sweep;t2i;warmup=q-1
147	t2i1m	normalized	t2i1m_normalized_k10_ef30_q85	30	85	84	10	/hpc2hdd/home/rmeng603/workspace/MFANNS/simulator/memory/20260329/mfnns_t2i_k10_ef20_30_40_dualq_q20_100/yamls/t2i1m_normalized_k10_ef30_q85.yaml	/hpc2hdd/home/rmeng603/workspace/MFANNS/simulator/memory/20260329/mfnns_t2i_k10_ef20_30_40_dualq_q20_100/logs/t2i1m_normalized_k10_ef30_q85_stats.yml	/hpc2hdd/home/rmeng603/workspace/MFANNS/simulator/memory/20260326/multidataset_nine_config_fp16_hotrep_cfs/yamls/t2i1m_normalized_mfnns_etopt_hotrep.yaml	based_on=20260329/mfnns_etopt_hotrep_k10_ef_sweep;t2i;warmup=q-1
148	t2i1m	normalized	t2i1m_normalized_k10_ef30_q86	30	86	85	10	/hpc2hdd/home/rmeng603/workspace/MFANNS/simulator/memory/20260329/mfnns_t2i_k10_ef20_30_40_dualq_q20_100/yamls/t2i1m_normalized_k10_ef30_q86.yaml	/hpc2hdd/home/rmeng603/workspace/MFANNS/simulator/memory/20260329/mfnns_t2i_k10_ef20_30_40_dualq_q20_100/logs/t2i1m_normalized_k10_ef30_q86_stats.yml	/hpc2hdd/home/rmeng603/workspace/MFANNS/simulator/memory/20260326/multidataset_nine_config_fp16_hotrep_cfs/yamls/t2i1m_normalized_mfnns_etopt_hotrep.yaml	based_on=20260329/mfnns_etopt_hotrep_k10_ef_sweep;t2i;warmup=q-1
149	t2i1m	normalized	t2i1m_normalized_k10_ef30_q87	30	87	86	10	/hpc2hdd/home/rmeng603/workspace/MFANNS/simulator/memory/20260329/mfnns_t2i_k10_ef20_30_40_dualq_q20_100/yamls/t2i1m_normalized_k10_ef30_q87.yaml	/hpc2hdd/home/rmeng603/workspace/MFANNS/simulator/memory/20260329/mfnns_t2i_k10_ef20_30_40_dualq_q20_100/logs/t2i1m_normalized_k10_ef30_q87_stats.yml	/hpc2hdd/home/rmeng603/workspace/MFANNS/simulator/memory/20260326/multidataset_nine_config_fp16_hotrep_cfs/yamls/t2i1m_normalized_mfnns_etopt_hotrep.yaml	based_on=20260329/mfnns_etopt_hotrep_k10_ef_sweep;t2i;warmup=q-1
150	t2i1m	normalized	t2i1m_normalized_k10_ef30_q88	30	88	87	10	/hpc2hdd/home/rmeng603/workspace/MFANNS/simulator/memory/20260329/mfnns_t2i_k10_ef20_30_40_dualq_q20_100/yamls/t2i1m_normalized_k10_ef30_q88.yaml	/hpc2hdd/home/rmeng603/workspace/MFANNS/simulator/memory/20260329/mfnns_t2i_k10_ef20_30_40_dualq_q20_100/logs/t2i1m_normalized_k10_ef30_q88_stats.yml	/hpc2hdd/home/rmeng603/workspace/MFANNS/simulator/memory/20260326/multidataset_nine_config_fp16_hotrep_cfs/yamls/t2i1m_normalized_mfnns_etopt_hotrep.yaml	based_on=20260329/mfnns_etopt_hotrep_k10_ef_sweep;t2i;warmup=q-1
151	t2i1m	normalized	t2i1m_normalized_k10_ef30_q89	30	89	88	10	/hpc2hdd/home/rmeng603/workspace/MFANNS/simulator/memory/20260329/mfnns_t2i_k10_ef20_30_40_dualq_q20_100/yamls/t2i1m_normalized_k10_ef30_q89.yaml	/hpc2hdd/home/rmeng603/workspace/MFANNS/simulator/memory/20260329/mfnns_t2i_k10_ef20_30_40_dualq_q20_100/logs/t2i1m_normalized_k10_ef30_q89_stats.yml	/hpc2hdd/home/rmeng603/workspace/MFANNS/simulator/memory/20260326/multidataset_nine_config_fp16_hotrep_cfs/yamls/t2i1m_normalized_mfnns_etopt_hotrep.yaml	based_on=20260329/mfnns_etopt_hotrep_k10_ef_sweep;t2i;warmup=q-1
152	t2i1m	normalized	t2i1m_normalized_k10_ef30_q90	30	90	89	10	/hpc2hdd/home/rmeng603/workspace/MFANNS/simulator/memory/20260329/mfnns_t2i_k10_ef20_30_40_dualq_q20_100/yamls/t2i1m_normalized_k10_ef30_q90.yaml	/hpc2hdd/home/rmeng603/workspace/MFANNS/simulator/memory/20260329/mfnns_t2i_k10_ef20_30_40_dualq_q20_100/logs/t2i1m_normalized_k10_ef30_q90_stats.yml	/hpc2hdd/home/rmeng603/workspace/MFANNS/simulator/memory/20260326/multidataset_nine_config_fp16_hotrep_cfs/yamls/t2i1m_normalized_mfnns_etopt_hotrep.yaml	based_on=20260329/mfnns_etopt_hotrep_k10_ef_sweep;t2i;warmup=q-1
153	t2i1m	normalized	t2i1m_normalized_k10_ef30_q91	30	91	90	10	/hpc2hdd/home/rmeng603/workspace/MFANNS/simulator/memory/20260329/mfnns_t2i_k10_ef20_30_40_dualq_q20_100/yamls/t2i1m_normalized_k10_ef30_q91.yaml	/hpc2hdd/home/rmeng603/workspace/MFANNS/simulator/memory/20260329/mfnns_t2i_k10_ef20_30_40_dualq_q20_100/logs/t2i1m_normalized_k10_ef30_q91_stats.yml	/hpc2hdd/home/rmeng603/workspace/MFANNS/simulator/memory/20260326/multidataset_nine_config_fp16_hotrep_cfs/yamls/t2i1m_normalized_mfnns_etopt_hotrep.yaml	based_on=20260329/mfnns_etopt_hotrep_k10_ef_sweep;t2i;warmup=q-1
154	t2i1m	normalized	t2i1m_normalized_k10_ef30_q92	30	92	91	10	/hpc2hdd/home/rmeng603/workspace/MFANNS/simulator/memory/20260329/mfnns_t2i_k10_ef20_30_40_dualq_q20_100/yamls/t2i1m_normalized_k10_ef30_q92.yaml	/hpc2hdd/home/rmeng603/workspace/MFANNS/simulator/memory/20260329/mfnns_t2i_k10_ef20_30_40_dualq_q20_100/logs/t2i1m_normalized_k10_ef30_q92_stats.yml	/hpc2hdd/home/rmeng603/workspace/MFANNS/simulator/memory/20260326/multidataset_nine_config_fp16_hotrep_cfs/yamls/t2i1m_normalized_mfnns_etopt_hotrep.yaml	based_on=20260329/mfnns_etopt_hotrep_k10_ef_sweep;t2i;warmup=q-1
155	t2i1m	normalized	t2i1m_normalized_k10_ef30_q93	30	93	92	10	/hpc2hdd/home/rmeng603/workspace/MFANNS/simulator/memory/20260329/mfnns_t2i_k10_ef20_30_40_dualq_q20_100/yamls/t2i1m_normalized_k10_ef30_q93.yaml	/hpc2hdd/home/rmeng603/workspace/MFANNS/simulator/memory/20260329/mfnns_t2i_k10_ef20_30_40_dualq_q20_100/logs/t2i1m_normalized_k10_ef30_q93_stats.yml	/hpc2hdd/home/rmeng603/workspace/MFANNS/simulator/memory/20260326/multidataset_nine_config_fp16_hotrep_cfs/yamls/t2i1m_normalized_mfnns_etopt_hotrep.yaml	based_on=20260329/mfnns_etopt_hotrep_k10_ef_sweep;t2i;warmup=q-1
156	t2i1m	normalized	t2i1m_normalized_k10_ef30_q94	30	94	93	10	/hpc2hdd/home/rmeng603/workspace/MFANNS/simulator/memory/20260329/mfnns_t2i_k10_ef20_30_40_dualq_q20_100/yamls/t2i1m_normalized_k10_ef30_q94.yaml	/hpc2hdd/home/rmeng603/workspace/MFANNS/simulator/memory/20260329/mfnns_t2i_k10_ef20_30_40_dualq_q20_100/logs/t2i1m_normalized_k10_ef30_q94_stats.yml	/hpc2hdd/home/rmeng603/workspace/MFANNS/simulator/memory/20260326/multidataset_nine_config_fp16_hotrep_cfs/yamls/t2i1m_normalized_mfnns_etopt_hotrep.yaml	based_on=20260329/mfnns_etopt_hotrep_k10_ef_sweep;t2i;warmup=q-1
157	t2i1m	normalized	t2i1m_normalized_k10_ef30_q95	30	95	94	10	/hpc2hdd/home/rmeng603/workspace/MFANNS/simulator/memory/20260329/mfnns_t2i_k10_ef20_30_40_dualq_q20_100/yamls/t2i1m_normalized_k10_ef30_q95.yaml	/hpc2hdd/home/rmeng603/workspace/MFANNS/simulator/memory/20260329/mfnns_t2i_k10_ef20_30_40_dualq_q20_100/logs/t2i1m_normalized_k10_ef30_q95_stats.yml	/hpc2hdd/home/rmeng603/workspace/MFANNS/simulator/memory/20260326/multidataset_nine_config_fp16_hotrep_cfs/yamls/t2i1m_normalized_mfnns_etopt_hotrep.yaml	based_on=20260329/mfnns_etopt_hotrep_k10_ef_sweep;t2i;warmup=q-1
158	t2i1m	normalized	t2i1m_normalized_k10_ef30_q96	30	96	95	10	/hpc2hdd/home/rmeng603/workspace/MFANNS/simulator/memory/20260329/mfnns_t2i_k10_ef20_30_40_dualq_q20_100/yamls/t2i1m_normalized_k10_ef30_q96.yaml	/hpc2hdd/home/rmeng603/workspace/MFANNS/simulator/memory/20260329/mfnns_t2i_k10_ef20_30_40_dualq_q20_100/logs/t2i1m_normalized_k10_ef30_q96_stats.yml	/hpc2hdd/home/rmeng603/workspace/MFANNS/simulator/memory/20260326/multidataset_nine_config_fp16_hotrep_cfs/yamls/t2i1m_normalized_mfnns_etopt_hotrep.yaml	based_on=20260329/mfnns_etopt_hotrep_k10_ef_sweep;t2i;warmup=q-1
159	t2i1m	normalized	t2i1m_normalized_k10_ef30_q97	30	97	96	10	/hpc2hdd/home/rmeng603/workspace/MFANNS/simulator/memory/20260329/mfnns_t2i_k10_ef20_30_40_dualq_q20_100/yamls/t2i1m_normalized_k10_ef30_q97.yaml	/hpc2hdd/home/rmeng603/workspace/MFANNS/simulator/memory/20260329/mfnns_t2i_k10_ef20_30_40_dualq_q20_100/logs/t2i1m_normalized_k10_ef30_q97_stats.yml	/hpc2hdd/home/rmeng603/workspace/MFANNS/simulator/memory/20260326/multidataset_nine_config_fp16_hotrep_cfs/yamls/t2i1m_normalized_mfnns_etopt_hotrep.yaml	based_on=20260329/mfnns_etopt_hotrep_k10_ef_sweep;t2i;warmup=q-1
160	t2i1m	normalized	t2i1m_normalized_k10_ef30_q98	30	98	97	10	/hpc2hdd/home/rmeng603/workspace/MFANNS/simulator/memory/20260329/mfnns_t2i_k10_ef20_30_40_dualq_q20_100/yamls/t2i1m_normalized_k10_ef30_q98.yaml	/hpc2hdd/home/rmeng603/workspace/MFANNS/simulator/memory/20260329/mfnns_t2i_k10_ef20_30_40_dualq_q20_100/logs/t2i1m_normalized_k10_ef30_q98_stats.yml	/hpc2hdd/home/rmeng603/workspace/MFANNS/simulator/memory/20260326/multidataset_nine_config_fp16_hotrep_cfs/yamls/t2i1m_normalized_mfnns_etopt_hotrep.yaml	based_on=20260329/mfnns_etopt_hotrep_k10_ef_sweep;t2i;warmup=q-1
161	t2i1m	normalized	t2i1m_normalized_k10_ef30_q99	30	99	98	10	/hpc2hdd/home/rmeng603/workspace/MFANNS/simulator/memory/20260329/mfnns_t2i_k10_ef20_30_40_dualq_q20_100/yamls/t2i1m_normalized_k10_ef30_q99.yaml	/hpc2hdd/home/rmeng603/workspace/MFANNS/simulator/memory/20260329/mfnns_t2i_k10_ef20_30_40_dualq_q20_100/logs/t2i1m_normalized_k10_ef30_q99_stats.yml	/hpc2hdd/home/rmeng603/workspace/MFANNS/simulator/memory/20260326/multidataset_nine_config_fp16_hotrep_cfs/yamls/t2i1m_normalized_mfnns_etopt_hotrep.yaml	based_on=20260329/mfnns_etopt_hotrep_k10_ef_sweep;t2i;warmup=q-1
162	t2i1m	normalized	t2i1m_normalized_k10_ef30_q100	30	100	99	10	/hpc2hdd/home/rmeng603/workspace/MFANNS/simulator/memory/20260329/mfnns_t2i_k10_ef20_30_40_dualq_q20_100/yamls/t2i1m_normalized_k10_ef30_q100.yaml	/hpc2hdd/home/rmeng603/workspace/MFANNS/simulator/memory/20260329/mfnns_t2i_k10_ef20_30_40_dualq_q20_100/logs/t2i1m_normalized_k10_ef30_q100_stats.yml	/hpc2hdd/home/rmeng603/workspace/MFANNS/simulator/memory/20260326/multidataset_nine_config_fp16_hotrep_cfs/yamls/t2i1m_normalized_mfnns_etopt_hotrep.yaml	based_on=20260329/mfnns_etopt_hotrep_k10_ef_sweep;t2i;warmup=q-1
163	t2i1m	normalized	t2i1m_normalized_k10_ef40_q20	40	20	19	10	/hpc2hdd/home/rmeng603/workspace/MFANNS/simulator/memory/20260329/mfnns_t2i_k10_ef20_30_40_dualq_q20_100/yamls/t2i1m_normalized_k10_ef40_q20.yaml	/hpc2hdd/home/rmeng603/workspace/MFANNS/simulator/memory/20260329/mfnns_t2i_k10_ef20_30_40_dualq_q20_100/logs/t2i1m_normalized_k10_ef40_q20_stats.yml	/hpc2hdd/home/rmeng603/workspace/MFANNS/simulator/memory/20260326/multidataset_nine_config_fp16_hotrep_cfs/yamls/t2i1m_normalized_mfnns_etopt_hotrep.yaml	based_on=20260329/mfnns_etopt_hotrep_k10_ef_sweep;t2i;warmup=q-1
164	t2i1m	normalized	t2i1m_normalized_k10_ef40_q21	40	21	20	10	/hpc2hdd/home/rmeng603/workspace/MFANNS/simulator/memory/20260329/mfnns_t2i_k10_ef20_30_40_dualq_q20_100/yamls/t2i1m_normalized_k10_ef40_q21.yaml	/hpc2hdd/home/rmeng603/workspace/MFANNS/simulator/memory/20260329/mfnns_t2i_k10_ef20_30_40_dualq_q20_100/logs/t2i1m_normalized_k10_ef40_q21_stats.yml	/hpc2hdd/home/rmeng603/workspace/MFANNS/simulator/memory/20260326/multidataset_nine_config_fp16_hotrep_cfs/yamls/t2i1m_normalized_mfnns_etopt_hotrep.yaml	based_on=20260329/mfnns_etopt_hotrep_k10_ef_sweep;t2i;warmup=q-1
165	t2i1m	normalized	t2i1m_normalized_k10_ef40_q22	40	22	21	10	/hpc2hdd/home/rmeng603/workspace/MFANNS/simulator/memory/20260329/mfnns_t2i_k10_ef20_30_40_dualq_q20_100/yamls/t2i1m_normalized_k10_ef40_q22.yaml	/hpc2hdd/home/rmeng603/workspace/MFANNS/simulator/memory/20260329/mfnns_t2i_k10_ef20_30_40_dualq_q20_100/logs/t2i1m_normalized_k10_ef40_q22_stats.yml	/hpc2hdd/home/rmeng603/workspace/MFANNS/simulator/memory/20260326/multidataset_nine_config_fp16_hotrep_cfs/yamls/t2i1m_normalized_mfnns_etopt_hotrep.yaml	based_on=20260329/mfnns_etopt_hotrep_k10_ef_sweep;t2i;warmup=q-1
166	t2i1m	normalized	t2i1m_normalized_k10_ef40_q23	40	23	22	10	/hpc2hdd/home/rmeng603/workspace/MFANNS/simulator/memory/20260329/mfnns_t2i_k10_ef20_30_40_dualq_q20_100/yamls/t2i1m_normalized_k10_ef40_q23.yaml	/hpc2hdd/home/rmeng603/workspace/MFANNS/simulator/memory/20260329/mfnns_t2i_k10_ef20_30_40_dualq_q20_100/logs/t2i1m_normalized_k10_ef40_q23_stats.yml	/hpc2hdd/home/rmeng603/workspace/MFANNS/simulator/memory/20260326/multidataset_nine_config_fp16_hotrep_cfs/yamls/t2i1m_normalized_mfnns_etopt_hotrep.yaml	based_on=20260329/mfnns_etopt_hotrep_k10_ef_sweep;t2i;warmup=q-1
167	t2i1m	normalized	t2i1m_normalized_k10_ef40_q24	40	24	23	10	/hpc2hdd/home/rmeng603/workspace/MFANNS/simulator/memory/20260329/mfnns_t2i_k10_ef20_30_40_dualq_q20_100/yamls/t2i1m_normalized_k10_ef40_q24.yaml	/hpc2hdd/home/rmeng603/workspace/MFANNS/simulator/memory/20260329/mfnns_t2i_k10_ef20_30_40_dualq_q20_100/logs/t2i1m_normalized_k10_ef40_q24_stats.yml	/hpc2hdd/home/rmeng603/workspace/MFANNS/simulator/memory/20260326/multidataset_nine_config_fp16_hotrep_cfs/yamls/t2i1m_normalized_mfnns_etopt_hotrep.yaml	based_on=20260329/mfnns_etopt_hotrep_k10_ef_sweep;t2i;warmup=q-1
168	t2i1m	normalized	t2i1m_normalized_k10_ef40_q25	40	25	24	10	/hpc2hdd/home/rmeng603/workspace/MFANNS/simulator/memory/20260329/mfnns_t2i_k10_ef20_30_40_dualq_q20_100/yamls/t2i1m_normalized_k10_ef40_q25.yaml	/hpc2hdd/home/rmeng603/workspace/MFANNS/simulator/memory/20260329/mfnns_t2i_k10_ef20_30_40_dualq_q20_100/logs/t2i1m_normalized_k10_ef40_q25_stats.yml	/hpc2hdd/home/rmeng603/workspace/MFANNS/simulator/memory/20260326/multidataset_nine_config_fp16_hotrep_cfs/yamls/t2i1m_normalized_mfnns_etopt_hotrep.yaml	based_on=20260329/mfnns_etopt_hotrep_k10_ef_sweep;t2i;warmup=q-1
169	t2i1m	normalized	t2i1m_normalized_k10_ef40_q26	40	26	25	10	/hpc2hdd/home/rmeng603/workspace/MFANNS/simulator/memory/20260329/mfnns_t2i_k10_ef20_30_40_dualq_q20_100/yamls/t2i1m_normalized_k10_ef40_q26.yaml	/hpc2hdd/home/rmeng603/workspace/MFANNS/simulator/memory/20260329/mfnns_t2i_k10_ef20_30_40_dualq_q20_100/logs/t2i1m_normalized_k10_ef40_q26_stats.yml	/hpc2hdd/home/rmeng603/workspace/MFANNS/simulator/memory/20260326/multidataset_nine_config_fp16_hotrep_cfs/yamls/t2i1m_normalized_mfnns_etopt_hotrep.yaml	based_on=20260329/mfnns_etopt_hotrep_k10_ef_sweep;t2i;warmup=q-1
170	t2i1m	normalized	t2i1m_normalized_k10_ef40_q27	40	27	26	10	/hpc2hdd/home/rmeng603/workspace/MFANNS/simulator/memory/20260329/mfnns_t2i_k10_ef20_30_40_dualq_q20_100/yamls/t2i1m_normalized_k10_ef40_q27.yaml	/hpc2hdd/home/rmeng603/workspace/MFANNS/simulator/memory/20260329/mfnns_t2i_k10_ef20_30_40_dualq_q20_100/logs/t2i1m_normalized_k10_ef40_q27_stats.yml	/hpc2hdd/home/rmeng603/workspace/MFANNS/simulator/memory/20260326/multidataset_nine_config_fp16_hotrep_cfs/yamls/t2i1m_normalized_mfnns_etopt_hotrep.yaml	based_on=20260329/mfnns_etopt_hotrep_k10_ef_sweep;t2i;warmup=q-1
171	t2i1m	normalized	t2i1m_normalized_k10_ef40_q28	40	28	27	10	/hpc2hdd/home/rmeng603/workspace/MFANNS/simulator/memory/20260329/mfnns_t2i_k10_ef20_30_40_dualq_q20_100/yamls/t2i1m_normalized_k10_ef40_q28.yaml	/hpc2hdd/home/rmeng603/workspace/MFANNS/simulator/memory/20260329/mfnns_t2i_k10_ef20_30_40_dualq_q20_100/logs/t2i1m_normalized_k10_ef40_q28_stats.yml	/hpc2hdd/home/rmeng603/workspace/MFANNS/simulator/memory/20260326/multidataset_nine_config_fp16_hotrep_cfs/yamls/t2i1m_normalized_mfnns_etopt_hotrep.yaml	based_on=20260329/mfnns_etopt_hotrep_k10_ef_sweep;t2i;warmup=q-1
172	t2i1m	normalized	t2i1m_normalized_k10_ef40_q29	40	29	28	10	/hpc2hdd/home/rmeng603/workspace/MFANNS/simulator/memory/20260329/mfnns_t2i_k10_ef20_30_40_dualq_q20_100/yamls/t2i1m_normalized_k10_ef40_q29.yaml	/hpc2hdd/home/rmeng603/workspace/MFANNS/simulator/memory/20260329/mfnns_t2i_k10_ef20_30_40_dualq_q20_100/logs/t2i1m_normalized_k10_ef40_q29_stats.yml	/hpc2hdd/home/rmeng603/workspace/MFANNS/simulator/memory/20260326/multidataset_nine_config_fp16_hotrep_cfs/yamls/t2i1m_normalized_mfnns_etopt_hotrep.yaml	based_on=20260329/mfnns_etopt_hotrep_k10_ef_sweep;t2i;warmup=q-1
173	t2i1m	normalized	t2i1m_normalized_k10_ef40_q30	40	30	29	10	/hpc2hdd/home/rmeng603/workspace/MFANNS/simulator/memory/20260329/mfnns_t2i_k10_ef20_30_40_dualq_q20_100/yamls/t2i1m_normalized_k10_ef40_q30.yaml	/hpc2hdd/home/rmeng603/workspace/MFANNS/simulator/memory/20260329/mfnns_t2i_k10_ef20_30_40_dualq_q20_100/logs/t2i1m_normalized_k10_ef40_q30_stats.yml	/hpc2hdd/home/rmeng603/workspace/MFANNS/simulator/memory/20260326/multidataset_nine_config_fp16_hotrep_cfs/yamls/t2i1m_normalized_mfnns_etopt_hotrep.yaml	based_on=20260329/mfnns_etopt_hotrep_k10_ef_sweep;t2i;warmup=q-1
174	t2i1m	normalized	t2i1m_normalized_k10_ef40_q31	40	31	30	10	/hpc2hdd/home/rmeng603/workspace/MFANNS/simulator/memory/20260329/mfnns_t2i_k10_ef20_30_40_dualq_q20_100/yamls/t2i1m_normalized_k10_ef40_q31.yaml	/hpc2hdd/home/rmeng603/workspace/MFANNS/simulator/memory/20260329/mfnns_t2i_k10_ef20_30_40_dualq_q20_100/logs/t2i1m_normalized_k10_ef40_q31_stats.yml	/hpc2hdd/home/rmeng603/workspace/MFANNS/simulator/memory/20260326/multidataset_nine_config_fp16_hotrep_cfs/yamls/t2i1m_normalized_mfnns_etopt_hotrep.yaml	based_on=20260329/mfnns_etopt_hotrep_k10_ef_sweep;t2i;warmup=q-1
175	t2i1m	normalized	t2i1m_normalized_k10_ef40_q32	40	32	31	10	/hpc2hdd/home/rmeng603/workspace/MFANNS/simulator/memory/20260329/mfnns_t2i_k10_ef20_30_40_dualq_q20_100/yamls/t2i1m_normalized_k10_ef40_q32.yaml	/hpc2hdd/home/rmeng603/workspace/MFANNS/simulator/memory/20260329/mfnns_t2i_k10_ef20_30_40_dualq_q20_100/logs/t2i1m_normalized_k10_ef40_q32_stats.yml	/hpc2hdd/home/rmeng603/workspace/MFANNS/simulator/memory/20260326/multidataset_nine_config_fp16_hotrep_cfs/yamls/t2i1m_normalized_mfnns_etopt_hotrep.yaml	based_on=20260329/mfnns_etopt_hotrep_k10_ef_sweep;t2i;warmup=q-1
176	t2i1m	normalized	t2i1m_normalized_k10_ef40_q33	40	33	32	10	/hpc2hdd/home/rmeng603/workspace/MFANNS/simulator/memory/20260329/mfnns_t2i_k10_ef20_30_40_dualq_q20_100/yamls/t2i1m_normalized_k10_ef40_q33.yaml	/hpc2hdd/home/rmeng603/workspace/MFANNS/simulator/memory/20260329/mfnns_t2i_k10_ef20_30_40_dualq_q20_100/logs/t2i1m_normalized_k10_ef40_q33_stats.yml	/hpc2hdd/home/rmeng603/workspace/MFANNS/simulator/memory/20260326/multidataset_nine_config_fp16_hotrep_cfs/yamls/t2i1m_normalized_mfnns_etopt_hotrep.yaml	based_on=20260329/mfnns_etopt_hotrep_k10_ef_sweep;t2i;warmup=q-1
177	t2i1m	normalized	t2i1m_normalized_k10_ef40_q34	40	34	33	10	/hpc2hdd/home/rmeng603/workspace/MFANNS/simulator/memory/20260329/mfnns_t2i_k10_ef20_30_40_dualq_q20_100/yamls/t2i1m_normalized_k10_ef40_q34.yaml	/hpc2hdd/home/rmeng603/workspace/MFANNS/simulator/memory/20260329/mfnns_t2i_k10_ef20_30_40_dualq_q20_100/logs/t2i1m_normalized_k10_ef40_q34_stats.yml	/hpc2hdd/home/rmeng603/workspace/MFANNS/simulator/memory/20260326/multidataset_nine_config_fp16_hotrep_cfs/yamls/t2i1m_normalized_mfnns_etopt_hotrep.yaml	based_on=20260329/mfnns_etopt_hotrep_k10_ef_sweep;t2i;warmup=q-1
178	t2i1m	normalized	t2i1m_normalized_k10_ef40_q35	40	35	34	10	/hpc2hdd/home/rmeng603/workspace/MFANNS/simulator/memory/20260329/mfnns_t2i_k10_ef20_30_40_dualq_q20_100/yamls/t2i1m_normalized_k10_ef40_q35.yaml	/hpc2hdd/home/rmeng603/workspace/MFANNS/simulator/memory/20260329/mfnns_t2i_k10_ef20_30_40_dualq_q20_100/logs/t2i1m_normalized_k10_ef40_q35_stats.yml	/hpc2hdd/home/rmeng603/workspace/MFANNS/simulator/memory/20260326/multidataset_nine_config_fp16_hotrep_cfs/yamls/t2i1m_normalized_mfnns_etopt_hotrep.yaml	based_on=20260329/mfnns_etopt_hotrep_k10_ef_sweep;t2i;warmup=q-1
179	t2i1m	normalized	t2i1m_normalized_k10_ef40_q36	40	36	35	10	/hpc2hdd/home/rmeng603/workspace/MFANNS/simulator/memory/20260329/mfnns_t2i_k10_ef20_30_40_dualq_q20_100/yamls/t2i1m_normalized_k10_ef40_q36.yaml	/hpc2hdd/home/rmeng603/workspace/MFANNS/simulator/memory/20260329/mfnns_t2i_k10_ef20_30_40_dualq_q20_100/logs/t2i1m_normalized_k10_ef40_q36_stats.yml	/hpc2hdd/home/rmeng603/workspace/MFANNS/simulator/memory/20260326/multidataset_nine_config_fp16_hotrep_cfs/yamls/t2i1m_normalized_mfnns_etopt_hotrep.yaml	based_on=20260329/mfnns_etopt_hotrep_k10_ef_sweep;t2i;warmup=q-1
180	t2i1m	normalized	t2i1m_normalized_k10_ef40_q37	40	37	36	10	/hpc2hdd/home/rmeng603/workspace/MFANNS/simulator/memory/20260329/mfnns_t2i_k10_ef20_30_40_dualq_q20_100/yamls/t2i1m_normalized_k10_ef40_q37.yaml	/hpc2hdd/home/rmeng603/workspace/MFANNS/simulator/memory/20260329/mfnns_t2i_k10_ef20_30_40_dualq_q20_100/logs/t2i1m_normalized_k10_ef40_q37_stats.yml	/hpc2hdd/home/rmeng603/workspace/MFANNS/simulator/memory/20260326/multidataset_nine_config_fp16_hotrep_cfs/yamls/t2i1m_normalized_mfnns_etopt_hotrep.yaml	based_on=20260329/mfnns_etopt_hotrep_k10_ef_sweep;t2i;warmup=q-1
181	t2i1m	normalized	t2i1m_normalized_k10_ef40_q38	40	38	37	10	/hpc2hdd/home/rmeng603/workspace/MFANNS/simulator/memory/20260329/mfnns_t2i_k10_ef20_30_40_dualq_q20_100/yamls/t2i1m_normalized_k10_ef40_q38.yaml	/hpc2hdd/home/rmeng603/workspace/MFANNS/simulator/memory/20260329/mfnns_t2i_k10_ef20_30_40_dualq_q20_100/logs/t2i1m_normalized_k10_ef40_q38_stats.yml	/hpc2hdd/home/rmeng603/workspace/MFANNS/simulator/memory/20260326/multidataset_nine_config_fp16_hotrep_cfs/yamls/t2i1m_normalized_mfnns_etopt_hotrep.yaml	based_on=20260329/mfnns_etopt_hotrep_k10_ef_sweep;t2i;warmup=q-1
182	t2i1m	normalized	t2i1m_normalized_k10_ef40_q39	40	39	38	10	/hpc2hdd/home/rmeng603/workspace/MFANNS/simulator/memory/20260329/mfnns_t2i_k10_ef20_30_40_dualq_q20_100/yamls/t2i1m_normalized_k10_ef40_q39.yaml	/hpc2hdd/home/rmeng603/workspace/MFANNS/simulator/memory/20260329/mfnns_t2i_k10_ef20_30_40_dualq_q20_100/logs/t2i1m_normalized_k10_ef40_q39_stats.yml	/hpc2hdd/home/rmeng603/workspace/MFANNS/simulator/memory/20260326/multidataset_nine_config_fp16_hotrep_cfs/yamls/t2i1m_normalized_mfnns_etopt_hotrep.yaml	based_on=20260329/mfnns_etopt_hotrep_k10_ef_sweep;t2i;warmup=q-1
183	t2i1m	normalized	t2i1m_normalized_k10_ef40_q40	40	40	39	10	/hpc2hdd/home/rmeng603/workspace/MFANNS/simulator/memory/20260329/mfnns_t2i_k10_ef20_30_40_dualq_q20_100/yamls/t2i1m_normalized_k10_ef40_q40.yaml	/hpc2hdd/home/rmeng603/workspace/MFANNS/simulator/memory/20260329/mfnns_t2i_k10_ef20_30_40_dualq_q20_100/logs/t2i1m_normalized_k10_ef40_q40_stats.yml	/hpc2hdd/home/rmeng603/workspace/MFANNS/simulator/memory/20260326/multidataset_nine_config_fp16_hotrep_cfs/yamls/t2i1m_normalized_mfnns_etopt_hotrep.yaml	based_on=20260329/mfnns_etopt_hotrep_k10_ef_sweep;t2i;warmup=q-1
184	t2i1m	normalized	t2i1m_normalized_k10_ef40_q41	40	41	40	10	/hpc2hdd/home/rmeng603/workspace/MFANNS/simulator/memory/20260329/mfnns_t2i_k10_ef20_30_40_dualq_q20_100/yamls/t2i1m_normalized_k10_ef40_q41.yaml	/hpc2hdd/home/rmeng603/workspace/MFANNS/simulator/memory/20260329/mfnns_t2i_k10_ef20_30_40_dualq_q20_100/logs/t2i1m_normalized_k10_ef40_q41_stats.yml	/hpc2hdd/home/rmeng603/workspace/MFANNS/simulator/memory/20260326/multidataset_nine_config_fp16_hotrep_cfs/yamls/t2i1m_normalized_mfnns_etopt_hotrep.yaml	based_on=20260329/mfnns_etopt_hotrep_k10_ef_sweep;t2i;warmup=q-1
185	t2i1m	normalized	t2i1m_normalized_k10_ef40_q42	40	42	41	10	/hpc2hdd/home/rmeng603/workspace/MFANNS/simulator/memory/20260329/mfnns_t2i_k10_ef20_30_40_dualq_q20_100/yamls/t2i1m_normalized_k10_ef40_q42.yaml	/hpc2hdd/home/rmeng603/workspace/MFANNS/simulator/memory/20260329/mfnns_t2i_k10_ef20_30_40_dualq_q20_100/logs/t2i1m_normalized_k10_ef40_q42_stats.yml	/hpc2hdd/home/rmeng603/workspace/MFANNS/simulator/memory/20260326/multidataset_nine_config_fp16_hotrep_cfs/yamls/t2i1m_normalized_mfnns_etopt_hotrep.yaml	based_on=20260329/mfnns_etopt_hotrep_k10_ef_sweep;t2i;warmup=q-1
186	t2i1m	normalized	t2i1m_normalized_k10_ef40_q43	40	43	42	10	/hpc2hdd/home/rmeng603/workspace/MFANNS/simulator/memory/20260329/mfnns_t2i_k10_ef20_30_40_dualq_q20_100/yamls/t2i1m_normalized_k10_ef40_q43.yaml	/hpc2hdd/home/rmeng603/workspace/MFANNS/simulator/memory/20260329/mfnns_t2i_k10_ef20_30_40_dualq_q20_100/logs/t2i1m_normalized_k10_ef40_q43_stats.yml	/hpc2hdd/home/rmeng603/workspace/MFANNS/simulator/memory/20260326/multidataset_nine_config_fp16_hotrep_cfs/yamls/t2i1m_normalized_mfnns_etopt_hotrep.yaml	based_on=20260329/mfnns_etopt_hotrep_k10_ef_sweep;t2i;warmup=q-1
187	t2i1m	normalized	t2i1m_normalized_k10_ef40_q44	40	44	43	10	/hpc2hdd/home/rmeng603/workspace/MFANNS/simulator/memory/20260329/mfnns_t2i_k10_ef20_30_40_dualq_q20_100/yamls/t2i1m_normalized_k10_ef40_q44.yaml	/hpc2hdd/home/rmeng603/workspace/MFANNS/simulator/memory/20260329/mfnns_t2i_k10_ef20_30_40_dualq_q20_100/logs/t2i1m_normalized_k10_ef40_q44_stats.yml	/hpc2hdd/home/rmeng603/workspace/MFANNS/simulator/memory/20260326/multidataset_nine_config_fp16_hotrep_cfs/yamls/t2i1m_normalized_mfnns_etopt_hotrep.yaml	based_on=20260329/mfnns_etopt_hotrep_k10_ef_sweep;t2i;warmup=q-1
188	t2i1m	normalized	t2i1m_normalized_k10_ef40_q45	40	45	44	10	/hpc2hdd/home/rmeng603/workspace/MFANNS/simulator/memory/20260329/mfnns_t2i_k10_ef20_30_40_dualq_q20_100/yamls/t2i1m_normalized_k10_ef40_q45.yaml	/hpc2hdd/home/rmeng603/workspace/MFANNS/simulator/memory/20260329/mfnns_t2i_k10_ef20_30_40_dualq_q20_100/logs/t2i1m_normalized_k10_ef40_q45_stats.yml	/hpc2hdd/home/rmeng603/workspace/MFANNS/simulator/memory/20260326/multidataset_nine_config_fp16_hotrep_cfs/yamls/t2i1m_normalized_mfnns_etopt_hotrep.yaml	based_on=20260329/mfnns_etopt_hotrep_k10_ef_sweep;t2i;warmup=q-1
189	t2i1m	normalized	t2i1m_normalized_k10_ef40_q46	40	46	45	10	/hpc2hdd/home/rmeng603/workspace/MFANNS/simulator/memory/20260329/mfnns_t2i_k10_ef20_30_40_dualq_q20_100/yamls/t2i1m_normalized_k10_ef40_q46.yaml	/hpc2hdd/home/rmeng603/workspace/MFANNS/simulator/memory/20260329/mfnns_t2i_k10_ef20_30_40_dualq_q20_100/logs/t2i1m_normalized_k10_ef40_q46_stats.yml	/hpc2hdd/home/rmeng603/workspace/MFANNS/simulator/memory/20260326/multidataset_nine_config_fp16_hotrep_cfs/yamls/t2i1m_normalized_mfnns_etopt_hotrep.yaml	based_on=20260329/mfnns_etopt_hotrep_k10_ef_sweep;t2i;warmup=q-1
190	t2i1m	normalized	t2i1m_normalized_k10_ef40_q47	40	47	46	10	/hpc2hdd/home/rmeng603/workspace/MFANNS/simulator/memory/20260329/mfnns_t2i_k10_ef20_30_40_dualq_q20_100/yamls/t2i1m_normalized_k10_ef40_q47.yaml	/hpc2hdd/home/rmeng603/workspace/MFANNS/simulator/memory/20260329/mfnns_t2i_k10_ef20_30_40_dualq_q20_100/logs/t2i1m_normalized_k10_ef40_q47_stats.yml	/hpc2hdd/home/rmeng603/workspace/MFANNS/simulator/memory/20260326/multidataset_nine_config_fp16_hotrep_cfs/yamls/t2i1m_normalized_mfnns_etopt_hotrep.yaml	based_on=20260329/mfnns_etopt_hotrep_k10_ef_sweep;t2i;warmup=q-1
191	t2i1m	normalized	t2i1m_normalized_k10_ef40_q48	40	48	47	10	/hpc2hdd/home/rmeng603/workspace/MFANNS/simulator/memory/20260329/mfnns_t2i_k10_ef20_30_40_dualq_q20_100/yamls/t2i1m_normalized_k10_ef40_q48.yaml	/hpc2hdd/home/rmeng603/workspace/MFANNS/simulator/memory/20260329/mfnns_t2i_k10_ef20_30_40_dualq_q20_100/logs/t2i1m_normalized_k10_ef40_q48_stats.yml	/hpc2hdd/home/rmeng603/workspace/MFANNS/simulator/memory/20260326/multidataset_nine_config_fp16_hotrep_cfs/yamls/t2i1m_normalized_mfnns_etopt_hotrep.yaml	based_on=20260329/mfnns_etopt_hotrep_k10_ef_sweep;t2i;warmup=q-1
192	t2i1m	normalized	t2i1m_normalized_k10_ef40_q49	40	49	48	10	/hpc2hdd/home/rmeng603/workspace/MFANNS/simulator/memory/20260329/mfnns_t2i_k10_ef20_30_40_dualq_q20_100/yamls/t2i1m_normalized_k10_ef40_q49.yaml	/hpc2hdd/home/rmeng603/workspace/MFANNS/simulator/memory/20260329/mfnns_t2i_k10_ef20_30_40_dualq_q20_100/logs/t2i1m_normalized_k10_ef40_q49_stats.yml	/hpc2hdd/home/rmeng603/workspace/MFANNS/simulator/memory/20260326/multidataset_nine_config_fp16_hotrep_cfs/yamls/t2i1m_normalized_mfnns_etopt_hotrep.yaml	based_on=20260329/mfnns_etopt_hotrep_k10_ef_sweep;t2i;warmup=q-1
193	t2i1m	normalized	t2i1m_normalized_k10_ef40_q50	40	50	49	10	/hpc2hdd/home/rmeng603/workspace/MFANNS/simulator/memory/20260329/mfnns_t2i_k10_ef20_30_40_dualq_q20_100/yamls/t2i1m_normalized_k10_ef40_q50.yaml	/hpc2hdd/home/rmeng603/workspace/MFANNS/simulator/memory/20260329/mfnns_t2i_k10_ef20_30_40_dualq_q20_100/logs/t2i1m_normalized_k10_ef40_q50_stats.yml	/hpc2hdd/home/rmeng603/workspace/MFANNS/simulator/memory/20260326/multidataset_nine_config_fp16_hotrep_cfs/yamls/t2i1m_normalized_mfnns_etopt_hotrep.yaml	based_on=20260329/mfnns_etopt_hotrep_k10_ef_sweep;t2i;warmup=q-1
194	t2i1m	normalized	t2i1m_normalized_k10_ef40_q51	40	51	50	10	/hpc2hdd/home/rmeng603/workspace/MFANNS/simulator/memory/20260329/mfnns_t2i_k10_ef20_30_40_dualq_q20_100/yamls/t2i1m_normalized_k10_ef40_q51.yaml	/hpc2hdd/home/rmeng603/workspace/MFANNS/simulator/memory/20260329/mfnns_t2i_k10_ef20_30_40_dualq_q20_100/logs/t2i1m_normalized_k10_ef40_q51_stats.yml	/hpc2hdd/home/rmeng603/workspace/MFANNS/simulator/memory/20260326/multidataset_nine_config_fp16_hotrep_cfs/yamls/t2i1m_normalized_mfnns_etopt_hotrep.yaml	based_on=20260329/mfnns_etopt_hotrep_k10_ef_sweep;t2i;warmup=q-1
195	t2i1m	normalized	t2i1m_normalized_k10_ef40_q52	40	52	51	10	/hpc2hdd/home/rmeng603/workspace/MFANNS/simulator/memory/20260329/mfnns_t2i_k10_ef20_30_40_dualq_q20_100/yamls/t2i1m_normalized_k10_ef40_q52.yaml	/hpc2hdd/home/rmeng603/workspace/MFANNS/simulator/memory/20260329/mfnns_t2i_k10_ef20_30_40_dualq_q20_100/logs/t2i1m_normalized_k10_ef40_q52_stats.yml	/hpc2hdd/home/rmeng603/workspace/MFANNS/simulator/memory/20260326/multidataset_nine_config_fp16_hotrep_cfs/yamls/t2i1m_normalized_mfnns_etopt_hotrep.yaml	based_on=20260329/mfnns_etopt_hotrep_k10_ef_sweep;t2i;warmup=q-1
196	t2i1m	normalized	t2i1m_normalized_k10_ef40_q53	40	53	52	10	/hpc2hdd/home/rmeng603/workspace/MFANNS/simulator/memory/20260329/mfnns_t2i_k10_ef20_30_40_dualq_q20_100/yamls/t2i1m_normalized_k10_ef40_q53.yaml	/hpc2hdd/home/rmeng603/workspace/MFANNS/simulator/memory/20260329/mfnns_t2i_k10_ef20_30_40_dualq_q20_100/logs/t2i1m_normalized_k10_ef40_q53_stats.yml	/hpc2hdd/home/rmeng603/workspace/MFANNS/simulator/memory/20260326/multidataset_nine_config_fp16_hotrep_cfs/yamls/t2i1m_normalized_mfnns_etopt_hotrep.yaml	based_on=20260329/mfnns_etopt_hotrep_k10_ef_sweep;t2i;warmup=q-1
197	t2i1m	normalized	t2i1m_normalized_k10_ef40_q54	40	54	53	10	/hpc2hdd/home/rmeng603/workspace/MFANNS/simulator/memory/20260329/mfnns_t2i_k10_ef20_30_40_dualq_q20_100/yamls/t2i1m_normalized_k10_ef40_q54.yaml	/hpc2hdd/home/rmeng603/workspace/MFANNS/simulator/memory/20260329/mfnns_t2i_k10_ef20_30_40_dualq_q20_100/logs/t2i1m_normalized_k10_ef40_q54_stats.yml	/hpc2hdd/home/rmeng603/workspace/MFANNS/simulator/memory/20260326/multidataset_nine_config_fp16_hotrep_cfs/yamls/t2i1m_normalized_mfnns_etopt_hotrep.yaml	based_on=20260329/mfnns_etopt_hotrep_k10_ef_sweep;t2i;warmup=q-1
198	t2i1m	normalized	t2i1m_normalized_k10_ef40_q55	40	55	54	10	/hpc2hdd/home/rmeng603/workspace/MFANNS/simulator/memory/20260329/mfnns_t2i_k10_ef20_30_40_dualq_q20_100/yamls/t2i1m_normalized_k10_ef40_q55.yaml	/hpc2hdd/home/rmeng603/workspace/MFANNS/simulator/memory/20260329/mfnns_t2i_k10_ef20_30_40_dualq_q20_100/logs/t2i1m_normalized_k10_ef40_q55_stats.yml	/hpc2hdd/home/rmeng603/workspace/MFANNS/simulator/memory/20260326/multidataset_nine_config_fp16_hotrep_cfs/yamls/t2i1m_normalized_mfnns_etopt_hotrep.yaml	based_on=20260329/mfnns_etopt_hotrep_k10_ef_sweep;t2i;warmup=q-1
199	t2i1m	normalized	t2i1m_normalized_k10_ef40_q56	40	56	55	10	/hpc2hdd/home/rmeng603/workspace/MFANNS/simulator/memory/20260329/mfnns_t2i_k10_ef20_30_40_dualq_q20_100/yamls/t2i1m_normalized_k10_ef40_q56.yaml	/hpc2hdd/home/rmeng603/workspace/MFANNS/simulator/memory/20260329/mfnns_t2i_k10_ef20_30_40_dualq_q20_100/logs/t2i1m_normalized_k10_ef40_q56_stats.yml	/hpc2hdd/home/rmeng603/workspace/MFANNS/simulator/memory/20260326/multidataset_nine_config_fp16_hotrep_cfs/yamls/t2i1m_normalized_mfnns_etopt_hotrep.yaml	based_on=20260329/mfnns_etopt_hotrep_k10_ef_sweep;t2i;warmup=q-1
200	t2i1m	normalized	t2i1m_normalized_k10_ef40_q57	40	57	56	10	/hpc2hdd/home/rmeng603/workspace/MFANNS/simulator/memory/20260329/mfnns_t2i_k10_ef20_30_40_dualq_q20_100/yamls/t2i1m_normalized_k10_ef40_q57.yaml	/hpc2hdd/home/rmeng603/workspace/MFANNS/simulator/memory/20260329/mfnns_t2i_k10_ef20_30_40_dualq_q20_100/logs/t2i1m_normalized_k10_ef40_q57_stats.yml	/hpc2hdd/home/rmeng603/workspace/MFANNS/simulator/memory/20260326/multidataset_nine_config_fp16_hotrep_cfs/yamls/t2i1m_normalized_mfnns_etopt_hotrep.yaml	based_on=20260329/mfnns_etopt_hotrep_k10_ef_sweep;t2i;warmup=q-1
201	t2i1m	normalized	t2i1m_normalized_k10_ef40_q58	40	58	57	10	/hpc2hdd/home/rmeng603/workspace/MFANNS/simulator/memory/20260329/mfnns_t2i_k10_ef20_30_40_dualq_q20_100/yamls/t2i1m_normalized_k10_ef40_q58.yaml	/hpc2hdd/home/rmeng603/workspace/MFANNS/simulator/memory/20260329/mfnns_t2i_k10_ef20_30_40_dualq_q20_100/logs/t2i1m_normalized_k10_ef40_q58_stats.yml	/hpc2hdd/home/rmeng603/workspace/MFANNS/simulator/memory/20260326/multidataset_nine_config_fp16_hotrep_cfs/yamls/t2i1m_normalized_mfnns_etopt_hotrep.yaml	based_on=20260329/mfnns_etopt_hotrep_k10_ef_sweep;t2i;warmup=q-1
202	t2i1m	normalized	t2i1m_normalized_k10_ef40_q59	40	59	58	10	/hpc2hdd/home/rmeng603/workspace/MFANNS/simulator/memory/20260329/mfnns_t2i_k10_ef20_30_40_dualq_q20_100/yamls/t2i1m_normalized_k10_ef40_q59.yaml	/hpc2hdd/home/rmeng603/workspace/MFANNS/simulator/memory/20260329/mfnns_t2i_k10_ef20_30_40_dualq_q20_100/logs/t2i1m_normalized_k10_ef40_q59_stats.yml	/hpc2hdd/home/rmeng603/workspace/MFANNS/simulator/memory/20260326/multidataset_nine_config_fp16_hotrep_cfs/yamls/t2i1m_normalized_mfnns_etopt_hotrep.yaml	based_on=20260329/mfnns_etopt_hotrep_k10_ef_sweep;t2i;warmup=q-1
203	t2i1m	normalized	t2i1m_normalized_k10_ef40_q60	40	60	59	10	/hpc2hdd/home/rmeng603/workspace/MFANNS/simulator/memory/20260329/mfnns_t2i_k10_ef20_30_40_dualq_q20_100/yamls/t2i1m_normalized_k10_ef40_q60.yaml	/hpc2hdd/home/rmeng603/workspace/MFANNS/simulator/memory/20260329/mfnns_t2i_k10_ef20_30_40_dualq_q20_100/logs/t2i1m_normalized_k10_ef40_q60_stats.yml	/hpc2hdd/home/rmeng603/workspace/MFANNS/simulator/memory/20260326/multidataset_nine_config_fp16_hotrep_cfs/yamls/t2i1m_normalized_mfnns_etopt_hotrep.yaml	based_on=20260329/mfnns_etopt_hotrep_k10_ef_sweep;t2i;warmup=q-1
204	t2i1m	normalized	t2i1m_normalized_k10_ef40_q61	40	61	60	10	/hpc2hdd/home/rmeng603/workspace/MFANNS/simulator/memory/20260329/mfnns_t2i_k10_ef20_30_40_dualq_q20_100/yamls/t2i1m_normalized_k10_ef40_q61.yaml	/hpc2hdd/home/rmeng603/workspace/MFANNS/simulator/memory/20260329/mfnns_t2i_k10_ef20_30_40_dualq_q20_100/logs/t2i1m_normalized_k10_ef40_q61_stats.yml	/hpc2hdd/home/rmeng603/workspace/MFANNS/simulator/memory/20260326/multidataset_nine_config_fp16_hotrep_cfs/yamls/t2i1m_normalized_mfnns_etopt_hotrep.yaml	based_on=20260329/mfnns_etopt_hotrep_k10_ef_sweep;t2i;warmup=q-1
205	t2i1m	normalized	t2i1m_normalized_k10_ef40_q62	40	62	61	10	/hpc2hdd/home/rmeng603/workspace/MFANNS/simulator/memory/20260329/mfnns_t2i_k10_ef20_30_40_dualq_q20_100/yamls/t2i1m_normalized_k10_ef40_q62.yaml	/hpc2hdd/home/rmeng603/workspace/MFANNS/simulator/memory/20260329/mfnns_t2i_k10_ef20_30_40_dualq_q20_100/logs/t2i1m_normalized_k10_ef40_q62_stats.yml	/hpc2hdd/home/rmeng603/workspace/MFANNS/simulator/memory/20260326/multidataset_nine_config_fp16_hotrep_cfs/yamls/t2i1m_normalized_mfnns_etopt_hotrep.yaml	based_on=20260329/mfnns_etopt_hotrep_k10_ef_sweep;t2i;warmup=q-1
206	t2i1m	normalized	t2i1m_normalized_k10_ef40_q63	40	63	62	10	/hpc2hdd/home/rmeng603/workspace/MFANNS/simulator/memory/20260329/mfnns_t2i_k10_ef20_30_40_dualq_q20_100/yamls/t2i1m_normalized_k10_ef40_q63.yaml	/hpc2hdd/home/rmeng603/workspace/MFANNS/simulator/memory/20260329/mfnns_t2i_k10_ef20_30_40_dualq_q20_100/logs/t2i1m_normalized_k10_ef40_q63_stats.yml	/hpc2hdd/home/rmeng603/workspace/MFANNS/simulator/memory/20260326/multidataset_nine_config_fp16_hotrep_cfs/yamls/t2i1m_normalized_mfnns_etopt_hotrep.yaml	based_on=20260329/mfnns_etopt_hotrep_k10_ef_sweep;t2i;warmup=q-1
207	t2i1m	normalized	t2i1m_normalized_k10_ef40_q64	40	64	63	10	/hpc2hdd/home/rmeng603/workspace/MFANNS/simulator/memory/20260329/mfnns_t2i_k10_ef20_30_40_dualq_q20_100/yamls/t2i1m_normalized_k10_ef40_q64.yaml	/hpc2hdd/home/rmeng603/workspace/MFANNS/simulator/memory/20260329/mfnns_t2i_k10_ef20_30_40_dualq_q20_100/logs/t2i1m_normalized_k10_ef40_q64_stats.yml	/hpc2hdd/home/rmeng603/workspace/MFANNS/simulator/memory/20260326/multidataset_nine_config_fp16_hotrep_cfs/yamls/t2i1m_normalized_mfnns_etopt_hotrep.yaml	based_on=20260329/mfnns_etopt_hotrep_k10_ef_sweep;t2i;warmup=q-1
208	t2i1m	normalized	t2i1m_normalized_k10_ef40_q65	40	65	64	10	/hpc2hdd/home/rmeng603/workspace/MFANNS/simulator/memory/20260329/mfnns_t2i_k10_ef20_30_40_dualq_q20_100/yamls/t2i1m_normalized_k10_ef40_q65.yaml	/hpc2hdd/home/rmeng603/workspace/MFANNS/simulator/memory/20260329/mfnns_t2i_k10_ef20_30_40_dualq_q20_100/logs/t2i1m_normalized_k10_ef40_q65_stats.yml	/hpc2hdd/home/rmeng603/workspace/MFANNS/simulator/memory/20260326/multidataset_nine_config_fp16_hotrep_cfs/yamls/t2i1m_normalized_mfnns_etopt_hotrep.yaml	based_on=20260329/mfnns_etopt_hotrep_k10_ef_sweep;t2i;warmup=q-1
209	t2i1m	normalized	t2i1m_normalized_k10_ef40_q66	40	66	65	10	/hpc2hdd/home/rmeng603/workspace/MFANNS/simulator/memory/20260329/mfnns_t2i_k10_ef20_30_40_dualq_q20_100/yamls/t2i1m_normalized_k10_ef40_q66.yaml	/hpc2hdd/home/rmeng603/workspace/MFANNS/simulator/memory/20260329/mfnns_t2i_k10_ef20_30_40_dualq_q20_100/logs/t2i1m_normalized_k10_ef40_q66_stats.yml	/hpc2hdd/home/rmeng603/workspace/MFANNS/simulator/memory/20260326/multidataset_nine_config_fp16_hotrep_cfs/yamls/t2i1m_normalized_mfnns_etopt_hotrep.yaml	based_on=20260329/mfnns_etopt_hotrep_k10_ef_sweep;t2i;warmup=q-1
210	t2i1m	normalized	t2i1m_normalized_k10_ef40_q67	40	67	66	10	/hpc2hdd/home/rmeng603/workspace/MFANNS/simulator/memory/20260329/mfnns_t2i_k10_ef20_30_40_dualq_q20_100/yamls/t2i1m_normalized_k10_ef40_q67.yaml	/hpc2hdd/home/rmeng603/workspace/MFANNS/simulator/memory/20260329/mfnns_t2i_k10_ef20_30_40_dualq_q20_100/logs/t2i1m_normalized_k10_ef40_q67_stats.yml	/hpc2hdd/home/rmeng603/workspace/MFANNS/simulator/memory/20260326/multidataset_nine_config_fp16_hotrep_cfs/yamls/t2i1m_normalized_mfnns_etopt_hotrep.yaml	based_on=20260329/mfnns_etopt_hotrep_k10_ef_sweep;t2i;warmup=q-1
211	t2i1m	normalized	t2i1m_normalized_k10_ef40_q68	40	68	67	10	/hpc2hdd/home/rmeng603/workspace/MFANNS/simulator/memory/20260329/mfnns_t2i_k10_ef20_30_40_dualq_q20_100/yamls/t2i1m_normalized_k10_ef40_q68.yaml	/hpc2hdd/home/rmeng603/workspace/MFANNS/simulator/memory/20260329/mfnns_t2i_k10_ef20_30_40_dualq_q20_100/logs/t2i1m_normalized_k10_ef40_q68_stats.yml	/hpc2hdd/home/rmeng603/workspace/MFANNS/simulator/memory/20260326/multidataset_nine_config_fp16_hotrep_cfs/yamls/t2i1m_normalized_mfnns_etopt_hotrep.yaml	based_on=20260329/mfnns_etopt_hotrep_k10_ef_sweep;t2i;warmup=q-1
212	t2i1m	normalized	t2i1m_normalized_k10_ef40_q69	40	69	68	10	/hpc2hdd/home/rmeng603/workspace/MFANNS/simulator/memory/20260329/mfnns_t2i_k10_ef20_30_40_dualq_q20_100/yamls/t2i1m_normalized_k10_ef40_q69.yaml	/hpc2hdd/home/rmeng603/workspace/MFANNS/simulator/memory/20260329/mfnns_t2i_k10_ef20_30_40_dualq_q20_100/logs/t2i1m_normalized_k10_ef40_q69_stats.yml	/hpc2hdd/home/rmeng603/workspace/MFANNS/simulator/memory/20260326/multidataset_nine_config_fp16_hotrep_cfs/yamls/t2i1m_normalized_mfnns_etopt_hotrep.yaml	based_on=20260329/mfnns_etopt_hotrep_k10_ef_sweep;t2i;warmup=q-1
213	t2i1m	normalized	t2i1m_normalized_k10_ef40_q70	40	70	69	10	/hpc2hdd/home/rmeng603/workspace/MFANNS/simulator/memory/20260329/mfnns_t2i_k10_ef20_30_40_dualq_q20_100/yamls/t2i1m_normalized_k10_ef40_q70.yaml	/hpc2hdd/home/rmeng603/workspace/MFANNS/simulator/memory/20260329/mfnns_t2i_k10_ef20_30_40_dualq_q20_100/logs/t2i1m_normalized_k10_ef40_q70_stats.yml	/hpc2hdd/home/rmeng603/workspace/MFANNS/simulator/memory/20260326/multidataset_nine_config_fp16_hotrep_cfs/yamls/t2i1m_normalized_mfnns_etopt_hotrep.yaml	based_on=20260329/mfnns_etopt_hotrep_k10_ef_sweep;t2i;warmup=q-1
214	t2i1m	normalized	t2i1m_normalized_k10_ef40_q71	40	71	70	10	/hpc2hdd/home/rmeng603/workspace/MFANNS/simulator/memory/20260329/mfnns_t2i_k10_ef20_30_40_dualq_q20_100/yamls/t2i1m_normalized_k10_ef40_q71.yaml	/hpc2hdd/home/rmeng603/workspace/MFANNS/simulator/memory/20260329/mfnns_t2i_k10_ef20_30_40_dualq_q20_100/logs/t2i1m_normalized_k10_ef40_q71_stats.yml	/hpc2hdd/home/rmeng603/workspace/MFANNS/simulator/memory/20260326/multidataset_nine_config_fp16_hotrep_cfs/yamls/t2i1m_normalized_mfnns_etopt_hotrep.yaml	based_on=20260329/mfnns_etopt_hotrep_k10_ef_sweep;t2i;warmup=q-1
215	t2i1m	normalized	t2i1m_normalized_k10_ef40_q72	40	72	71	10	/hpc2hdd/home/rmeng603/workspace/MFANNS/simulator/memory/20260329/mfnns_t2i_k10_ef20_30_40_dualq_q20_100/yamls/t2i1m_normalized_k10_ef40_q72.yaml	/hpc2hdd/home/rmeng603/workspace/MFANNS/simulator/memory/20260329/mfnns_t2i_k10_ef20_30_40_dualq_q20_100/logs/t2i1m_normalized_k10_ef40_q72_stats.yml	/hpc2hdd/home/rmeng603/workspace/MFANNS/simulator/memory/20260326/multidataset_nine_config_fp16_hotrep_cfs/yamls/t2i1m_normalized_mfnns_etopt_hotrep.yaml	based_on=20260329/mfnns_etopt_hotrep_k10_ef_sweep;t2i;warmup=q-1
216	t2i1m	normalized	t2i1m_normalized_k10_ef40_q73	40	73	72	10	/hpc2hdd/home/rmeng603/workspace/MFANNS/simulator/memory/20260329/mfnns_t2i_k10_ef20_30_40_dualq_q20_100/yamls/t2i1m_normalized_k10_ef40_q73.yaml	/hpc2hdd/home/rmeng603/workspace/MFANNS/simulator/memory/20260329/mfnns_t2i_k10_ef20_30_40_dualq_q20_100/logs/t2i1m_normalized_k10_ef40_q73_stats.yml	/hpc2hdd/home/rmeng603/workspace/MFANNS/simulator/memory/20260326/multidataset_nine_config_fp16_hotrep_cfs/yamls/t2i1m_normalized_mfnns_etopt_hotrep.yaml	based_on=20260329/mfnns_etopt_hotrep_k10_ef_sweep;t2i;warmup=q-1
217	t2i1m	normalized	t2i1m_normalized_k10_ef40_q74	40	74	73	10	/hpc2hdd/home/rmeng603/workspace/MFANNS/simulator/memory/20260329/mfnns_t2i_k10_ef20_30_40_dualq_q20_100/yamls/t2i1m_normalized_k10_ef40_q74.yaml	/hpc2hdd/home/rmeng603/workspace/MFANNS/simulator/memory/20260329/mfnns_t2i_k10_ef20_30_40_dualq_q20_100/logs/t2i1m_normalized_k10_ef40_q74_stats.yml	/hpc2hdd/home/rmeng603/workspace/MFANNS/simulator/memory/20260326/multidataset_nine_config_fp16_hotrep_cfs/yamls/t2i1m_normalized_mfnns_etopt_hotrep.yaml	based_on=20260329/mfnns_etopt_hotrep_k10_ef_sweep;t2i;warmup=q-1
218	t2i1m	normalized	t2i1m_normalized_k10_ef40_q75	40	75	74	10	/hpc2hdd/home/rmeng603/workspace/MFANNS/simulator/memory/20260329/mfnns_t2i_k10_ef20_30_40_dualq_q20_100/yamls/t2i1m_normalized_k10_ef40_q75.yaml	/hpc2hdd/home/rmeng603/workspace/MFANNS/simulator/memory/20260329/mfnns_t2i_k10_ef20_30_40_dualq_q20_100/logs/t2i1m_normalized_k10_ef40_q75_stats.yml	/hpc2hdd/home/rmeng603/workspace/MFANNS/simulator/memory/20260326/multidataset_nine_config_fp16_hotrep_cfs/yamls/t2i1m_normalized_mfnns_etopt_hotrep.yaml	based_on=20260329/mfnns_etopt_hotrep_k10_ef_sweep;t2i;warmup=q-1
219	t2i1m	normalized	t2i1m_normalized_k10_ef40_q76	40	76	75	10	/hpc2hdd/home/rmeng603/workspace/MFANNS/simulator/memory/20260329/mfnns_t2i_k10_ef20_30_40_dualq_q20_100/yamls/t2i1m_normalized_k10_ef40_q76.yaml	/hpc2hdd/home/rmeng603/workspace/MFANNS/simulator/memory/20260329/mfnns_t2i_k10_ef20_30_40_dualq_q20_100/logs/t2i1m_normalized_k10_ef40_q76_stats.yml	/hpc2hdd/home/rmeng603/workspace/MFANNS/simulator/memory/20260326/multidataset_nine_config_fp16_hotrep_cfs/yamls/t2i1m_normalized_mfnns_etopt_hotrep.yaml	based_on=20260329/mfnns_etopt_hotrep_k10_ef_sweep;t2i;warmup=q-1
220	t2i1m	normalized	t2i1m_normalized_k10_ef40_q77	40	77	76	10	/hpc2hdd/home/rmeng603/workspace/MFANNS/simulator/memory/20260329/mfnns_t2i_k10_ef20_30_40_dualq_q20_100/yamls/t2i1m_normalized_k10_ef40_q77.yaml	/hpc2hdd/home/rmeng603/workspace/MFANNS/simulator/memory/20260329/mfnns_t2i_k10_ef20_30_40_dualq_q20_100/logs/t2i1m_normalized_k10_ef40_q77_stats.yml	/hpc2hdd/home/rmeng603/workspace/MFANNS/simulator/memory/20260326/multidataset_nine_config_fp16_hotrep_cfs/yamls/t2i1m_normalized_mfnns_etopt_hotrep.yaml	based_on=20260329/mfnns_etopt_hotrep_k10_ef_sweep;t2i;warmup=q-1
221	t2i1m	normalized	t2i1m_normalized_k10_ef40_q78	40	78	77	10	/hpc2hdd/home/rmeng603/workspace/MFANNS/simulator/memory/20260329/mfnns_t2i_k10_ef20_30_40_dualq_q20_100/yamls/t2i1m_normalized_k10_ef40_q78.yaml	/hpc2hdd/home/rmeng603/workspace/MFANNS/simulator/memory/20260329/mfnns_t2i_k10_ef20_30_40_dualq_q20_100/logs/t2i1m_normalized_k10_ef40_q78_stats.yml	/hpc2hdd/home/rmeng603/workspace/MFANNS/simulator/memory/20260326/multidataset_nine_config_fp16_hotrep_cfs/yamls/t2i1m_normalized_mfnns_etopt_hotrep.yaml	based_on=20260329/mfnns_etopt_hotrep_k10_ef_sweep;t2i;warmup=q-1
222	t2i1m	normalized	t2i1m_normalized_k10_ef40_q79	40	79	78	10	/hpc2hdd/home/rmeng603/workspace/MFANNS/simulator/memory/20260329/mfnns_t2i_k10_ef20_30_40_dualq_q20_100/yamls/t2i1m_normalized_k10_ef40_q79.yaml	/hpc2hdd/home/rmeng603/workspace/MFANNS/simulator/memory/20260329/mfnns_t2i_k10_ef20_30_40_dualq_q20_100/logs/t2i1m_normalized_k10_ef40_q79_stats.yml	/hpc2hdd/home/rmeng603/workspace/MFANNS/simulator/memory/20260326/multidataset_nine_config_fp16_hotrep_cfs/yamls/t2i1m_normalized_mfnns_etopt_hotrep.yaml	based_on=20260329/mfnns_etopt_hotrep_k10_ef_sweep;t2i;warmup=q-1
223	t2i1m	normalized	t2i1m_normalized_k10_ef40_q80	40	80	79	10	/hpc2hdd/home/rmeng603/workspace/MFANNS/simulator/memory/20260329/mfnns_t2i_k10_ef20_30_40_dualq_q20_100/yamls/t2i1m_normalized_k10_ef40_q80.yaml	/hpc2hdd/home/rmeng603/workspace/MFANNS/simulator/memory/20260329/mfnns_t2i_k10_ef20_30_40_dualq_q20_100/logs/t2i1m_normalized_k10_ef40_q80_stats.yml	/hpc2hdd/home/rmeng603/workspace/MFANNS/simulator/memory/20260326/multidataset_nine_config_fp16_hotrep_cfs/yamls/t2i1m_normalized_mfnns_etopt_hotrep.yaml	based_on=20260329/mfnns_etopt_hotrep_k10_ef_sweep;t2i;warmup=q-1
224	t2i1m	normalized	t2i1m_normalized_k10_ef40_q81	40	81	80	10	/hpc2hdd/home/rmeng603/workspace/MFANNS/simulator/memory/20260329/mfnns_t2i_k10_ef20_30_40_dualq_q20_100/yamls/t2i1m_normalized_k10_ef40_q81.yaml	/hpc2hdd/home/rmeng603/workspace/MFANNS/simulator/memory/20260329/mfnns_t2i_k10_ef20_30_40_dualq_q20_100/logs/t2i1m_normalized_k10_ef40_q81_stats.yml	/hpc2hdd/home/rmeng603/workspace/MFANNS/simulator/memory/20260326/multidataset_nine_config_fp16_hotrep_cfs/yamls/t2i1m_normalized_mfnns_etopt_hotrep.yaml	based_on=20260329/mfnns_etopt_hotrep_k10_ef_sweep;t2i;warmup=q-1
225	t2i1m	normalized	t2i1m_normalized_k10_ef40_q82	40	82	81	10	/hpc2hdd/home/rmeng603/workspace/MFANNS/simulator/memory/20260329/mfnns_t2i_k10_ef20_30_40_dualq_q20_100/yamls/t2i1m_normalized_k10_ef40_q82.yaml	/hpc2hdd/home/rmeng603/workspace/MFANNS/simulator/memory/20260329/mfnns_t2i_k10_ef20_30_40_dualq_q20_100/logs/t2i1m_normalized_k10_ef40_q82_stats.yml	/hpc2hdd/home/rmeng603/workspace/MFANNS/simulator/memory/20260326/multidataset_nine_config_fp16_hotrep_cfs/yamls/t2i1m_normalized_mfnns_etopt_hotrep.yaml	based_on=20260329/mfnns_etopt_hotrep_k10_ef_sweep;t2i;warmup=q-1
226	t2i1m	normalized	t2i1m_normalized_k10_ef40_q83	40	83	82	10	/hpc2hdd/home/rmeng603/workspace/MFANNS/simulator/memory/20260329/mfnns_t2i_k10_ef20_30_40_dualq_q20_100/yamls/t2i1m_normalized_k10_ef40_q83.yaml	/hpc2hdd/home/rmeng603/workspace/MFANNS/simulator/memory/20260329/mfnns_t2i_k10_ef20_30_40_dualq_q20_100/logs/t2i1m_normalized_k10_ef40_q83_stats.yml	/hpc2hdd/home/rmeng603/workspace/MFANNS/simulator/memory/20260326/multidataset_nine_config_fp16_hotrep_cfs/yamls/t2i1m_normalized_mfnns_etopt_hotrep.yaml	based_on=20260329/mfnns_etopt_hotrep_k10_ef_sweep;t2i;warmup=q-1
227	t2i1m	normalized	t2i1m_normalized_k10_ef40_q84	40	84	83	10	/hpc2hdd/home/rmeng603/workspace/MFANNS/simulator/memory/20260329/mfnns_t2i_k10_ef20_30_40_dualq_q20_100/yamls/t2i1m_normalized_k10_ef40_q84.yaml	/hpc2hdd/home/rmeng603/workspace/MFANNS/simulator/memory/20260329/mfnns_t2i_k10_ef20_30_40_dualq_q20_100/logs/t2i1m_normalized_k10_ef40_q84_stats.yml	/hpc2hdd/home/rmeng603/workspace/MFANNS/simulator/memory/20260326/multidataset_nine_config_fp16_hotrep_cfs/yamls/t2i1m_normalized_mfnns_etopt_hotrep.yaml	based_on=20260329/mfnns_etopt_hotrep_k10_ef_sweep;t2i;warmup=q-1
228	t2i1m	normalized	t2i1m_normalized_k10_ef40_q85	40	85	84	10	/hpc2hdd/home/rmeng603/workspace/MFANNS/simulator/memory/20260329/mfnns_t2i_k10_ef20_30_40_dualq_q20_100/yamls/t2i1m_normalized_k10_ef40_q85.yaml	/hpc2hdd/home/rmeng603/workspace/MFANNS/simulator/memory/20260329/mfnns_t2i_k10_ef20_30_40_dualq_q20_100/logs/t2i1m_normalized_k10_ef40_q85_stats.yml	/hpc2hdd/home/rmeng603/workspace/MFANNS/simulator/memory/20260326/multidataset_nine_config_fp16_hotrep_cfs/yamls/t2i1m_normalized_mfnns_etopt_hotrep.yaml	based_on=20260329/mfnns_etopt_hotrep_k10_ef_sweep;t2i;warmup=q-1
229	t2i1m	normalized	t2i1m_normalized_k10_ef40_q86	40	86	85	10	/hpc2hdd/home/rmeng603/workspace/MFANNS/simulator/memory/20260329/mfnns_t2i_k10_ef20_30_40_dualq_q20_100/yamls/t2i1m_normalized_k10_ef40_q86.yaml	/hpc2hdd/home/rmeng603/workspace/MFANNS/simulator/memory/20260329/mfnns_t2i_k10_ef20_30_40_dualq_q20_100/logs/t2i1m_normalized_k10_ef40_q86_stats.yml	/hpc2hdd/home/rmeng603/workspace/MFANNS/simulator/memory/20260326/multidataset_nine_config_fp16_hotrep_cfs/yamls/t2i1m_normalized_mfnns_etopt_hotrep.yaml	based_on=20260329/mfnns_etopt_hotrep_k10_ef_sweep;t2i;warmup=q-1
230	t2i1m	normalized	t2i1m_normalized_k10_ef40_q87	40	87	86	10	/hpc2hdd/home/rmeng603/workspace/MFANNS/simulator/memory/20260329/mfnns_t2i_k10_ef20_30_40_dualq_q20_100/yamls/t2i1m_normalized_k10_ef40_q87.yaml	/hpc2hdd/home/rmeng603/workspace/MFANNS/simulator/memory/20260329/mfnns_t2i_k10_ef20_30_40_dualq_q20_100/logs/t2i1m_normalized_k10_ef40_q87_stats.yml	/hpc2hdd/home/rmeng603/workspace/MFANNS/simulator/memory/20260326/multidataset_nine_config_fp16_hotrep_cfs/yamls/t2i1m_normalized_mfnns_etopt_hotrep.yaml	based_on=20260329/mfnns_etopt_hotrep_k10_ef_sweep;t2i;warmup=q-1
231	t2i1m	normalized	t2i1m_normalized_k10_ef40_q88	40	88	87	10	/hpc2hdd/home/rmeng603/workspace/MFANNS/simulator/memory/20260329/mfnns_t2i_k10_ef20_30_40_dualq_q20_100/yamls/t2i1m_normalized_k10_ef40_q88.yaml	/hpc2hdd/home/rmeng603/workspace/MFANNS/simulator/memory/20260329/mfnns_t2i_k10_ef20_30_40_dualq_q20_100/logs/t2i1m_normalized_k10_ef40_q88_stats.yml	/hpc2hdd/home/rmeng603/workspace/MFANNS/simulator/memory/20260326/multidataset_nine_config_fp16_hotrep_cfs/yamls/t2i1m_normalized_mfnns_etopt_hotrep.yaml	based_on=20260329/mfnns_etopt_hotrep_k10_ef_sweep;t2i;warmup=q-1
232	t2i1m	normalized	t2i1m_normalized_k10_ef40_q89	40	89	88	10	/hpc2hdd/home/rmeng603/workspace/MFANNS/simulator/memory/20260329/mfnns_t2i_k10_ef20_30_40_dualq_q20_100/yamls/t2i1m_normalized_k10_ef40_q89.yaml	/hpc2hdd/home/rmeng603/workspace/MFANNS/simulator/memory/20260329/mfnns_t2i_k10_ef20_30_40_dualq_q20_100/logs/t2i1m_normalized_k10_ef40_q89_stats.yml	/hpc2hdd/home/rmeng603/workspace/MFANNS/simulator/memory/20260326/multidataset_nine_config_fp16_hotrep_cfs/yamls/t2i1m_normalized_mfnns_etopt_hotrep.yaml	based_on=20260329/mfnns_etopt_hotrep_k10_ef_sweep;t2i;warmup=q-1
233	t2i1m	normalized	t2i1m_normalized_k10_ef40_q90	40	90	89	10	/hpc2hdd/home/rmeng603/workspace/MFANNS/simulator/memory/20260329/mfnns_t2i_k10_ef20_30_40_dualq_q20_100/yamls/t2i1m_normalized_k10_ef40_q90.yaml	/hpc2hdd/home/rmeng603/workspace/MFANNS/simulator/memory/20260329/mfnns_t2i_k10_ef20_30_40_dualq_q20_100/logs/t2i1m_normalized_k10_ef40_q90_stats.yml	/hpc2hdd/home/rmeng603/workspace/MFANNS/simulator/memory/20260326/multidataset_nine_config_fp16_hotrep_cfs/yamls/t2i1m_normalized_mfnns_etopt_hotrep.yaml	based_on=20260329/mfnns_etopt_hotrep_k10_ef_sweep;t2i;warmup=q-1
234	t2i1m	normalized	t2i1m_normalized_k10_ef40_q91	40	91	90	10	/hpc2hdd/home/rmeng603/workspace/MFANNS/simulator/memory/20260329/mfnns_t2i_k10_ef20_30_40_dualq_q20_100/yamls/t2i1m_normalized_k10_ef40_q91.yaml	/hpc2hdd/home/rmeng603/workspace/MFANNS/simulator/memory/20260329/mfnns_t2i_k10_ef20_30_40_dualq_q20_100/logs/t2i1m_normalized_k10_ef40_q91_stats.yml	/hpc2hdd/home/rmeng603/workspace/MFANNS/simulator/memory/20260326/multidataset_nine_config_fp16_hotrep_cfs/yamls/t2i1m_normalized_mfnns_etopt_hotrep.yaml	based_on=20260329/mfnns_etopt_hotrep_k10_ef_sweep;t2i;warmup=q-1
235	t2i1m	normalized	t2i1m_normalized_k10_ef40_q92	40	92	91	10	/hpc2hdd/home/rmeng603/workspace/MFANNS/simulator/memory/20260329/mfnns_t2i_k10_ef20_30_40_dualq_q20_100/yamls/t2i1m_normalized_k10_ef40_q92.yaml	/hpc2hdd/home/rmeng603/workspace/MFANNS/simulator/memory/20260329/mfnns_t2i_k10_ef20_30_40_dualq_q20_100/logs/t2i1m_normalized_k10_ef40_q92_stats.yml	/hpc2hdd/home/rmeng603/workspace/MFANNS/simulator/memory/20260326/multidataset_nine_config_fp16_hotrep_cfs/yamls/t2i1m_normalized_mfnns_etopt_hotrep.yaml	based_on=20260329/mfnns_etopt_hotrep_k10_ef_sweep;t2i;warmup=q-1
236	t2i1m	normalized	t2i1m_normalized_k10_ef40_q93	40	93	92	10	/hpc2hdd/home/rmeng603/workspace/MFANNS/simulator/memory/20260329/mfnns_t2i_k10_ef20_30_40_dualq_q20_100/yamls/t2i1m_normalized_k10_ef40_q93.yaml	/hpc2hdd/home/rmeng603/workspace/MFANNS/simulator/memory/20260329/mfnns_t2i_k10_ef20_30_40_dualq_q20_100/logs/t2i1m_normalized_k10_ef40_q93_stats.yml	/hpc2hdd/home/rmeng603/workspace/MFANNS/simulator/memory/20260326/multidataset_nine_config_fp16_hotrep_cfs/yamls/t2i1m_normalized_mfnns_etopt_hotrep.yaml	based_on=20260329/mfnns_etopt_hotrep_k10_ef_sweep;t2i;warmup=q-1
237	t2i1m	normalized	t2i1m_normalized_k10_ef40_q94	40	94	93	10	/hpc2hdd/home/rmeng603/workspace/MFANNS/simulator/memory/20260329/mfnns_t2i_k10_ef20_30_40_dualq_q20_100/yamls/t2i1m_normalized_k10_ef40_q94.yaml	/hpc2hdd/home/rmeng603/workspace/MFANNS/simulator/memory/20260329/mfnns_t2i_k10_ef20_30_40_dualq_q20_100/logs/t2i1m_normalized_k10_ef40_q94_stats.yml	/hpc2hdd/home/rmeng603/workspace/MFANNS/simulator/memory/20260326/multidataset_nine_config_fp16_hotrep_cfs/yamls/t2i1m_normalized_mfnns_etopt_hotrep.yaml	based_on=20260329/mfnns_etopt_hotrep_k10_ef_sweep;t2i;warmup=q-1
238	t2i1m	normalized	t2i1m_normalized_k10_ef40_q95	40	95	94	10	/hpc2hdd/home/rmeng603/workspace/MFANNS/simulator/memory/20260329/mfnns_t2i_k10_ef20_30_40_dualq_q20_100/yamls/t2i1m_normalized_k10_ef40_q95.yaml	/hpc2hdd/home/rmeng603/workspace/MFANNS/simulator/memory/20260329/mfnns_t2i_k10_ef20_30_40_dualq_q20_100/logs/t2i1m_normalized_k10_ef40_q95_stats.yml	/hpc2hdd/home/rmeng603/workspace/MFANNS/simulator/memory/20260326/multidataset_nine_config_fp16_hotrep_cfs/yamls/t2i1m_normalized_mfnns_etopt_hotrep.yaml	based_on=20260329/mfnns_etopt_hotrep_k10_ef_sweep;t2i;warmup=q-1
239	t2i1m	normalized	t2i1m_normalized_k10_ef40_q96	40	96	95	10	/hpc2hdd/home/rmeng603/workspace/MFANNS/simulator/memory/20260329/mfnns_t2i_k10_ef20_30_40_dualq_q20_100/yamls/t2i1m_normalized_k10_ef40_q96.yaml	/hpc2hdd/home/rmeng603/workspace/MFANNS/simulator/memory/20260329/mfnns_t2i_k10_ef20_30_40_dualq_q20_100/logs/t2i1m_normalized_k10_ef40_q96_stats.yml	/hpc2hdd/home/rmeng603/workspace/MFANNS/simulator/memory/20260326/multidataset_nine_config_fp16_hotrep_cfs/yamls/t2i1m_normalized_mfnns_etopt_hotrep.yaml	based_on=20260329/mfnns_etopt_hotrep_k10_ef_sweep;t2i;warmup=q-1
240	t2i1m	normalized	t2i1m_normalized_k10_ef40_q97	40	97	96	10	/hpc2hdd/home/rmeng603/workspace/MFANNS/simulator/memory/20260329/mfnns_t2i_k10_ef20_30_40_dualq_q20_100/yamls/t2i1m_normalized_k10_ef40_q97.yaml	/hpc2hdd/home/rmeng603/workspace/MFANNS/simulator/memory/20260329/mfnns_t2i_k10_ef20_30_40_dualq_q20_100/logs/t2i1m_normalized_k10_ef40_q97_stats.yml	/hpc2hdd/home/rmeng603/workspace/MFANNS/simulator/memory/20260326/multidataset_nine_config_fp16_hotrep_cfs/yamls/t2i1m_normalized_mfnns_etopt_hotrep.yaml	based_on=20260329/mfnns_etopt_hotrep_k10_ef_sweep;t2i;warmup=q-1
241	t2i1m	normalized	t2i1m_normalized_k10_ef40_q98	40	98	97	10	/hpc2hdd/home/rmeng603/workspace/MFANNS/simulator/memory/20260329/mfnns_t2i_k10_ef20_30_40_dualq_q20_100/yamls/t2i1m_normalized_k10_ef40_q98.yaml	/hpc2hdd/home/rmeng603/workspace/MFANNS/simulator/memory/20260329/mfnns_t2i_k10_ef20_30_40_dualq_q20_100/logs/t2i1m_normalized_k10_ef40_q98_stats.yml	/hpc2hdd/home/rmeng603/workspace/MFANNS/simulator/memory/20260326/multidataset_nine_config_fp16_hotrep_cfs/yamls/t2i1m_normalized_mfnns_etopt_hotrep.yaml	based_on=20260329/mfnns_etopt_hotrep_k10_ef_sweep;t2i;warmup=q-1
242	t2i1m	normalized	t2i1m_normalized_k10_ef40_q99	40	99	98	10	/hpc2hdd/home/rmeng603/workspace/MFANNS/simulator/memory/20260329/mfnns_t2i_k10_ef20_30_40_dualq_q20_100/yamls/t2i1m_normalized_k10_ef40_q99.yaml	/hpc2hdd/home/rmeng603/workspace/MFANNS/simulator/memory/20260329/mfnns_t2i_k10_ef20_30_40_dualq_q20_100/logs/t2i1m_normalized_k10_ef40_q99_stats.yml	/hpc2hdd/home/rmeng603/workspace/MFANNS/simulator/memory/20260326/multidataset_nine_config_fp16_hotrep_cfs/yamls/t2i1m_normalized_mfnns_etopt_hotrep.yaml	based_on=20260329/mfnns_etopt_hotrep_k10_ef_sweep;t2i;warmup=q-1
243	t2i1m	normalized	t2i1m_normalized_k10_ef40_q100	40	100	99	10	/hpc2hdd/home/rmeng603/workspace/MFANNS/simulator/memory/20260329/mfnns_t2i_k10_ef20_30_40_dualq_q20_100/yamls/t2i1m_normalized_k10_ef40_q100.yaml	/hpc2hdd/home/rmeng603/workspace/MFANNS/simulator/memory/20260329/mfnns_t2i_k10_ef20_30_40_dualq_q20_100/logs/t2i1m_normalized_k10_ef40_q100_stats.yml	/hpc2hdd/home/rmeng603/workspace/MFANNS/simulator/memory/20260326/multidataset_nine_config_fp16_hotrep_cfs/yamls/t2i1m_normalized_mfnns_etopt_hotrep.yaml	based_on=20260329/mfnns_etopt_hotrep_k10_ef_sweep;t2i;warmup=q-1
