method	case_name	ef_search	queue_size	warmup_size	config_ref	source_yaml_ref	source_yaml_sha256	portable_yaml_sha256	source_stats_ref	source_stats_sha256	slurm_job_id	recall	s_mem_cycle	final_status
mfnns	t2i1m_normalized_k10_ef20_q20	20	20	19	ae/figure21/configs/mfnns/t2i1m_normalized_k10_ef20_q20.yaml	MFANNS/simulator/memory/20260329/mfnns_t2i_k10_ef20_30_40_dualq_q20_100/yamls/t2i1m_normalized_k10_ef20_q20.yaml	7c8a963239f8eb8c1809d2bf7c701a904eae762e669dc2dae80da9721fedbe1a	3e6e929dc3f8b2923be584d619476b5452be7e3ee9591dc545a50b43c53998af	MFANNS/simulator/memory/20260329/mfnns_t2i_k10_ef20_30_40_dualq_q20_100/logs/t2i1m_normalized_k10_ef20_q20_stats.yml	ae647ff19bc02abf40b220706114b76ac026baf6467962b8e0fcb394830bbfd2	9616434	0.75	231297	PASS
mfnns	t2i1m_normalized_k10_ef20_q21	20	21	20	ae/figure21/configs/mfnns/t2i1m_normalized_k10_ef20_q21.yaml	MFANNS/simulator/memory/20260329/mfnns_t2i_k10_ef20_30_40_dualq_q20_100/yamls/t2i1m_normalized_k10_ef20_q21.yaml	0cef27d7b8c5e12cafcee1458351b77f7ba2810aca8c150c28f4883d9b015259	d470446aa56152b25b072e9aeae6a5a17f139eb97856d1e2313b2ea0630e23fa	MFANNS/simulator/memory/20260329/mfnns_t2i_k10_ef20_30_40_dualq_q20_100/logs/t2i1m_normalized_k10_ef20_q21_stats.yml	13947312f64b63e7eb9958a75c34b9381f386d63e9d1376a7e12b4bc1a3d4243	9616435	0.76200000000000001	233697	PASS
mfnns	t2i1m_normalized_k10_ef20_q22	20	22	21	ae/figure21/configs/mfnns/t2i1m_normalized_k10_ef20_q22.yaml	MFANNS/simulator/memory/20260329/mfnns_t2i_k10_ef20_30_40_dualq_q20_100/yamls/t2i1m_normalized_k10_ef20_q22.yaml	74890e7ea5903f31cf2bba3a78f1c40d938683f88d4b8c9956f8e72633975f08	dc08a4a88f4eea1a8e4e2c5e2e8b1cf2335a39beefc7cc47a1c3ad3224aaa1ed	MFANNS/simulator/memory/20260329/mfnns_t2i_k10_ef20_30_40_dualq_q20_100/logs/t2i1m_normalized_k10_ef20_q22_stats.yml	942e1765673b9326e97d0c8687c0591d2879d754dc0e50be1fe97eef67003a11	9616436	0.77400000000000002	240372	PASS
mfnns	t2i1m_normalized_k10_ef20_q23	20	23	22	ae/figure21/configs/mfnns/t2i1m_normalized_k10_ef20_q23.yaml	MFANNS/simulator/memory/20260329/mfnns_t2i_k10_ef20_30_40_dualq_q20_100/yamls/t2i1m_normalized_k10_ef20_q23.yaml	80cf53ed3f9cf4e039a497d8a5a82d1836a479ce5f02c261cd39678e78318505	e12c414ac249d352d0b289fd6d6a79fad5e218fc6980354ee1db627868f0afc0	MFANNS/simulator/memory/20260329/mfnns_t2i_k10_ef20_30_40_dualq_q20_100/logs/t2i1m_normalized_k10_ef20_q23_stats.yml	a9f1a66f34b792ff92664aff9a1bb1e56a883d8bf46db7d4042364c4eecbb3d5	9616437	0.77900000000000003	244272	PASS
mfnns	t2i1m_normalized_k10_ef20_q24	20	24	23	ae/figure21/configs/mfnns/t2i1m_normalized_k10_ef20_q24.yaml	MFANNS/simulator/memory/20260329/mfnns_t2i_k10_ef20_30_40_dualq_q20_100/yamls/t2i1m_normalized_k10_ef20_q24.yaml	0941602277d113636b7f45ee5b587d26c9932673b694468cee6ae5fbda99e0e9	cdc1cb3a87666820dc071ac1dcacadf45bada76a77e14835a85b00a0fb0278e1	MFANNS/simulator/memory/20260329/mfnns_t2i_k10_ef20_30_40_dualq_q20_100/logs/t2i1m_normalized_k10_ef20_q24_stats.yml	e5553c765d6e0f9726bff6146f6c61649eb6d27d4873bef45ea582f5177b54f4	9616438	0.79400000000000004	246522	PASS
mfnns	t2i1m_normalized_k10_ef20_q25	20	25	24	ae/figure21/configs/mfnns/t2i1m_normalized_k10_ef20_q25.yaml	MFANNS/simulator/memory/20260329/mfnns_t2i_k10_ef20_30_40_dualq_q20_100/yamls/t2i1m_normalized_k10_ef20_q25.yaml	44376aa6bc37a1eef1ae3541dd49eb51dce96c3fb3d813d2c5c0fbc4c57149cc	c50ad0547ad78054ba65c83c54d4e2022bbbfc8719c064f7fc37c83a30afc5c4	MFANNS/simulator/memory/20260329/mfnns_t2i_k10_ef20_30_40_dualq_q20_100/logs/t2i1m_normalized_k10_ef20_q25_stats.yml	b91551b9761a1e8fe57babc0d14ade0b8b2303dea900a04f3b3533d1f7f37dce	9616439	0.80800000000000005	251322	PASS
mfnns	t2i1m_normalized_k10_ef20_q26	20	26	25	ae/figure21/configs/mfnns/t2i1m_normalized_k10_ef20_q26.yaml	MFANNS/simulator/memory/20260329/mfnns_t2i_k10_ef20_30_40_dualq_q20_100/yamls/t2i1m_normalized_k10_ef20_q26.yaml	8fe8e483fcefca3e19e3216f5ec41981cdc9e634668043d903eb454bd93b98ee	e293e6eedda3cd67dab026f25b4f7fe6145def5c77951620abd0e4e6891db5c2	MFANNS/simulator/memory/20260329/mfnns_t2i_k10_ef20_30_40_dualq_q20_100/logs/t2i1m_normalized_k10_ef20_q26_stats.yml	2d064d59f8d42647249a7560f8c796cfdaa02042f95918c0545270d3ffb11231	9616440	0.81299999999999994	256272	PASS
mfnns	t2i1m_normalized_k10_ef20_q27	20	27	26	ae/figure21/configs/mfnns/t2i1m_normalized_k10_ef20_q27.yaml	MFANNS/simulator/memory/20260329/mfnns_t2i_k10_ef20_30_40_dualq_q20_100/yamls/t2i1m_normalized_k10_ef20_q27.yaml	8107ca228b6168a560acce2842153d396f833a19c7981333df301390f4a6262f	f179631f0186f4461d74e904d3ff32b88bd760ffbd8087ead7145660359ffe01	MFANNS/simulator/memory/20260329/mfnns_t2i_k10_ef20_30_40_dualq_q20_100/logs/t2i1m_normalized_k10_ef20_q27_stats.yml	1fd90a85fc459c10dff285e519beb79b90b7c640c430ba17d5fd4e6e8b2bafb2	9616441	0.81799999999999995	257847	PASS
mfnns	t2i1m_normalized_k10_ef20_q28	20	28	27	ae/figure21/configs/mfnns/t2i1m_normalized_k10_ef20_q28.yaml	MFANNS/simulator/memory/20260329/mfnns_t2i_k10_ef20_30_40_dualq_q20_100/yamls/t2i1m_normalized_k10_ef20_q28.yaml	63c846aada8ef15930124765c13f5a03e756adbb39857b55088e681882fd2f6e	acc0b40fa52fe50996e52d32c806017191f4536a0120f83b44c2aa3ccdedf96f	MFANNS/simulator/memory/20260329/mfnns_t2i_k10_ef20_30_40_dualq_q20_100/logs/t2i1m_normalized_k10_ef20_q28_stats.yml	9fac90f9b44ec5074a1b32d55e9124a07fd2dc458e42b790b742bd0ae1a52d23	9616442	0.82699999999999996	264522	PASS
mfnns	t2i1m_normalized_k10_ef20_q29	20	29	28	ae/figure21/configs/mfnns/t2i1m_normalized_k10_ef20_q29.yaml	MFANNS/simulator/memory/20260329/mfnns_t2i_k10_ef20_30_40_dualq_q20_100/yamls/t2i1m_normalized_k10_ef20_q29.yaml	5f0c79195928d7a9752ccc999ba5add4aa73ea686541492d66fa1872bdadb966	fc723ac6091580825f927d70e02d4515b5956502da62bb23ced9a78e779b81ea	MFANNS/simulator/memory/20260329/mfnns_t2i_k10_ef20_30_40_dualq_q20_100/logs/t2i1m_normalized_k10_ef20_q29_stats.yml	3a14e8d803475b443cd33ea048193efbb7730626c6848162e40255283c9152ec	9616443	0.82799999999999996	266997	PASS
mfnns	t2i1m_normalized_k10_ef20_q30	20	30	29	ae/figure21/configs/mfnns/t2i1m_normalized_k10_ef20_q30.yaml	MFANNS/simulator/memory/20260329/mfnns_t2i_k10_ef20_30_40_dualq_q20_100/yamls/t2i1m_normalized_k10_ef20_q30.yaml	9a98287062b96ca83faa63f8491e69b68ac621cc23fa73890949bd42514db5bf	cea0d686c3fde8cd8e1d6ebec59cb9896de6a58713f1de7e3123a9446f512ba2	MFANNS/simulator/memory/20260329/mfnns_t2i_k10_ef20_30_40_dualq_q20_100/logs/t2i1m_normalized_k10_ef20_q30_stats.yml	72954b8be4bb31395e589b85666b14fbd1172f7a84970e39e8d862a6058bfe5a	9616444	0.82999999999999996	267297	PASS
mfnns	t2i1m_normalized_k10_ef20_q31	20	31	30	ae/figure21/configs/mfnns/t2i1m_normalized_k10_ef20_q31.yaml	MFANNS/simulator/memory/20260329/mfnns_t2i_k10_ef20_30_40_dualq_q20_100/yamls/t2i1m_normalized_k10_ef20_q31.yaml	921e7895437d912d368cd6187b035c1743abc327c96f4e9695ebdf370df6edf6	71c9c71613e3710da6222aebc22a5abfc2dd29c354d9badab462716d5bf98ba9	MFANNS/simulator/memory/20260329/mfnns_t2i_k10_ef20_30_40_dualq_q20_100/logs/t2i1m_normalized_k10_ef20_q31_stats.yml	7cb02dbc696e24d92de852b6c00154fc47f5b4d565d104516e70db44474b7e93	9616445	0.83599999999999997	275022	PASS
mfnns	t2i1m_normalized_k10_ef20_q32	20	32	31	ae/figure21/configs/mfnns/t2i1m_normalized_k10_ef20_q32.yaml	MFANNS/simulator/memory/20260329/mfnns_t2i_k10_ef20_30_40_dualq_q20_100/yamls/t2i1m_normalized_k10_ef20_q32.yaml	bf2ba501b8cb69d8d12e916d292f4f564568402b6f20849f20b583127b4f7666	42ed6563a15247352f3107d38d27f868425d8cdfe02c75a2e2b9192f888d703b	MFANNS/simulator/memory/20260329/mfnns_t2i_k10_ef20_30_40_dualq_q20_100/logs/t2i1m_normalized_k10_ef20_q32_stats.yml	f0a130487358455667096564425ba83780a9055b9acb9f5acee49d45898731dc	9616446	0.83999999999999997	273372	PASS
mfnns	t2i1m_normalized_k10_ef20_q33	20	33	32	ae/figure21/configs/mfnns/t2i1m_normalized_k10_ef20_q33.yaml	MFANNS/simulator/memory/20260329/mfnns_t2i_k10_ef20_30_40_dualq_q20_100/yamls/t2i1m_normalized_k10_ef20_q33.yaml	04d2bafac52f2d4f46809a09b38d5e99e95c5b47b44d959314fd4e4f80d09c52	bf3329cc37f8cec081762f44c04fb6214e616cfc50864e9cf725ad89b6ebeac5	MFANNS/simulator/memory/20260329/mfnns_t2i_k10_ef20_30_40_dualq_q20_100/logs/t2i1m_normalized_k10_ef20_q33_stats.yml	07f6f862cf0c2ecd375b513b55c1d69825052c04e45fd21113ca9d81ad7291c7	9616447	0.84499999999999997	279972	PASS
mfnns	t2i1m_normalized_k10_ef20_q34	20	34	33	ae/figure21/configs/mfnns/t2i1m_normalized_k10_ef20_q34.yaml	MFANNS/simulator/memory/20260329/mfnns_t2i_k10_ef20_30_40_dualq_q20_100/yamls/t2i1m_normalized_k10_ef20_q34.yaml	d85e02852f12ad8f7c38305cb266e49397d3140d2e0553d0c1caaeaf83e7b9b0	6bf586fbd75917d129fc908cc379a436c41176ed92a32ecacc8b2dde64bb941d	MFANNS/simulator/memory/20260329/mfnns_t2i_k10_ef20_30_40_dualq_q20_100/logs/t2i1m_normalized_k10_ef20_q34_stats.yml	84439dd097412de9afe760d9dbc1a837ab1e8f72089d7acc1b9c83a7d5902c88	9616448	0.84799999999999998	279222	PASS
mfnns	t2i1m_normalized_k10_ef20_q35	20	35	34	ae/figure21/configs/mfnns/t2i1m_normalized_k10_ef20_q35.yaml	MFANNS/simulator/memory/20260329/mfnns_t2i_k10_ef20_30_40_dualq_q20_100/yamls/t2i1m_normalized_k10_ef20_q35.yaml	bf8363e494a5433e4edb967c52ab8afd5ec6c96d524ed5266dbb3abd333cfa48	f37a0d9fb41d4145a0b609d04861e378e348fdfe0e862b17ce677637ecb5a96c	MFANNS/simulator/memory/20260329/mfnns_t2i_k10_ef20_30_40_dualq_q20_100/logs/t2i1m_normalized_k10_ef20_q35_stats.yml	9d5fd33b242751f81af8c93ffd9982d79c8e8a016fc06c152045efcb8ce2ac1d	9616449	0.85099999999999998	279897	PASS
mfnns	t2i1m_normalized_k10_ef20_q36	20	36	35	ae/figure21/configs/mfnns/t2i1m_normalized_k10_ef20_q36.yaml	MFANNS/simulator/memory/20260329/mfnns_t2i_k10_ef20_30_40_dualq_q20_100/yamls/t2i1m_normalized_k10_ef20_q36.yaml	bd8ca5fac589b964f41eb8d78a0251dd24c7024a0baf833f57e0f7e8aae0d5ea	88d78d009fbcdc427ab664d0f62e0c8b25bb9ae63059c61d7147055e316d2972	MFANNS/simulator/memory/20260329/mfnns_t2i_k10_ef20_30_40_dualq_q20_100/logs/t2i1m_normalized_k10_ef20_q36_stats.yml	5704642a4c98b5c33dfdfe7b03d7dda9a2bc1ba4d949960e86a39de92f51d929	9616450	0.85099999999999998	279972	PASS
mfnns	t2i1m_normalized_k10_ef20_q37	20	37	36	ae/figure21/configs/mfnns/t2i1m_normalized_k10_ef20_q37.yaml	MFANNS/simulator/memory/20260329/mfnns_t2i_k10_ef20_30_40_dualq_q20_100/yamls/t2i1m_normalized_k10_ef20_q37.yaml	af8ee57290a2da081fbd1f22142c46598bee0dbdceddce244663535fb87a11de	42f36a19d756f45eb62a314fb05d74dc0b51fbc4b0d40f5a5a5b9817fa905cb8	MFANNS/simulator/memory/20260329/mfnns_t2i_k10_ef20_30_40_dualq_q20_100/logs/t2i1m_normalized_k10_ef20_q37_stats.yml	c9dd6030e49eb5effb733209022481d646620b201b728e496ae8f2548c0c3f20	9616451	0.85399999999999998	283572	PASS
mfnns	t2i1m_normalized_k10_ef20_q38	20	38	37	ae/figure21/configs/mfnns/t2i1m_normalized_k10_ef20_q38.yaml	MFANNS/simulator/memory/20260329/mfnns_t2i_k10_ef20_30_40_dualq_q20_100/yamls/t2i1m_normalized_k10_ef20_q38.yaml	2336754967718f484ce4857a0514a57d7935ca6037248354972e791bf3b3f981	cfa35297e3482a88b75b846d5574a9df94300f2a65a219d4b50058401b9f63fd	MFANNS/simulator/memory/20260329/mfnns_t2i_k10_ef20_30_40_dualq_q20_100/logs/t2i1m_normalized_k10_ef20_q38_stats.yml	b27355c9a5ac2c42c7fd2d7edab549683dd623cadca5612b3fd3e2e87b3fa3b7	9616452	0.85899999999999999	286122	PASS
mfnns	t2i1m_normalized_k10_ef20_q39	20	39	38	ae/figure21/configs/mfnns/t2i1m_normalized_k10_ef20_q39.yaml	MFANNS/simulator/memory/20260329/mfnns_t2i_k10_ef20_30_40_dualq_q20_100/yamls/t2i1m_normalized_k10_ef20_q39.yaml	3384faa8d89acc7e97eeb4aead7e43483ef8d337fe05adbbdf3543fb26796e6a	68306a27f54209a66fda3676a2dac9e6a7cb2babe492fe585b4beebce18461af	MFANNS/simulator/memory/20260329/mfnns_t2i_k10_ef20_30_40_dualq_q20_100/logs/t2i1m_normalized_k10_ef20_q39_stats.yml	df32998f5e6b3f492656558e5afd0d0b42c8fd9b9f54f8279c7b6e139e53ffa9	9616453	0.86099999999999999	286497	PASS
mfnns	t2i1m_normalized_k10_ef20_q40	20	40	39	ae/figure21/configs/mfnns/t2i1m_normalized_k10_ef20_q40.yaml	MFANNS/simulator/memory/20260329/mfnns_t2i_k10_ef20_30_40_dualq_q20_100/yamls/t2i1m_normalized_k10_ef20_q40.yaml	61c5eb14373da0465d001463fc363ecad4abc02add7d9afd13c0db9e9b059781	c2b78ac4cfd9def249d55505a940c7af4d33f0b7df7dd52505741d3e47c3e040	MFANNS/simulator/memory/20260329/mfnns_t2i_k10_ef20_30_40_dualq_q20_100/logs/t2i1m_normalized_k10_ef20_q40_stats.yml	9785293430e62ea91612c6e3206d3a8055078e25102215b889aa47bbdf9cdc88	9616454	0.86099999999999999	292872	PASS
mfnns	t2i1m_normalized_k10_ef20_q41	20	41	40	ae/figure21/configs/mfnns/t2i1m_normalized_k10_ef20_q41.yaml	MFANNS/simulator/memory/20260329/mfnns_t2i_k10_ef20_30_40_dualq_q20_100/yamls/t2i1m_normalized_k10_ef20_q41.yaml	f5b49b8350b7443eec60b27263ef77e22fdd55c69446692bd6b4cbc4e82cd228	94af7d58066c456103478c847f8611b829aad2624ee479a7a9d36b62058e0a9b	MFANNS/simulator/memory/20260329/mfnns_t2i_k10_ef20_30_40_dualq_q20_100/logs/t2i1m_normalized_k10_ef20_q41_stats.yml	f6d4a5e7f3299c3a8de0b6fc52d0fe6bfd055ff017dcd68f8587670a14d5541e	9616455	0.86399999999999999	292722	PASS
mfnns	t2i1m_normalized_k10_ef20_q42	20	42	41	ae/figure21/configs/mfnns/t2i1m_normalized_k10_ef20_q42.yaml	MFANNS/simulator/memory/20260329/mfnns_t2i_k10_ef20_30_40_dualq_q20_100/yamls/t2i1m_normalized_k10_ef20_q42.yaml	69fc668aa55e0423f30f3e2ee7ccbb22490a6ece4c5e549ff223cf3f44e0aa9a	4d1e30ad193b6b8300584681c46b950c33679fce75eef2fbe1a7df20a6fe2fc8	MFANNS/simulator/memory/20260329/mfnns_t2i_k10_ef20_30_40_dualq_q20_100/logs/t2i1m_normalized_k10_ef20_q42_stats.yml	dae0b78fbb284d47c9ddd9b40369a0f6e421dd6bb17278638fcf61a35bf773f0	9616456	0.86599999999999999	294972	PASS
mfnns	t2i1m_normalized_k10_ef20_q43	20	43	42	ae/figure21/configs/mfnns/t2i1m_normalized_k10_ef20_q43.yaml	MFANNS/simulator/memory/20260329/mfnns_t2i_k10_ef20_30_40_dualq_q20_100/yamls/t2i1m_normalized_k10_ef20_q43.yaml	64e8455d08842eb0c4129765b5b39b787b49f586900b2962e477ac18bc2f0abd	3d39b97efd96f3582403564762eb2720e2cddd08ee013a5c9626e8dba9570584	MFANNS/simulator/memory/20260329/mfnns_t2i_k10_ef20_30_40_dualq_q20_100/logs/t2i1m_normalized_k10_ef20_q43_stats.yml	98fab1054d470230cee22ef12acde936e719ee1479782593f99326aa35fe53e5	9616457	0.86699999999999999	295722	PASS
mfnns	t2i1m_normalized_k10_ef20_q44	20	44	43	ae/figure21/configs/mfnns/t2i1m_normalized_k10_ef20_q44.yaml	MFANNS/simulator/memory/20260329/mfnns_t2i_k10_ef20_30_40_dualq_q20_100/yamls/t2i1m_normalized_k10_ef20_q44.yaml	22e3d3e1124691bb50664f7a0cbb7544052a32bbdf4a5dd5aac4cf05a2d27b2d	3372f27593a54ed27c358d2022ed27b3b1f3137887ac42a06ed2f46881c697f9	MFANNS/simulator/memory/20260329/mfnns_t2i_k10_ef20_30_40_dualq_q20_100/logs/t2i1m_normalized_k10_ef20_q44_stats.yml	ce6e180b109a7c3fbf8f9250a0f06a980f70c2d0b67c4743e9e3ded4fd6673b9	9616458	0.86799999999999999	296772	PASS
mfnns	t2i1m_normalized_k10_ef20_q45	20	45	44	ae/figure21/configs/mfnns/t2i1m_normalized_k10_ef20_q45.yaml	MFANNS/simulator/memory/20260329/mfnns_t2i_k10_ef20_30_40_dualq_q20_100/yamls/t2i1m_normalized_k10_ef20_q45.yaml	ba7652917d9cc94cb0fac588662b08de8e425fa4a63b8628fe96013342aeb08d	0f411c3e86b9c3f4dcb2f57e1568dca8fa8e66fd7e0f3b04379d8271d868338d	MFANNS/simulator/memory/20260329/mfnns_t2i_k10_ef20_30_40_dualq_q20_100/logs/t2i1m_normalized_k10_ef20_q45_stats.yml	acafb7db21fdd1f316a8178b0f81348a50c107fe7ea38aa41804a3564f647a7f	9616459	0.86799999999999999	300447	PASS
mfnns	t2i1m_normalized_k10_ef20_q46	20	46	45	ae/figure21/configs/mfnns/t2i1m_normalized_k10_ef20_q46.yaml	MFANNS/simulator/memory/20260329/mfnns_t2i_k10_ef20_30_40_dualq_q20_100/yamls/t2i1m_normalized_k10_ef20_q46.yaml	e60a59801d8c510f17c4ebc23789809a43f6ff607e098497feaca19b4be796e5	0c0b5111ba173d4450d18d3ae7a2db4fae3f0ef4db16f6f2e0f493e45f42ad8e	MFANNS/simulator/memory/20260329/mfnns_t2i_k10_ef20_30_40_dualq_q20_100/logs/t2i1m_normalized_k10_ef20_q46_stats.yml	317f3fffee620560df709a7d3f9f4c60bb6182e7bb9308b756f137ce6d0e75c7	9616460	0.871	302847	PASS
mfnns	t2i1m_normalized_k10_ef20_q47	20	47	46	ae/figure21/configs/mfnns/t2i1m_normalized_k10_ef20_q47.yaml	MFANNS/simulator/memory/20260329/mfnns_t2i_k10_ef20_30_40_dualq_q20_100/yamls/t2i1m_normalized_k10_ef20_q47.yaml	38c31fd5c429fc8d70f4574051ab61f5addfa12806d23331e4117bb72a1e5e3b	d651d4d0dbd924198e2b5153d8f852244c836c1d96b64e15b98d881a2c54a696	MFANNS/simulator/memory/20260329/mfnns_t2i_k10_ef20_30_40_dualq_q20_100/logs/t2i1m_normalized_k10_ef20_q47_stats.yml	75e623ccc59c23ce2897721124a5b0102abafbf3c5a4526c96a96c33c90535a3	9616461	0.871	302097	PASS
mfnns	t2i1m_normalized_k10_ef20_q48	20	48	47	ae/figure21/configs/mfnns/t2i1m_normalized_k10_ef20_q48.yaml	MFANNS/simulator/memory/20260329/mfnns_t2i_k10_ef20_30_40_dualq_q20_100/yamls/t2i1m_normalized_k10_ef20_q48.yaml	5e74cbca5331a2d7fc8926b385c2880b0a727afa7addd57830125437956f9efe	b20f2a73350649f867eed4b7370dbe13a09cf1d15150d9217bc342dfcb9cf22a	MFANNS/simulator/memory/20260329/mfnns_t2i_k10_ef20_30_40_dualq_q20_100/logs/t2i1m_normalized_k10_ef20_q48_stats.yml	87a81c5a6ac419459334ee3881d479b98a60dd69e8fe2c884f1b289366d37c64	9616462	0.871	307647	PASS
mfnns	t2i1m_normalized_k10_ef20_q49	20	49	48	ae/figure21/configs/mfnns/t2i1m_normalized_k10_ef20_q49.yaml	MFANNS/simulator/memory/20260329/mfnns_t2i_k10_ef20_30_40_dualq_q20_100/yamls/t2i1m_normalized_k10_ef20_q49.yaml	da530bd23fa7faffac5a36624fa803b015708b5be784392b9f2d024d6f4e96e0	1ecd72724e1f3a3bf44ecf808f008bcb289778e7f598a2a64f4b48f4d42ef5fb	MFANNS/simulator/memory/20260329/mfnns_t2i_k10_ef20_30_40_dualq_q20_100/logs/t2i1m_normalized_k10_ef20_q49_stats.yml	621e8af5bfd814e5f54b7fc00da712c064a3005fe29822d68d2f411c3ddd10d1	9616463	0.874	308322	PASS
mfnns	t2i1m_normalized_k10_ef20_q50	20	50	49	ae/figure21/configs/mfnns/t2i1m_normalized_k10_ef20_q50.yaml	MFANNS/simulator/memory/20260329/mfnns_t2i_k10_ef20_30_40_dualq_q20_100/yamls/t2i1m_normalized_k10_ef20_q50.yaml	5ffbbb1aba4df7714748d44c70bc9d5dfaae1432baf880fa9ce654ad51622ac4	2c50f32113e2b0a2030dd70e8b80904e1d8094c747bdd598bfb65e1e4c76e8ca	MFANNS/simulator/memory/20260329/mfnns_t2i_k10_ef20_30_40_dualq_q20_100/logs/t2i1m_normalized_k10_ef20_q50_stats.yml	b9851791eb99a1931240774a38c371c1f49e45dcf97157839ce80c72b8416fde	9616464	0.874	305022	PASS
mfnns	t2i1m_normalized_k10_ef20_q51	20	51	50	ae/figure21/configs/mfnns/t2i1m_normalized_k10_ef20_q51.yaml	MFANNS/simulator/memory/20260329/mfnns_t2i_k10_ef20_30_40_dualq_q20_100/yamls/t2i1m_normalized_k10_ef20_q51.yaml	62f2158b4f3d904af2a677b37d255a572fe5821879107a474670fb477cc9002c	2aa87a836f4159349c245bdcc5e80316ebf8a0f87ea84498481dd5117de36c2b	MFANNS/simulator/memory/20260329/mfnns_t2i_k10_ef20_30_40_dualq_q20_100/logs/t2i1m_normalized_k10_ef20_q51_stats.yml	865c06ce051369c1bb16bef1890640fb28f09c158778a3d6f9bec5f036a4f87e	9616465	0.874	307497	PASS
mfnns	t2i1m_normalized_k10_ef20_q52	20	52	51	ae/figure21/configs/mfnns/t2i1m_normalized_k10_ef20_q52.yaml	MFANNS/simulator/memory/20260329/mfnns_t2i_k10_ef20_30_40_dualq_q20_100/yamls/t2i1m_normalized_k10_ef20_q52.yaml	68ffde3695711fd26843beed3df1c05b8168969cc2c8998025e0899046e9ea78	8c1559de2bd841e6a40dca4d85986798b8a6a8ffeaad90d609cd7c95d62d4232	MFANNS/simulator/memory/20260329/mfnns_t2i_k10_ef20_30_40_dualq_q20_100/logs/t2i1m_normalized_k10_ef20_q52_stats.yml	74df335ef58ee4eb1a9a9ed4ceba33a76d0a3137d2ca5fe6e2f98822169c2a6b	9616466	0.874	310797	PASS
mfnns	t2i1m_normalized_k10_ef20_q53	20	53	52	ae/figure21/configs/mfnns/t2i1m_normalized_k10_ef20_q53.yaml	MFANNS/simulator/memory/20260329/mfnns_t2i_k10_ef20_30_40_dualq_q20_100/yamls/t2i1m_normalized_k10_ef20_q53.yaml	af231aa0e0ecd50b4d5f1dfc7b26508ffe37640542b1c9f4fdc9bbdc10558035	e74c741fff52b2e442faf8df494c665c9d31f035cb8fa97ec650198f66b13a96	MFANNS/simulator/memory/20260329/mfnns_t2i_k10_ef20_30_40_dualq_q20_100/logs/t2i1m_normalized_k10_ef20_q53_stats.yml	914b49cd4e948a12feb4a833de8b68bd22c2945e8dd5290c235544eecd32d566	9616467	0.874	313722	PASS
mfnns	t2i1m_normalized_k10_ef20_q54	20	54	53	ae/figure21/configs/mfnns/t2i1m_normalized_k10_ef20_q54.yaml	MFANNS/simulator/memory/20260329/mfnns_t2i_k10_ef20_30_40_dualq_q20_100/yamls/t2i1m_normalized_k10_ef20_q54.yaml	61ee5eedcdb76dc9a26e20a62d567a7a9ed8098e6f5bc052779ad7d6901af6ab	109f5f7cee2325e6552ea81e6fc0c7cc70f37ace34e33bfa122c28c08d3f1ac4	MFANNS/simulator/memory/20260329/mfnns_t2i_k10_ef20_30_40_dualq_q20_100/logs/t2i1m_normalized_k10_ef20_q54_stats.yml	c90f7102eff32a5a8b6ea2cf1ed3ffdcb8b48aee1eb065e146913a24f493990d	9616468	0.874	316947	PASS
mfnns	t2i1m_normalized_k10_ef20_q55	20	55	54	ae/figure21/configs/mfnns/t2i1m_normalized_k10_ef20_q55.yaml	MFANNS/simulator/memory/20260329/mfnns_t2i_k10_ef20_30_40_dualq_q20_100/yamls/t2i1m_normalized_k10_ef20_q55.yaml	d6e89fca4c8f90d0f6c7bdf60039b5eb8d1051f6a1891309801024d9bd79ed4a	63d3e500269075e9a1d1245ecf3fd6c8beff7a877411e9a6588e8c59b0e48d72	MFANNS/simulator/memory/20260329/mfnns_t2i_k10_ef20_30_40_dualq_q20_100/logs/t2i1m_normalized_k10_ef20_q55_stats.yml	fa1dc3e410fb4020f4bef1603c2b5ae7f52a4d930c5fcbee93b64039da1af452	9616469	0.875	314547	PASS
mfnns	t2i1m_normalized_k10_ef20_q56	20	56	55	ae/figure21/configs/mfnns/t2i1m_normalized_k10_ef20_q56.yaml	MFANNS/simulator/memory/20260329/mfnns_t2i_k10_ef20_30_40_dualq_q20_100/yamls/t2i1m_normalized_k10_ef20_q56.yaml	37d97163bcdcaf2db375698ff0747cdc2fdeb7d93e5a16b50e6e191416cccc7f	c3e94a707099c00da1ef52d5807dda38d46b6a2a7f371c46ac18ce0e9a86dc1a	MFANNS/simulator/memory/20260329/mfnns_t2i_k10_ef20_30_40_dualq_q20_100/logs/t2i1m_normalized_k10_ef20_q56_stats.yml	0876c56b5b982c2a8d883efc9a22eedf3693b9bcb792d39f43585775fa6bf354	9616470	0.876	316197	PASS
mfnns	t2i1m_normalized_k10_ef20_q57	20	57	56	ae/figure21/configs/mfnns/t2i1m_normalized_k10_ef20_q57.yaml	MFANNS/simulator/memory/20260329/mfnns_t2i_k10_ef20_30_40_dualq_q20_100/yamls/t2i1m_normalized_k10_ef20_q57.yaml	80dc6a1ebf2785e316f84845416367fe7b3097ca0cc8003c2d9b1ca6ac35f497	d074a8a0da108d9167bd005f0af459a48cac8978549d8b243e388d583dcefb52	MFANNS/simulator/memory/20260329/mfnns_t2i_k10_ef20_30_40_dualq_q20_100/logs/t2i1m_normalized_k10_ef20_q57_stats.yml	e5587d9499bb21316b901901fa76adc4d092c70ae3daf90a8c9624d40cdc10fa	9616471	0.876	318222	PASS
mfnns	t2i1m_normalized_k10_ef20_q58	20	58	57	ae/figure21/configs/mfnns/t2i1m_normalized_k10_ef20_q58.yaml	MFANNS/simulator/memory/20260329/mfnns_t2i_k10_ef20_30_40_dualq_q20_100/yamls/t2i1m_normalized_k10_ef20_q58.yaml	74c06255081d3ff55dcddae641821793be7fed0dd0b59135efb0d0c9950d55bc	4f79fc3253efff4a17c15b06f3feba996a120e11aad607eaeaf7db2fc0d27bc5	MFANNS/simulator/memory/20260329/mfnns_t2i_k10_ef20_30_40_dualq_q20_100/logs/t2i1m_normalized_k10_ef20_q58_stats.yml	1efb63ee3b83051e1fd47b6777824bf7286ddc55136d111bbc7565d59a42a678	9616472	0.876	321372	PASS
mfnns	t2i1m_normalized_k10_ef20_q59	20	59	58	ae/figure21/configs/mfnns/t2i1m_normalized_k10_ef20_q59.yaml	MFANNS/simulator/memory/20260329/mfnns_t2i_k10_ef20_30_40_dualq_q20_100/yamls/t2i1m_normalized_k10_ef20_q59.yaml	1be77a07fa7096c4c0cfbde32ade31c8070d1a658dc738a7d7721dab150d3e07	de1824aeeddb5e7192672fe57300b1b26505e6893a4ea90caf77b74714634b46	MFANNS/simulator/memory/20260329/mfnns_t2i_k10_ef20_30_40_dualq_q20_100/logs/t2i1m_normalized_k10_ef20_q59_stats.yml	cc22bf8900d99cf89b063114ee3cb5126a3fc050321310955a25ed9cbe2aa09b	9616473	0.877	321447	PASS
mfnns	t2i1m_normalized_k10_ef20_q60	20	60	59	ae/figure21/configs/mfnns/t2i1m_normalized_k10_ef20_q60.yaml	MFANNS/simulator/memory/20260329/mfnns_t2i_k10_ef20_30_40_dualq_q20_100/yamls/t2i1m_normalized_k10_ef20_q60.yaml	21d27a14db7a66bed10ae209a8adfbfc947b87271835227dc1993ea7ea913097	544ec53016848c268e614ff075161f8194af76d979b6c42378c7840a84b56699	MFANNS/simulator/memory/20260329/mfnns_t2i_k10_ef20_30_40_dualq_q20_100/logs/t2i1m_normalized_k10_ef20_q60_stats.yml	edf3a797e18ec8a70d8d97082ddc4df14e3b6e7946903e591df10f62eb7c1c04	9616474	0.877	320022	PASS
mfnns	t2i1m_normalized_k10_ef20_q61	20	61	60	ae/figure21/configs/mfnns/t2i1m_normalized_k10_ef20_q61.yaml	MFANNS/simulator/memory/20260329/mfnns_t2i_k10_ef20_30_40_dualq_q20_100/yamls/t2i1m_normalized_k10_ef20_q61.yaml	92883384c321f8bf1a94f725ae4319d38ecd8b7a7a4960a7f3e63cc46e455562	d440dd72ace03f09ef98b4462138dd01c7c06c2a59855c39c36a2bf92d42e23b	MFANNS/simulator/memory/20260329/mfnns_t2i_k10_ef20_30_40_dualq_q20_100/logs/t2i1m_normalized_k10_ef20_q61_stats.yml	120f3a97f595e92c41d5ca09561010279f91326d04c70da401fcca8fcef6e189	9616475	0.878	320922	PASS
mfnns	t2i1m_normalized_k10_ef20_q62	20	62	61	ae/figure21/configs/mfnns/t2i1m_normalized_k10_ef20_q62.yaml	MFANNS/simulator/memory/20260329/mfnns_t2i_k10_ef20_30_40_dualq_q20_100/yamls/t2i1m_normalized_k10_ef20_q62.yaml	69353a8a294b30e5d5110f0a524f40cc7bff48ee1e7cb16968e0daec8212f598	46a54b6411b416d0d9856af35ed1365633618848c1fe9b64d95e9b8a359fcb73	MFANNS/simulator/memory/20260329/mfnns_t2i_k10_ef20_30_40_dualq_q20_100/logs/t2i1m_normalized_k10_ef20_q62_stats.yml	34607325323a87a4eaaa4daf27e19dd8b7aea6d2981fc183e6f378ad4c2c8abe	9616476	0.878	324222	PASS
mfnns	t2i1m_normalized_k10_ef20_q63	20	63	62	ae/figure21/configs/mfnns/t2i1m_normalized_k10_ef20_q63.yaml	MFANNS/simulator/memory/20260329/mfnns_t2i_k10_ef20_30_40_dualq_q20_100/yamls/t2i1m_normalized_k10_ef20_q63.yaml	7895c93d8c705eac14d4d77357d4bb995de063bb04e86362d04093b1b71d9a34	0e3418ebed64967ca639d5810198c14763a288d1e87ecddde4e406ec45bb0649	MFANNS/simulator/memory/20260329/mfnns_t2i_k10_ef20_30_40_dualq_q20_100/logs/t2i1m_normalized_k10_ef20_q63_stats.yml	52d3ac6ce8af5c2cdb6349cb33c4733a9ab73d2cdbb4310653a6c079d2d39132	9616477	0.879	324072	PASS
mfnns	t2i1m_normalized_k10_ef20_q64	20	64	63	ae/figure21/configs/mfnns/t2i1m_normalized_k10_ef20_q64.yaml	MFANNS/simulator/memory/20260329/mfnns_t2i_k10_ef20_30_40_dualq_q20_100/yamls/t2i1m_normalized_k10_ef20_q64.yaml	ef3bed25879ec3612a3a3997f3eb2696a3a0976c817f683b240d973fedc4d7f7	304a76f19f791af61291765fd2c33c8797950f6680b492e1ef6ed2bf8d7a4895	MFANNS/simulator/memory/20260329/mfnns_t2i_k10_ef20_30_40_dualq_q20_100/logs/t2i1m_normalized_k10_ef20_q64_stats.yml	37aa695f9a5f563cc5f93c52952f658b46c9937c5dfbbef9976b5800896d682f	9616478	0.88	323772	PASS
mfnns	t2i1m_normalized_k10_ef20_q65	20	65	64	ae/figure21/configs/mfnns/t2i1m_normalized_k10_ef20_q65.yaml	MFANNS/simulator/memory/20260329/mfnns_t2i_k10_ef20_30_40_dualq_q20_100/yamls/t2i1m_normalized_k10_ef20_q65.yaml	5e23d822a884ee79c30d3557bb37c74c51902a161a4f1148b495e5c082fbe6c3	5d4ae8da3a604ac8aa5df01e5bf6746892d786867899213fcd7a930463149625	MFANNS/simulator/memory/20260329/mfnns_t2i_k10_ef20_30_40_dualq_q20_100/logs/t2i1m_normalized_k10_ef20_q65_stats.yml	d0ada713705cced41f1d3de5daef95a80cb5fcbb11e8ae5426d2a7029fcd1f33	9616479	0.88	329772	PASS
mfnns	t2i1m_normalized_k10_ef20_q66	20	66	65	ae/figure21/configs/mfnns/t2i1m_normalized_k10_ef20_q66.yaml	MFANNS/simulator/memory/20260329/mfnns_t2i_k10_ef20_30_40_dualq_q20_100/yamls/t2i1m_normalized_k10_ef20_q66.yaml	741f2082a0dd49573ececd7e8f839d2e437be7ab8e6c1e4ecd77666596fab338	df9cde6ec492f9381d681a1916a2745e2c9aa6a693762b2364a4f5fe207998b3	MFANNS/simulator/memory/20260329/mfnns_t2i_k10_ef20_30_40_dualq_q20_100/logs/t2i1m_normalized_k10_ef20_q66_stats.yml	e6cbe236aa53bede12c0ee3e6dbbfdd6d786c7baf3c1e1bfd5d60988feecdfd6	9616480	0.88	329472	PASS
mfnns	t2i1m_normalized_k10_ef20_q67	20	67	66	ae/figure21/configs/mfnns/t2i1m_normalized_k10_ef20_q67.yaml	MFANNS/simulator/memory/20260329/mfnns_t2i_k10_ef20_30_40_dualq_q20_100/yamls/t2i1m_normalized_k10_ef20_q67.yaml	a30e44d16c8463cef62963e009eb92c8fb3270460c7519f4fc559c108695dd41	132baa6db1b2e5388ea18f21ce56a77d98340d7da268f25c57bd7bcf60981357	MFANNS/simulator/memory/20260329/mfnns_t2i_k10_ef20_30_40_dualq_q20_100/logs/t2i1m_normalized_k10_ef20_q67_stats.yml	90e05a7c7faab1908f2d71fb03be9117887c83a3b9fa83bf6310a4eff106d518	9616481	0.88	334422	PASS
mfnns	t2i1m_normalized_k10_ef20_q68	20	68	67	ae/figure21/configs/mfnns/t2i1m_normalized_k10_ef20_q68.yaml	MFANNS/simulator/memory/20260329/mfnns_t2i_k10_ef20_30_40_dualq_q20_100/yamls/t2i1m_normalized_k10_ef20_q68.yaml	c82f1f1d8f619c02473049ddf9302ad768295b345004d5d05cc8808c66bda448	6974d9b5e94c9342bf5c9628da4f59d24641f44c84ed75958369b16e4a743a89	MFANNS/simulator/memory/20260329/mfnns_t2i_k10_ef20_30_40_dualq_q20_100/logs/t2i1m_normalized_k10_ef20_q68_stats.yml	c16f663173504db1489de5e51285ca01aa7d7fd8f401e321f5fe399a63ba8cf0	9616482	0.88	335172	PASS
mfnns	t2i1m_normalized_k10_ef20_q69	20	69	68	ae/figure21/configs/mfnns/t2i1m_normalized_k10_ef20_q69.yaml	MFANNS/simulator/memory/20260329/mfnns_t2i_k10_ef20_30_40_dualq_q20_100/yamls/t2i1m_normalized_k10_ef20_q69.yaml	f8d9e64ae4740543a5b83d61a8b93c16e1329371bf6050bc61c1f4461efac986	b946bd9ee2d645a87aea8a7cc32a8d1809c32d94224db0180d1456bbb1bee184	MFANNS/simulator/memory/20260329/mfnns_t2i_k10_ef20_30_40_dualq_q20_100/logs/t2i1m_normalized_k10_ef20_q69_stats.yml	9e8ef8193320b829001f6693257cf2c374555485627a3c20e1e46dfe3e6f06e8	9616483	0.88	336597	PASS
mfnns	t2i1m_normalized_k10_ef20_q70	20	70	69	ae/figure21/configs/mfnns/t2i1m_normalized_k10_ef20_q70.yaml	MFANNS/simulator/memory/20260329/mfnns_t2i_k10_ef20_30_40_dualq_q20_100/yamls/t2i1m_normalized_k10_ef20_q70.yaml	ec60745c1f6398a9f12fd73005eba35fc7b8221b18baa72f31da730b7d01756d	cbfd6c8ff4d74325352b335b9c302ff4d4f1a6f8f3fdf3af2fa04ae32eb6b9da	MFANNS/simulator/memory/20260329/mfnns_t2i_k10_ef20_30_40_dualq_q20_100/logs/t2i1m_normalized_k10_ef20_q70_stats.yml	1a86d41cdd06979b98525ff20c1bd5ec53f458cea0af46dadc07edb624c7746a	9616484	0.88	338097	PASS
mfnns	t2i1m_normalized_k10_ef20_q71	20	71	70	ae/figure21/configs/mfnns/t2i1m_normalized_k10_ef20_q71.yaml	MFANNS/simulator/memory/20260329/mfnns_t2i_k10_ef20_30_40_dualq_q20_100/yamls/t2i1m_normalized_k10_ef20_q71.yaml	082de6cb5d1042ec762d687f025d2e5bcaee306485d842e956be8374f9683dcb	e90d96a1494080d38e9336a4307e9d3b70cf64788f6b43a12d8b981b3a560f58	MFANNS/simulator/memory/20260329/mfnns_t2i_k10_ef20_30_40_dualq_q20_100/logs/t2i1m_normalized_k10_ef20_q71_stats.yml	bc3ae8b4376199f46be7a290dc89676b5e7c54d4eb9a347248f207d4be40420e	9616485	0.88200000000000001	336222	PASS
mfnns	t2i1m_normalized_k10_ef20_q72	20	72	71	ae/figure21/configs/mfnns/t2i1m_normalized_k10_ef20_q72.yaml	MFANNS/simulator/memory/20260329/mfnns_t2i_k10_ef20_30_40_dualq_q20_100/yamls/t2i1m_normalized_k10_ef20_q72.yaml	f74f1b00fb776cda2c4188aaa401dcddf7496dd0bcf606dde9b742b78e8e8430	d287132d73f91c7191e67caf205dd9d392370ac8f843ccd30aad885a843121e7	MFANNS/simulator/memory/20260329/mfnns_t2i_k10_ef20_30_40_dualq_q20_100/logs/t2i1m_normalized_k10_ef20_q72_stats.yml	aca28294b5993ee2773ef48037f855b39cef06eab554cd13138752bd7d7e1a33	9616486	0.88200000000000001	340572	PASS
mfnns	t2i1m_normalized_k10_ef20_q73	20	73	72	ae/figure21/configs/mfnns/t2i1m_normalized_k10_ef20_q73.yaml	MFANNS/simulator/memory/20260329/mfnns_t2i_k10_ef20_30_40_dualq_q20_100/yamls/t2i1m_normalized_k10_ef20_q73.yaml	8b05e82c2485af5641e6a7ff89aefb2d830aeda9d1c01e33a0cd6f7179f2a087	5af28cac9f60d07bbdbce0cea0a4385e27d2c94f56b2d912a648524f14f8d33a	MFANNS/simulator/memory/20260329/mfnns_t2i_k10_ef20_30_40_dualq_q20_100/logs/t2i1m_normalized_k10_ef20_q73_stats.yml	848e8ec7b2db976ca758f6dd8f260242f3cd8e0c168fd345731f4836e2fbdc7d	9616487	0.88200000000000001	339222	PASS
mfnns	t2i1m_normalized_k10_ef20_q74	20	74	73	ae/figure21/configs/mfnns/t2i1m_normalized_k10_ef20_q74.yaml	MFANNS/simulator/memory/20260329/mfnns_t2i_k10_ef20_30_40_dualq_q20_100/yamls/t2i1m_normalized_k10_ef20_q74.yaml	ed2aaf4492be94c4dd8b7b4879e5265700589bf29913879855204bf402363498	3f33b6d4ebc7c1682b339eb42acb67ba2da3a4ca3e8386b765ab859427cff385	MFANNS/simulator/memory/20260329/mfnns_t2i_k10_ef20_30_40_dualq_q20_100/logs/t2i1m_normalized_k10_ef20_q74_stats.yml	640b1067a1d6aa0b1a7028108913704a4a028e72d3c971d79a9cea535379c6bd	9616488	0.88300000000000001	340872	PASS
mfnns	t2i1m_normalized_k10_ef20_q75	20	75	74	ae/figure21/configs/mfnns/t2i1m_normalized_k10_ef20_q75.yaml	MFANNS/simulator/memory/20260329/mfnns_t2i_k10_ef20_30_40_dualq_q20_100/yamls/t2i1m_normalized_k10_ef20_q75.yaml	14fb5dfe97eb182965c63153dbe5028527ca7682b173393a7486aef5bb81c650	b6dbefbf53765ec45f68698d4b0d226eb54620ab7048094871e76fa2eeeadb87	MFANNS/simulator/memory/20260329/mfnns_t2i_k10_ef20_30_40_dualq_q20_100/logs/t2i1m_normalized_k10_ef20_q75_stats.yml	e6b864e35aa1cf9fe372356fa540e334bcd78d5c4b330a164ee3d65231f4fde7	9616489	0.88300000000000001	343197	PASS
mfnns	t2i1m_normalized_k10_ef20_q76	20	76	75	ae/figure21/configs/mfnns/t2i1m_normalized_k10_ef20_q76.yaml	MFANNS/simulator/memory/20260329/mfnns_t2i_k10_ef20_30_40_dualq_q20_100/yamls/t2i1m_normalized_k10_ef20_q76.yaml	f2eb950f8f829d28510603df90468d71c66227ff1cd76248a88e84d988592c1c	e1d373197fdafa816b1ea7c1c6d66ed4a69164ac8ca4ac552b3c0434ee82ff18	MFANNS/simulator/memory/20260329/mfnns_t2i_k10_ef20_30_40_dualq_q20_100/logs/t2i1m_normalized_k10_ef20_q76_stats.yml	1a8c85f76ac9a694a20bd5b2fca338b071cb5d2472f799b19a2be132bdd32562	9616490	0.88300000000000001	345072	PASS
mfnns	t2i1m_normalized_k10_ef20_q77	20	77	76	ae/figure21/configs/mfnns/t2i1m_normalized_k10_ef20_q77.yaml	MFANNS/simulator/memory/20260329/mfnns_t2i_k10_ef20_30_40_dualq_q20_100/yamls/t2i1m_normalized_k10_ef20_q77.yaml	58bf8ba03c833c3a15eb686e43876077ec1e1bffa051ad27db6095a1e0b237ef	ea65f2fe37be79e24be87886383ac126d27e15efc817ae18555f0888c0bbb98c	MFANNS/simulator/memory/20260329/mfnns_t2i_k10_ef20_30_40_dualq_q20_100/logs/t2i1m_normalized_k10_ef20_q77_stats.yml	65c7afad8d0b7b4f6ec1b71665f82c43bd6b7cdf20fe25bba961da1fae1d8356	9616491	0.88300000000000001	346872	PASS
mfnns	t2i1m_normalized_k10_ef20_q78	20	78	77	ae/figure21/configs/mfnns/t2i1m_normalized_k10_ef20_q78.yaml	MFANNS/simulator/memory/20260329/mfnns_t2i_k10_ef20_30_40_dualq_q20_100/yamls/t2i1m_normalized_k10_ef20_q78.yaml	9c10aa3bcba7fe48975ce8df19df3e9537d1fcf1274a9ac4bec233dc1cabc454	f133c4402e912ac58985425c1e447c40bdbed673de85a5ca21ed80463571bdfb	MFANNS/simulator/memory/20260329/mfnns_t2i_k10_ef20_30_40_dualq_q20_100/logs/t2i1m_normalized_k10_ef20_q78_stats.yml	e842fe5c17134261815f0c640073abaa6e904aee7cc4378b715e10ee5138fdae	9616492	0.88400000000000001	348897	PASS
mfnns	t2i1m_normalized_k10_ef20_q79	20	79	78	ae/figure21/configs/mfnns/t2i1m_normalized_k10_ef20_q79.yaml	MFANNS/simulator/memory/20260329/mfnns_t2i_k10_ef20_30_40_dualq_q20_100/yamls/t2i1m_normalized_k10_ef20_q79.yaml	6f33965be3f9343ee067af8b47cad994568cdba3b37c1331d6dc46012406fe01	0e7384dbe6b72261a17f093c0695d7fa7768726070067f8ff05d87668710250c	MFANNS/simulator/memory/20260329/mfnns_t2i_k10_ef20_30_40_dualq_q20_100/logs/t2i1m_normalized_k10_ef20_q79_stats.yml	13ffc1d4ec9868d387ffafde7c4fd09b832516ab21e14e9e191d100f4afacb20	9616493	0.88400000000000001	347997	PASS
mfnns	t2i1m_normalized_k10_ef20_q80	20	80	79	ae/figure21/configs/mfnns/t2i1m_normalized_k10_ef20_q80.yaml	MFANNS/simulator/memory/20260329/mfnns_t2i_k10_ef20_30_40_dualq_q20_100/yamls/t2i1m_normalized_k10_ef20_q80.yaml	8acb1ffdcaa9c084ae26e0709fc8ffc9605d116188ebeb4be4ca5765bd4641c6	19021f03c84da2de774f2d99bd0614c956e9a5791f96a06c07bb8e6697c80ee0	MFANNS/simulator/memory/20260329/mfnns_t2i_k10_ef20_30_40_dualq_q20_100/logs/t2i1m_normalized_k10_ef20_q80_stats.yml	4d1056cc0aefa6ae9d237112585aa507db0a69aa0e937ea8b83de21df907e23f	9616494	0.88400000000000001	346647	PASS
mfnns	t2i1m_normalized_k10_ef20_q81	20	81	80	ae/figure21/configs/mfnns/t2i1m_normalized_k10_ef20_q81.yaml	MFANNS/simulator/memory/20260329/mfnns_t2i_k10_ef20_30_40_dualq_q20_100/yamls/t2i1m_normalized_k10_ef20_q81.yaml	cc4ffc0f362dc4f51716bab25e2ff1e11bdea121ae0cf43d09e14d18775a43fd	e5af9b0dc7d22340594aa54fb1d4fa0fe3addc7ea714fed34d36e859541021fa	MFANNS/simulator/memory/20260329/mfnns_t2i_k10_ef20_30_40_dualq_q20_100/logs/t2i1m_normalized_k10_ef20_q81_stats.yml	14280553c90a966fedc82de418506362b444af58acf9979902c2ffbc450f7e9c	9616495	0.88400000000000001	350097	PASS
mfnns	t2i1m_normalized_k10_ef20_q82	20	82	81	ae/figure21/configs/mfnns/t2i1m_normalized_k10_ef20_q82.yaml	MFANNS/simulator/memory/20260329/mfnns_t2i_k10_ef20_30_40_dualq_q20_100/yamls/t2i1m_normalized_k10_ef20_q82.yaml	55481c6059b6d425904bbe2c772826d81dc4d19c3ff92911b78cbab53b25a4af	caa516a97362b1afff18d77182f29e2fcef68d0ef364ffcf4fe8b9e5ae6facbf	MFANNS/simulator/memory/20260329/mfnns_t2i_k10_ef20_30_40_dualq_q20_100/logs/t2i1m_normalized_k10_ef20_q82_stats.yml	c5deace564031b1a544ac6291c5b47b66575fabc4eb7fae4169601f4d9f82c64	9616496	0.88400000000000001	351072	PASS
mfnns	t2i1m_normalized_k10_ef20_q83	20	83	82	ae/figure21/configs/mfnns/t2i1m_normalized_k10_ef20_q83.yaml	MFANNS/simulator/memory/20260329/mfnns_t2i_k10_ef20_30_40_dualq_q20_100/yamls/t2i1m_normalized_k10_ef20_q83.yaml	8b6db8dd527cf3f847bda2556f1a2bdc8306510fae732ef5d12401524cc850be	ebf464f14ce19fe6fc31453c5cbe5fe427b56df6493f6b4dae411a5862839581	MFANNS/simulator/memory/20260329/mfnns_t2i_k10_ef20_30_40_dualq_q20_100/logs/t2i1m_normalized_k10_ef20_q83_stats.yml	2cfce8f0ec711b34096385bf26450a6845a0cfb4349fb4949056f04e8da0a596	9616497	0.88400000000000001	353472	PASS
mfnns	t2i1m_normalized_k10_ef20_q84	20	84	83	ae/figure21/configs/mfnns/t2i1m_normalized_k10_ef20_q84.yaml	MFANNS/simulator/memory/20260329/mfnns_t2i_k10_ef20_30_40_dualq_q20_100/yamls/t2i1m_normalized_k10_ef20_q84.yaml	e9181868c4e20d58ee3c93d2189b77586b3f7d660ce23834891169ef2f6a199f	fd5f144dd54af50b4573f0ae8a0f9665187811deabd7fc80009c04876e07bc60	MFANNS/simulator/memory/20260329/mfnns_t2i_k10_ef20_30_40_dualq_q20_100/logs/t2i1m_normalized_k10_ef20_q84_stats.yml	85ddcbf596754ddad19a593b799dccdc31a8b4ac9fa2ccc26168c6db1df7ef9c	9616498	0.88400000000000001	354747	PASS
mfnns	t2i1m_normalized_k10_ef20_q85	20	85	84	ae/figure21/configs/mfnns/t2i1m_normalized_k10_ef20_q85.yaml	MFANNS/simulator/memory/20260329/mfnns_t2i_k10_ef20_30_40_dualq_q20_100/yamls/t2i1m_normalized_k10_ef20_q85.yaml	ff15078181b6e303e0a7cacc6b34318b5d4aab2eff332e9394e5f42d87de222f	c5773bf3282b019718c49a1a4ea231d44b0bf54c038351a9557c4c0277fcf917	MFANNS/simulator/memory/20260329/mfnns_t2i_k10_ef20_30_40_dualq_q20_100/logs/t2i1m_normalized_k10_ef20_q85_stats.yml	06319ff19f7c99128b4c50c1b9a9026cadb8ae4ee41414fd38985ae85aa89cea	9616499	0.88400000000000001	357372	PASS
mfnns	t2i1m_normalized_k10_ef20_q86	20	86	85	ae/figure21/configs/mfnns/t2i1m_normalized_k10_ef20_q86.yaml	MFANNS/simulator/memory/20260329/mfnns_t2i_k10_ef20_30_40_dualq_q20_100/yamls/t2i1m_normalized_k10_ef20_q86.yaml	35ed5e41918d0870fba61e328d0dd60e19c28da01dce9d9ab1f2b062dcdbba8e	ad08f50a2d4d533d9b24fe6b12d2ecc4d4f45e373ab88696065052495acc0ff4	MFANNS/simulator/memory/20260329/mfnns_t2i_k10_ef20_30_40_dualq_q20_100/logs/t2i1m_normalized_k10_ef20_q86_stats.yml	fbc2c3ac14b6342cd283eb36b62c1da08e41cb78257971ad977200f52c45a7e2	9616500	0.88400000000000001	357522	PASS
mfnns	t2i1m_normalized_k10_ef20_q87	20	87	86	ae/figure21/configs/mfnns/t2i1m_normalized_k10_ef20_q87.yaml	MFANNS/simulator/memory/20260329/mfnns_t2i_k10_ef20_30_40_dualq_q20_100/yamls/t2i1m_normalized_k10_ef20_q87.yaml	8bbc849673173679d85ab401df2678b16e04c8e321088c087063d05ba9c0fc5a	81ca43a99cabd435be3250938a992a6a2a6dca8b577afe482e7964de28176b64	MFANNS/simulator/memory/20260329/mfnns_t2i_k10_ef20_30_40_dualq_q20_100/logs/t2i1m_normalized_k10_ef20_q87_stats.yml	c2d3220efd25705321934a3667c1aa00b9476bdc449592da7e9404ca8b69c9d5	9616501	0.88400000000000001	356097	PASS
mfnns	t2i1m_normalized_k10_ef20_q88	20	88	87	ae/figure21/configs/mfnns/t2i1m_normalized_k10_ef20_q88.yaml	MFANNS/simulator/memory/20260329/mfnns_t2i_k10_ef20_30_40_dualq_q20_100/yamls/t2i1m_normalized_k10_ef20_q88.yaml	a647402b18eb53ba90e40017ff607a40c4d37acaf6ff3f282ebf1eac28299e4b	83e6429a037e16264bacf81fb0a04f8d6cdce7edc85cafb1993ed22ad4ce5437	MFANNS/simulator/memory/20260329/mfnns_t2i_k10_ef20_30_40_dualq_q20_100/logs/t2i1m_normalized_k10_ef20_q88_stats.yml	ad9fcb03abe6bc1fd8448baa725ae1c01bdee0bcd0ac8928ef028e16cd45be69	9616502	0.88400000000000001	356022	PASS
mfnns	t2i1m_normalized_k10_ef20_q89	20	89	88	ae/figure21/configs/mfnns/t2i1m_normalized_k10_ef20_q89.yaml	MFANNS/simulator/memory/20260329/mfnns_t2i_k10_ef20_30_40_dualq_q20_100/yamls/t2i1m_normalized_k10_ef20_q89.yaml	0f06ba38593c918ac69cd2f570f5166cefb599130e5a9e5c05de35582b9dec07	2396a6416b66f25ba9f3dcde21fe936bc589149428a99906b2bf080ea9f52a43	MFANNS/simulator/memory/20260329/mfnns_t2i_k10_ef20_30_40_dualq_q20_100/logs/t2i1m_normalized_k10_ef20_q89_stats.yml	af7b459a4605ad2fd104664e589c40f5889bda8df34d9a389fd7790214aafda2	9616503	0.88400000000000001	357672	PASS
mfnns	t2i1m_normalized_k10_ef20_q90	20	90	89	ae/figure21/configs/mfnns/t2i1m_normalized_k10_ef20_q90.yaml	MFANNS/simulator/memory/20260329/mfnns_t2i_k10_ef20_30_40_dualq_q20_100/yamls/t2i1m_normalized_k10_ef20_q90.yaml	e0be182e0f7f2dc4ec4ed24be0fbd953a3dfa8efc2bbc899bd9154229ad11d60	6ae33b47160d93b9fbf055cd580f299f22fb4705510f89946919c1b57c0b4a35	MFANNS/simulator/memory/20260329/mfnns_t2i_k10_ef20_30_40_dualq_q20_100/logs/t2i1m_normalized_k10_ef20_q90_stats.yml	70e932a9f7e7bc694e55c87209dfe02c2f8c93acadc01dc4dcef58af7be36aae	9616504	0.88400000000000001	361347	PASS
mfnns	t2i1m_normalized_k10_ef20_q91	20	91	90	ae/figure21/configs/mfnns/t2i1m_normalized_k10_ef20_q91.yaml	MFANNS/simulator/memory/20260329/mfnns_t2i_k10_ef20_30_40_dualq_q20_100/yamls/t2i1m_normalized_k10_ef20_q91.yaml	ccc25ec70271a2f255b1bf953ef6c7325f044b8d7f53be76a15bf75a2ae36661	7eceac1b622b24420743afbde3105d0d84dcd86961b362252967ced5039f0070	MFANNS/simulator/memory/20260329/mfnns_t2i_k10_ef20_30_40_dualq_q20_100/logs/t2i1m_normalized_k10_ef20_q91_stats.yml	75c150f623997c98e73cf213141784431e0f656e4499f564f3dac29a0a3c1fd9	9616505	0.88400000000000001	362472	PASS
mfnns	t2i1m_normalized_k10_ef20_q92	20	92	91	ae/figure21/configs/mfnns/t2i1m_normalized_k10_ef20_q92.yaml	MFANNS/simulator/memory/20260329/mfnns_t2i_k10_ef20_30_40_dualq_q20_100/yamls/t2i1m_normalized_k10_ef20_q92.yaml	c6714c434caee405f49cde639f9e9c90e9292ea85d25c8066f0d5e39530ca698	2a161a4ef5f0193770402aaff94dcceade824b1799f29b004653494f0d2a45a2	MFANNS/simulator/memory/20260329/mfnns_t2i_k10_ef20_30_40_dualq_q20_100/logs/t2i1m_normalized_k10_ef20_q92_stats.yml	fcf2826f23bc5c0bd63ae6e3c52fa39d09916c1e19e754e22eba75bb3b055170	9616506	0.88400000000000001	366222	PASS
mfnns	t2i1m_normalized_k10_ef20_q93	20	93	92	ae/figure21/configs/mfnns/t2i1m_normalized_k10_ef20_q93.yaml	MFANNS/simulator/memory/20260329/mfnns_t2i_k10_ef20_30_40_dualq_q20_100/yamls/t2i1m_normalized_k10_ef20_q93.yaml	e451ca29420eed987d169401d20bccccba4cafcb556c887e0706b9a6312d1859	f290313b08ce0ba33f3ad18d14f58d1de7c74689d887048b2f668589401d600e	MFANNS/simulator/memory/20260329/mfnns_t2i_k10_ef20_30_40_dualq_q20_100/logs/t2i1m_normalized_k10_ef20_q93_stats.yml	a86d83b01b47995980dee7ccc2954174103e5cdc84fdbc7164d762f748bb6db8	9616507	0.88400000000000001	364422	PASS
mfnns	t2i1m_normalized_k10_ef20_q94	20	94	93	ae/figure21/configs/mfnns/t2i1m_normalized_k10_ef20_q94.yaml	MFANNS/simulator/memory/20260329/mfnns_t2i_k10_ef20_30_40_dualq_q20_100/yamls/t2i1m_normalized_k10_ef20_q94.yaml	0ecdeb1f119726a9ddc1c4821b81ebb31e3aae7127b9c09edab127ebb788e5b9	a7bb1f76a4a2eee10c622c094aef113d31d57f5bbfb5f8ea7bff0d33edda7455	MFANNS/simulator/memory/20260329/mfnns_t2i_k10_ef20_30_40_dualq_q20_100/logs/t2i1m_normalized_k10_ef20_q94_stats.yml	708a89cc6c69bc0754e98a8de7d0529af1cd79c209dbcaecf78947713f75262d	9616508	0.88400000000000001	367497	PASS
mfnns	t2i1m_normalized_k10_ef20_q95	20	95	94	ae/figure21/configs/mfnns/t2i1m_normalized_k10_ef20_q95.yaml	MFANNS/simulator/memory/20260329/mfnns_t2i_k10_ef20_30_40_dualq_q20_100/yamls/t2i1m_normalized_k10_ef20_q95.yaml	136d80eb5697c09c223f0b1d96af7bf3032254850559f25346860251a74b64d0	ac2b866313bf22715317739fef4eb124898ee0a8ae9327428f67756ef0aa09f0	MFANNS/simulator/memory/20260329/mfnns_t2i_k10_ef20_30_40_dualq_q20_100/logs/t2i1m_normalized_k10_ef20_q95_stats.yml	9f04353cefb1ec5138b7649f3ea7dafbf4c39279c139733a74921bb4bd233441	9616509	0.88400000000000001	367497	PASS
mfnns	t2i1m_normalized_k10_ef20_q96	20	96	95	ae/figure21/configs/mfnns/t2i1m_normalized_k10_ef20_q96.yaml	MFANNS/simulator/memory/20260329/mfnns_t2i_k10_ef20_30_40_dualq_q20_100/yamls/t2i1m_normalized_k10_ef20_q96.yaml	004f9fc6b14ecf476c895f6faa24dcda1e9216debef78b825f81ff6b64a85801	9a1b495ee803b952f3fb1c9befa72170f8190f63acfe37e561901a0a0dc87fc2	MFANNS/simulator/memory/20260329/mfnns_t2i_k10_ef20_30_40_dualq_q20_100/logs/t2i1m_normalized_k10_ef20_q96_stats.yml	ce4a0082f3571697b8e7e6fdd70fb671ffeef9ac3477a327170ddf4fec03eb2b	9616510	0.88400000000000001	365397	PASS
mfnns	t2i1m_normalized_k10_ef20_q97	20	97	96	ae/figure21/configs/mfnns/t2i1m_normalized_k10_ef20_q97.yaml	MFANNS/simulator/memory/20260329/mfnns_t2i_k10_ef20_30_40_dualq_q20_100/yamls/t2i1m_normalized_k10_ef20_q97.yaml	463b7a2836f9cabe795ee4e649d93d2241c85028a8514e9f1c9dd8994383f4e8	bf749b74cc01bd0e3febc5d4d0337f76f8b020caccbe518513829f992405bf21	MFANNS/simulator/memory/20260329/mfnns_t2i_k10_ef20_30_40_dualq_q20_100/logs/t2i1m_normalized_k10_ef20_q97_stats.yml	e6f0fe9e6a6cc077aa7f62180bc654b9f12a14f6a56a991078f0b849de75639c	9616511	0.88400000000000001	368472	PASS
mfnns	t2i1m_normalized_k10_ef20_q98	20	98	97	ae/figure21/configs/mfnns/t2i1m_normalized_k10_ef20_q98.yaml	MFANNS/simulator/memory/20260329/mfnns_t2i_k10_ef20_30_40_dualq_q20_100/yamls/t2i1m_normalized_k10_ef20_q98.yaml	c894a56b2178495f533b4dd110507f87678c4024330141e98aa48aeea2124952	98c49532f615eea2c0c605b40f104615dc2e3aa379fa4259d3328b83dfe0b21f	MFANNS/simulator/memory/20260329/mfnns_t2i_k10_ef20_30_40_dualq_q20_100/logs/t2i1m_normalized_k10_ef20_q98_stats.yml	da9c1962efdb1d0756c85f0b8c2c93b4f08e83529119cc056847d294dc451646	9616512	0.88400000000000001	368397	PASS
mfnns	t2i1m_normalized_k10_ef20_q99	20	99	98	ae/figure21/configs/mfnns/t2i1m_normalized_k10_ef20_q99.yaml	MFANNS/simulator/memory/20260329/mfnns_t2i_k10_ef20_30_40_dualq_q20_100/yamls/t2i1m_normalized_k10_ef20_q99.yaml	da23f5eee3668812332c1a72e7ea94681d913243615a55bb9c7e0e8e3139c5eb	d4a48c1690e2560f847cac8335f87ab240a951543a403b31c6fe7976d3fbda69	MFANNS/simulator/memory/20260329/mfnns_t2i_k10_ef20_30_40_dualq_q20_100/logs/t2i1m_normalized_k10_ef20_q99_stats.yml	40590d4d64850e934881060e5c71c4991d053596e199b706bb27e19ac35cd59c	9616513	0.88400000000000001	370122	PASS
mfnns	t2i1m_normalized_k10_ef20_q100	20	100	99	ae/figure21/configs/mfnns/t2i1m_normalized_k10_ef20_q100.yaml	MFANNS/simulator/memory/20260329/mfnns_t2i_k10_ef20_30_40_dualq_q20_100/yamls/t2i1m_normalized_k10_ef20_q100.yaml	360d385320b2c9eb6c2941ecc196f73c9dcd784c5b9515cc1bfbaae04673d7c6	72aa3d5525cf1fde34d7f9c863982c8ce00cab28347eadb0b825d0d2af1566d7	MFANNS/simulator/memory/20260329/mfnns_t2i_k10_ef20_30_40_dualq_q20_100/logs/t2i1m_normalized_k10_ef20_q100_stats.yml	dea50f6f02813fb436a47c87bd0b41ee5bc242bb5c773569b37d85eba00a0399	9616514	0.88400000000000001	371697	PASS
mfnns	t2i1m_normalized_k10_ef30_q20	30	20	19	ae/figure21/configs/mfnns/t2i1m_normalized_k10_ef30_q20.yaml	MFANNS/simulator/memory/20260329/mfnns_t2i_k10_ef20_30_40_dualq_q20_100/yamls/t2i1m_normalized_k10_ef30_q20.yaml	dd15f25d48f93cf51a5716be3ba6472d18af7a4233ca7c4acaa35f5cb6624f88	bebd054dc4c51c12af50b4991b71f6964e2267c0bbd4db92763fc820f8b324fc	MFANNS/simulator/memory/20260329/mfnns_t2i_k10_ef20_30_40_dualq_q20_100/logs/t2i1m_normalized_k10_ef30_q20_stats.yml	466c0395090367246d0093eaafa87e0083d478694feb6bac3269659f98adf456	9616515	0.75	272922	PASS
mfnns	t2i1m_normalized_k10_ef30_q21	30	21	20	ae/figure21/configs/mfnns/t2i1m_normalized_k10_ef30_q21.yaml	MFANNS/simulator/memory/20260329/mfnns_t2i_k10_ef20_30_40_dualq_q20_100/yamls/t2i1m_normalized_k10_ef30_q21.yaml	ef44ba08841ec7f8e9b7b6996a3900ff0d44b9210ed541a896e7783c3e2913b3	e922ea2c2b782e86ceda996890e25c8b24c540bece2527cef770d12fb2b6b465	MFANNS/simulator/memory/20260329/mfnns_t2i_k10_ef20_30_40_dualq_q20_100/logs/t2i1m_normalized_k10_ef30_q21_stats.yml	acd7da0b86c606304a2153a64234eff3484fb31ab413a8e9c366868472b7e55b	9616516	0.76200000000000001	279072	PASS
mfnns	t2i1m_normalized_k10_ef30_q22	30	22	21	ae/figure21/configs/mfnns/t2i1m_normalized_k10_ef30_q22.yaml	MFANNS/simulator/memory/20260329/mfnns_t2i_k10_ef20_30_40_dualq_q20_100/yamls/t2i1m_normalized_k10_ef30_q22.yaml	a18e4cebf72e2bcdac9368db23171d87b4e91d542c6943337104240efff6a4f8	d61cc23f2d8127da74b016de58ee794a87ad99760f7634a647540104a71c1f1f	MFANNS/simulator/memory/20260329/mfnns_t2i_k10_ef20_30_40_dualq_q20_100/logs/t2i1m_normalized_k10_ef30_q22_stats.yml	4a6959c8c8e2e3b334a667bd6f2b014a8191f610b6117ec220e55f39ae4eb813	9616517	0.76900000000000002	290322	PASS
mfnns	t2i1m_normalized_k10_ef30_q23	30	23	22	ae/figure21/configs/mfnns/t2i1m_normalized_k10_ef30_q23.yaml	MFANNS/simulator/memory/20260329/mfnns_t2i_k10_ef20_30_40_dualq_q20_100/yamls/t2i1m_normalized_k10_ef30_q23.yaml	651a0211585506b7532d466f8c14fb724ec32d79d1b1db07623138488604fa6b	07f851ea4ffc264693496821bb0b12c3eeba105f3c0abca406a3e683298f0096	MFANNS/simulator/memory/20260329/mfnns_t2i_k10_ef20_30_40_dualq_q20_100/logs/t2i1m_normalized_k10_ef30_q23_stats.yml	bcf0a483b710150f45584dd3471c892767452b81cd306642f13c681e28aeb42c	9616518	0.78300000000000003	300522	PASS
mfnns	t2i1m_normalized_k10_ef30_q24	30	24	23	ae/figure21/configs/mfnns/t2i1m_normalized_k10_ef30_q24.yaml	MFANNS/simulator/memory/20260329/mfnns_t2i_k10_ef20_30_40_dualq_q20_100/yamls/t2i1m_normalized_k10_ef30_q24.yaml	06af9a9447c2c2384c9c6e41d083fed5d350725b931c278323997310eb902c20	51ad26c458f9c17970133e3c94025330d9dd086fa29d5866a3ad23528f1998bf	MFANNS/simulator/memory/20260329/mfnns_t2i_k10_ef20_30_40_dualq_q20_100/logs/t2i1m_normalized_k10_ef30_q24_stats.yml	b60d28848a00f3b99271db82af9c1e9c9b1699c7f3884c2ae4ed4ad03ef0b7b5	9616519	0.77800000000000002	306522	PASS
mfnns	t2i1m_normalized_k10_ef30_q25	30	25	24	ae/figure21/configs/mfnns/t2i1m_normalized_k10_ef30_q25.yaml	MFANNS/simulator/memory/20260329/mfnns_t2i_k10_ef20_30_40_dualq_q20_100/yamls/t2i1m_normalized_k10_ef30_q25.yaml	16fe33e076cea87a1dda743e6cdc675c21dbb340519e9a614c1c7da8b51495cf	a212fb55ff872e90740b4dd4a3c902d9dd1698988d984031d301227084fd0772	MFANNS/simulator/memory/20260329/mfnns_t2i_k10_ef20_30_40_dualq_q20_100/logs/t2i1m_normalized_k10_ef30_q25_stats.yml	ea3a2fcc1c761b4ac761b379c80bb6f74c94a3811d0f772915ab0ea6105a3dde	9616520	0.77900000000000003	310797	PASS
mfnns	t2i1m_normalized_k10_ef30_q26	30	26	25	ae/figure21/configs/mfnns/t2i1m_normalized_k10_ef30_q26.yaml	MFANNS/simulator/memory/20260329/mfnns_t2i_k10_ef20_30_40_dualq_q20_100/yamls/t2i1m_normalized_k10_ef30_q26.yaml	cff3e27a1ee0f7324d554c4ce231822196cb7133bb97b9d3ea240f96338b4c92	9c15f1867ba7a8ac2a61649ad313ea3788e12d8686fe886174057faa77dc031b	MFANNS/simulator/memory/20260329/mfnns_t2i_k10_ef20_30_40_dualq_q20_100/logs/t2i1m_normalized_k10_ef30_q26_stats.yml	f6fc17141b50089e6b70d8542f23e0cf4223fdf510ae08a5c5696a4775094abd	9616521	0.78700000000000003	317772	PASS
mfnns	t2i1m_normalized_k10_ef30_q27	30	27	26	ae/figure21/configs/mfnns/t2i1m_normalized_k10_ef30_q27.yaml	MFANNS/simulator/memory/20260329/mfnns_t2i_k10_ef20_30_40_dualq_q20_100/yamls/t2i1m_normalized_k10_ef30_q27.yaml	4ef9758b41ffbfe8754c265df067033860afe9a1ab730525aab1d0d9b57ccefc	09a3b568f6a639fb046bbac191e98daa11828610fca0215ffc728cdd3ebf354d	MFANNS/simulator/memory/20260329/mfnns_t2i_k10_ef20_30_40_dualq_q20_100/logs/t2i1m_normalized_k10_ef30_q27_stats.yml	27942d85bfb9fdd5b90bf53d023478c62c07d0be6a8cf5b83b93c65067885bc7	9616522	0.80500000000000005	322122	PASS
mfnns	t2i1m_normalized_k10_ef30_q28	30	28	27	ae/figure21/configs/mfnns/t2i1m_normalized_k10_ef30_q28.yaml	MFANNS/simulator/memory/20260329/mfnns_t2i_k10_ef20_30_40_dualq_q20_100/yamls/t2i1m_normalized_k10_ef30_q28.yaml	a992919cec372ba5ee5ef41c2d25fd3fd748bdf9e82978ffe977787fff5f9dd1	38178f28764a0ad9c9a72ce5c26ceb0d78ad8b791e89e5d4bb77219facb76f22	MFANNS/simulator/memory/20260329/mfnns_t2i_k10_ef20_30_40_dualq_q20_100/logs/t2i1m_normalized_k10_ef30_q28_stats.yml	a2272bfe8572ce8a3de84f2e019e0e5325cfb64e5586cc83089ca8fb4c8d3c7b	9616523	0.80900000000000005	328272	PASS
mfnns	t2i1m_normalized_k10_ef30_q29	30	29	28	ae/figure21/configs/mfnns/t2i1m_normalized_k10_ef30_q29.yaml	MFANNS/simulator/memory/20260329/mfnns_t2i_k10_ef20_30_40_dualq_q20_100/yamls/t2i1m_normalized_k10_ef30_q29.yaml	6debf1cde21cf6ddda29f1ccaad1d71fc78adaa056a161bf65ef1d4fc40dff9f	de1c5d4b57a184cf577af37368568607a5cce869de7df13c6fe808660bb19b5b	MFANNS/simulator/memory/20260329/mfnns_t2i_k10_ef20_30_40_dualq_q20_100/logs/t2i1m_normalized_k10_ef30_q29_stats.yml	5e87a0b0ba1ee81bedacc90ba3040a6b65eed840eb3d76d198eabd7b473f6007	9616524	0.81799999999999995	330897	PASS
mfnns	t2i1m_normalized_k10_ef30_q30	30	30	29	ae/figure21/configs/mfnns/t2i1m_normalized_k10_ef30_q30.yaml	MFANNS/simulator/memory/20260329/mfnns_t2i_k10_ef20_30_40_dualq_q20_100/yamls/t2i1m_normalized_k10_ef30_q30.yaml	6b7a5f7faf05abd237f1655b1435adfa96ab60a9fc34cd3cd0fd419d03cae0c9	a7cad6e090058c3c0637fe226f5c5af3e84536ce9260beff728546e497bd0e22	MFANNS/simulator/memory/20260329/mfnns_t2i_k10_ef20_30_40_dualq_q20_100/logs/t2i1m_normalized_k10_ef30_q30_stats.yml	367eb7ac9dac6340242c07949571357dc0449ab35f54bc29a18f9fc53de02a4a	9616525	0.82599999999999996	338322	PASS
mfnns	t2i1m_normalized_k10_ef30_q31	30	31	30	ae/figure21/configs/mfnns/t2i1m_normalized_k10_ef30_q31.yaml	MFANNS/simulator/memory/20260329/mfnns_t2i_k10_ef20_30_40_dualq_q20_100/yamls/t2i1m_normalized_k10_ef30_q31.yaml	0faa9b17bd473928479e9d0e2cf14d74298def055cb0258d6ee50aa93edb0d85	f2967ed2e45b4176e1766cc5dca910175166e65a06d77bf7696ac018e69589a1	MFANNS/simulator/memory/20260329/mfnns_t2i_k10_ef20_30_40_dualq_q20_100/logs/t2i1m_normalized_k10_ef30_q31_stats.yml	83b4c50edf5a317e44948b0566d1b042cdddcd5c99cb4a68f7e13ccd118b1fd0	9616526	0.82399999999999995	342297	PASS
mfnns	t2i1m_normalized_k10_ef30_q32	30	32	31	ae/figure21/configs/mfnns/t2i1m_normalized_k10_ef30_q32.yaml	MFANNS/simulator/memory/20260329/mfnns_t2i_k10_ef20_30_40_dualq_q20_100/yamls/t2i1m_normalized_k10_ef30_q32.yaml	822b7484f04180fe84c075786d2354217043b9a29a7a7224474f96bc1e34ac20	9f103bed53448b2b5d2b6c87a4f72072e6e53e8d17cfbc36efe1b7e1d6fb31f1	MFANNS/simulator/memory/20260329/mfnns_t2i_k10_ef20_30_40_dualq_q20_100/logs/t2i1m_normalized_k10_ef30_q32_stats.yml	9d79eb6efff3dc815f31e0d7392ab45f2eba1abd39c7a70ba31a56adec4a95d6	9616527	0.82799999999999996	348072	PASS
mfnns	t2i1m_normalized_k10_ef30_q33	30	33	32	ae/figure21/configs/mfnns/t2i1m_normalized_k10_ef30_q33.yaml	MFANNS/simulator/memory/20260329/mfnns_t2i_k10_ef20_30_40_dualq_q20_100/yamls/t2i1m_normalized_k10_ef30_q33.yaml	1a9d4f06cb86fa01e771f1174604266613c32260e1f574f2623e552fc0069e77	ff97c52ebe16e4f433376e944f5ae985b21db32f32cb1ec605c6363ede8fdf49	MFANNS/simulator/memory/20260329/mfnns_t2i_k10_ef20_30_40_dualq_q20_100/logs/t2i1m_normalized_k10_ef30_q33_stats.yml	ecf5f209ab1e0b66b8d7ff06731a761e8735d389484ae90b02e1fe6b44abd50f	9616528	0.83399999999999996	354597	PASS
mfnns	t2i1m_normalized_k10_ef30_q34	30	34	33	ae/figure21/configs/mfnns/t2i1m_normalized_k10_ef30_q34.yaml	MFANNS/simulator/memory/20260329/mfnns_t2i_k10_ef20_30_40_dualq_q20_100/yamls/t2i1m_normalized_k10_ef30_q34.yaml	f25e5d3e97adac928e2565bb8259e5e479d18a6272c5cb3b582a22af353626cc	d4acc392ba620770d46f9c3e649104ac3d4e23143bcf990c6d9b2b835a842af2	MFANNS/simulator/memory/20260329/mfnns_t2i_k10_ef20_30_40_dualq_q20_100/logs/t2i1m_normalized_k10_ef30_q34_stats.yml	934dd7555d3db7b59b659f2ac54a6ed37455c5e749556e4d8c829c2ff1e41f92	9616529	0.84199999999999997	356922	PASS
mfnns	t2i1m_normalized_k10_ef30_q35	30	35	34	ae/figure21/configs/mfnns/t2i1m_normalized_k10_ef30_q35.yaml	MFANNS/simulator/memory/20260329/mfnns_t2i_k10_ef20_30_40_dualq_q20_100/yamls/t2i1m_normalized_k10_ef30_q35.yaml	2fdbdc063b297fc801a30881a4a026f882ffb5caea6ff1af5bd14406fd2346b1	efa46d8ee54deb01f2687d535339222827777feeb5a8fd91aa411501821bf256	MFANNS/simulator/memory/20260329/mfnns_t2i_k10_ef20_30_40_dualq_q20_100/logs/t2i1m_normalized_k10_ef30_q35_stats.yml	7bd57e59aa91ab8fe6d3b78e1a875a1948e0595005eda1b0417a7f257206c719	9616530	0.84499999999999997	362397	PASS
mfnns	t2i1m_normalized_k10_ef30_q36	30	36	35	ae/figure21/configs/mfnns/t2i1m_normalized_k10_ef30_q36.yaml	MFANNS/simulator/memory/20260329/mfnns_t2i_k10_ef20_30_40_dualq_q20_100/yamls/t2i1m_normalized_k10_ef30_q36.yaml	f53cc52393a3284f0e09b7fefda6007ed9527dcd806ad837fe66adb5bf918433	557fe7ff2f606332db31b801d5d0dfef9e0c5008fdc4fb996506b17befc05eb7	MFANNS/simulator/memory/20260329/mfnns_t2i_k10_ef20_30_40_dualq_q20_100/logs/t2i1m_normalized_k10_ef30_q36_stats.yml	2add2237f06a40c7d65505f4c24046e544dd7b6f76e5d1e3cb2207804a63b3d9	9616531	0.84599999999999997	363522	PASS
mfnns	t2i1m_normalized_k10_ef30_q37	30	37	36	ae/figure21/configs/mfnns/t2i1m_normalized_k10_ef30_q37.yaml	MFANNS/simulator/memory/20260329/mfnns_t2i_k10_ef20_30_40_dualq_q20_100/yamls/t2i1m_normalized_k10_ef30_q37.yaml	badd784cf04b830755e4ee4808f436e254df7f792f4216380ae195f1587869e3	6dbd80fd72be2d454f4be2b9b3e8e6fce9244c28882006ce230ed3411db30ba3	MFANNS/simulator/memory/20260329/mfnns_t2i_k10_ef20_30_40_dualq_q20_100/logs/t2i1m_normalized_k10_ef30_q37_stats.yml	e72b347af654b88279ce03a075bd9ac487438eed7887e93721c351832bd69203	9616532	0.84999999999999998	368922	PASS
mfnns	t2i1m_normalized_k10_ef30_q38	30	38	37	ae/figure21/configs/mfnns/t2i1m_normalized_k10_ef30_q38.yaml	MFANNS/simulator/memory/20260329/mfnns_t2i_k10_ef20_30_40_dualq_q20_100/yamls/t2i1m_normalized_k10_ef30_q38.yaml	31cbdd4d34216084fe2f906b14f0cf2851ba022e4a898d4014dd89af0dfff17d	fdc6743636dfa1b916ed6ab4280068b22736a5ac7d5eb344b0d97e95b19b71d1	MFANNS/simulator/memory/20260329/mfnns_t2i_k10_ef20_30_40_dualq_q20_100/logs/t2i1m_normalized_k10_ef30_q38_stats.yml	3d7e9f28a0bab57caf8890fcb2f4458ea4aeef4a23ed687d4715f0503dcdbc39	9616533	0.85899999999999999	371697	PASS
mfnns	t2i1m_normalized_k10_ef30_q39	30	39	38	ae/figure21/configs/mfnns/t2i1m_normalized_k10_ef30_q39.yaml	MFANNS/simulator/memory/20260329/mfnns_t2i_k10_ef20_30_40_dualq_q20_100/yamls/t2i1m_normalized_k10_ef30_q39.yaml	fbbec22cf83476189ba2fb794c933cfc48f6687bcbaa124204ab6b08ff01a144	3ccf771e96aeea858867f76bfcfa2fc06c308e7521e4b637ee79408f77cdaedd	MFANNS/simulator/memory/20260329/mfnns_t2i_k10_ef20_30_40_dualq_q20_100/logs/t2i1m_normalized_k10_ef30_q39_stats.yml	e595d3a5c36a85f770ffd139845180968744908b55ef1ce206e6d3654ee351ee	9616534	0.86199999999999999	376272	PASS
mfnns	t2i1m_normalized_k10_ef30_q40	30	40	39	ae/figure21/configs/mfnns/t2i1m_normalized_k10_ef30_q40.yaml	MFANNS/simulator/memory/20260329/mfnns_t2i_k10_ef20_30_40_dualq_q20_100/yamls/t2i1m_normalized_k10_ef30_q40.yaml	d03e9cbe3f918f69f3db614c5b4bb8b423df1129e12444fa77d35772152fe52e	748ec4998cc61f33c10b6f906dd72bc22fd046d67b4a3b38682276cf9250101b	MFANNS/simulator/memory/20260329/mfnns_t2i_k10_ef20_30_40_dualq_q20_100/logs/t2i1m_normalized_k10_ef30_q40_stats.yml	d01689ee1e6a848aab19b183fedad3ae168a19dc04e800f53a8c71b2c4afa43c	9616535	0.86799999999999999	377472	PASS
mfnns	t2i1m_normalized_k10_ef30_q41	30	41	40	ae/figure21/configs/mfnns/t2i1m_normalized_k10_ef30_q41.yaml	MFANNS/simulator/memory/20260329/mfnns_t2i_k10_ef20_30_40_dualq_q20_100/yamls/t2i1m_normalized_k10_ef30_q41.yaml	325425e5ad13fde7a94c03ce9ecfd910d1643154ecd053c509d7a4d51aac7717	e9bc88b85bf337ca599d60861343b275d4eeb7ad8d227bd583567d8b238ae64e	MFANNS/simulator/memory/20260329/mfnns_t2i_k10_ef20_30_40_dualq_q20_100/logs/t2i1m_normalized_k10_ef30_q41_stats.yml	6e45b57529304c791b429627236d3832b379beb05883082db74f5af9d646526f	9616536	0.86899999999999999	380697	PASS
mfnns	t2i1m_normalized_k10_ef30_q42	30	42	41	ae/figure21/configs/mfnns/t2i1m_normalized_k10_ef30_q42.yaml	MFANNS/simulator/memory/20260329/mfnns_t2i_k10_ef20_30_40_dualq_q20_100/yamls/t2i1m_normalized_k10_ef30_q42.yaml	7899740dd9a0013cb31e016b6c5e5a8452172562e997b78d5b21e9168d0d8ed0	31dd2c4b808b227ac8970af3a26c65a25fb600017c99ca964d0627a2d4e2c9b0	MFANNS/simulator/memory/20260329/mfnns_t2i_k10_ef20_30_40_dualq_q20_100/logs/t2i1m_normalized_k10_ef30_q42_stats.yml	f99cd61f8f56565227feba1bf2eb5f748178c5a4949f0af24e5fa42d23115509	9616537	0.86899999999999999	384072	PASS
mfnns	t2i1m_normalized_k10_ef30_q43	30	43	42	ae/figure21/configs/mfnns/t2i1m_normalized_k10_ef30_q43.yaml	MFANNS/simulator/memory/20260329/mfnns_t2i_k10_ef20_30_40_dualq_q20_100/yamls/t2i1m_normalized_k10_ef30_q43.yaml	d015448a1759a783164665850e5194ef4835bf07e5ce77c9ba56cf842edc9de8	0b576f8977a05220c2c7fa95b1cd60716a4d98f33013e4ed26d009d645904f36	MFANNS/simulator/memory/20260329/mfnns_t2i_k10_ef20_30_40_dualq_q20_100/logs/t2i1m_normalized_k10_ef30_q43_stats.yml	392017031625201b12ac2edf83c08f70a42b36ab1e0fce305b290cca89f8580c	9616538	0.875	389622	PASS
mfnns	t2i1m_normalized_k10_ef30_q44	30	44	43	ae/figure21/configs/mfnns/t2i1m_normalized_k10_ef30_q44.yaml	MFANNS/simulator/memory/20260329/mfnns_t2i_k10_ef20_30_40_dualq_q20_100/yamls/t2i1m_normalized_k10_ef30_q44.yaml	b3ac30ecca1605ddefaee189e815407dfe606753db3cd5d4618ba54d95c76711	59ada7182c5b3ab4be2b36165bacc2f851a24ac3f656e984f7809f40dec7ae68	MFANNS/simulator/memory/20260329/mfnns_t2i_k10_ef20_30_40_dualq_q20_100/logs/t2i1m_normalized_k10_ef30_q44_stats.yml	17c9219e4eb9f666a2d48722243607c2b42ce57244f1c7075b693296b9c55870	9616539	0.879	389097	PASS
mfnns	t2i1m_normalized_k10_ef30_q45	30	45	44	ae/figure21/configs/mfnns/t2i1m_normalized_k10_ef30_q45.yaml	MFANNS/simulator/memory/20260329/mfnns_t2i_k10_ef20_30_40_dualq_q20_100/yamls/t2i1m_normalized_k10_ef30_q45.yaml	1678d5380e2156668ac8edb789ab0088dc58862c66e4c3cf20daa669bed02f20	50b686539be77b57126548f4d62aba7ff1987f2b677b91f6be898aff17577fa9	MFANNS/simulator/memory/20260329/mfnns_t2i_k10_ef20_30_40_dualq_q20_100/logs/t2i1m_normalized_k10_ef30_q45_stats.yml	b4b2d0ac3b068e69211c657298ab2c1c47dbfd822430ac5d6596d0d7cd09148f	9616540	0.88500000000000001	394272	PASS
mfnns	t2i1m_normalized_k10_ef30_q46	30	46	45	ae/figure21/configs/mfnns/t2i1m_normalized_k10_ef30_q46.yaml	MFANNS/simulator/memory/20260329/mfnns_t2i_k10_ef20_30_40_dualq_q20_100/yamls/t2i1m_normalized_k10_ef30_q46.yaml	d75f5bd028a8f43eabe9ab9619ea9b1cbe67edc316d7967e81325dd6f6a2843e	e1df1b68325abf519c7be4e1413a3487f336c149454a7e6523bb912f0d9253ca	MFANNS/simulator/memory/20260329/mfnns_t2i_k10_ef20_30_40_dualq_q20_100/logs/t2i1m_normalized_k10_ef30_q46_stats.yml	8dc8e590b4893fc0d8094f28b54812468e1f0731e53aab3a0d1a3f8ebaaeadc3	9616541	0.88600000000000001	393897	PASS
mfnns	t2i1m_normalized_k10_ef30_q47	30	47	46	ae/figure21/configs/mfnns/t2i1m_normalized_k10_ef30_q47.yaml	MFANNS/simulator/memory/20260329/mfnns_t2i_k10_ef20_30_40_dualq_q20_100/yamls/t2i1m_normalized_k10_ef30_q47.yaml	aaacc857cec1068b312331e3b78650f32c1ffcaae580306deb9af63d8c054875	7657322f6a4a048427dc21a221be1576d3cd8f9b909a7f65929566f5d117e7e8	MFANNS/simulator/memory/20260329/mfnns_t2i_k10_ef20_30_40_dualq_q20_100/logs/t2i1m_normalized_k10_ef30_q47_stats.yml	748877dcdb2eb02ec7eaae482bb16070c6476abcee20538de970408af3f837fb	9616542	0.88700000000000001	396747	PASS
mfnns	t2i1m_normalized_k10_ef30_q48	30	48	47	ae/figure21/configs/mfnns/t2i1m_normalized_k10_ef30_q48.yaml	MFANNS/simulator/memory/20260329/mfnns_t2i_k10_ef20_30_40_dualq_q20_100/yamls/t2i1m_normalized_k10_ef30_q48.yaml	96151ab9380ccee944a6d9f126ff73d81f8426ad277c4b87787519ddcf8f276b	021393e12a884a3b80bef8a73a104e63e6ae3527562ec799eb785905af8574c9	MFANNS/simulator/memory/20260329/mfnns_t2i_k10_ef20_30_40_dualq_q20_100/logs/t2i1m_normalized_k10_ef30_q48_stats.yml	6f23a57e47749ee2bdc90f6d04a564ef2a89695da5753c110e68e042a7b79acc	9616543	0.88800000000000001	402372	PASS
mfnns	t2i1m_normalized_k10_ef30_q49	30	49	48	ae/figure21/configs/mfnns/t2i1m_normalized_k10_ef30_q49.yaml	MFANNS/simulator/memory/20260329/mfnns_t2i_k10_ef20_30_40_dualq_q20_100/yamls/t2i1m_normalized_k10_ef30_q49.yaml	416aa09c553e34bd867ddd13393c1d3b8885290b573c1dd58623cf15941c24e3	863a1bda972d95da4ef63084e74d0ca220b77987b4003c14019c19d85bd3ba6d	MFANNS/simulator/memory/20260329/mfnns_t2i_k10_ef20_30_40_dualq_q20_100/logs/t2i1m_normalized_k10_ef30_q49_stats.yml	b129f7c42050466b9391fddaa321ca4254b5c3d8b188576c583ed68bf6c3b769	9616544	0.88900000000000001	405222	PASS
mfnns	t2i1m_normalized_k10_ef30_q50	30	50	49	ae/figure21/configs/mfnns/t2i1m_normalized_k10_ef30_q50.yaml	MFANNS/simulator/memory/20260329/mfnns_t2i_k10_ef20_30_40_dualq_q20_100/yamls/t2i1m_normalized_k10_ef30_q50.yaml	e1479a7a4f7e197ddda2bcb40ab130a27cde5c4da3bf330f53fdc7d0a792be01	2b6952aa8995bae6925cc0ac8328046360512d68eae246fb5d0448bc5077c5d2	MFANNS/simulator/memory/20260329/mfnns_t2i_k10_ef20_30_40_dualq_q20_100/logs/t2i1m_normalized_k10_ef30_q50_stats.yml	11cccc64ab60bd9c86fcb29383c19de175bdf13793ce009b5f690bf67974f3e4	9616545	0.89000000000000001	408597	PASS
mfnns	t2i1m_normalized_k10_ef30_q51	30	51	50	ae/figure21/configs/mfnns/t2i1m_normalized_k10_ef30_q51.yaml	MFANNS/simulator/memory/20260329/mfnns_t2i_k10_ef20_30_40_dualq_q20_100/yamls/t2i1m_normalized_k10_ef30_q51.yaml	490dd6b50deba4278a6e19b135d72caf046cc707499494a25afa5e9852ec7bed	afaffcd49ca287de710fe8b0a1c5666e27ff2b9300a2607f5332dc9220009448	MFANNS/simulator/memory/20260329/mfnns_t2i_k10_ef20_30_40_dualq_q20_100/logs/t2i1m_normalized_k10_ef30_q51_stats.yml	79b2dd45f4b2ffb0f1d29489118c9a877f6bdb243162dbec88ca037a61e737f8	9616546	0.89100000000000001	409047	PASS
mfnns	t2i1m_normalized_k10_ef30_q52	30	52	51	ae/figure21/configs/mfnns/t2i1m_normalized_k10_ef30_q52.yaml	MFANNS/simulator/memory/20260329/mfnns_t2i_k10_ef20_30_40_dualq_q20_100/yamls/t2i1m_normalized_k10_ef30_q52.yaml	ee66c9e06e021618e85975989318c9584f38cfcadab0681c4446637fec44b5b9	7ec4fc04797970a90a8332445ff4888a6e17736ea49fc70046f58331df4c55d7	MFANNS/simulator/memory/20260329/mfnns_t2i_k10_ef20_30_40_dualq_q20_100/logs/t2i1m_normalized_k10_ef30_q52_stats.yml	86b00d8dfdb13b8f5863c2aaa904e1bd2fa05a14c4b3de83d5ba50909d72755e	9616547	0.89100000000000001	411822	PASS
mfnns	t2i1m_normalized_k10_ef30_q53	30	53	52	ae/figure21/configs/mfnns/t2i1m_normalized_k10_ef30_q53.yaml	MFANNS/simulator/memory/20260329/mfnns_t2i_k10_ef20_30_40_dualq_q20_100/yamls/t2i1m_normalized_k10_ef30_q53.yaml	4d686416859c81f818346ff22c8d86ddbf313526c77178f415f77d2b445d0f1c	892cc3bf69a827c7860b93d4df926086394386747d53a39cde839e6c5c0d0bbe	MFANNS/simulator/memory/20260329/mfnns_t2i_k10_ef20_30_40_dualq_q20_100/logs/t2i1m_normalized_k10_ef30_q53_stats.yml	27284112f7d4fb5177184c70c1867eedf84143e10561b8bef8f7636a24b3150c	9616548	0.89000000000000001	409947	PASS
mfnns	t2i1m_normalized_k10_ef30_q54	30	54	53	ae/figure21/configs/mfnns/t2i1m_normalized_k10_ef30_q54.yaml	MFANNS/simulator/memory/20260329/mfnns_t2i_k10_ef20_30_40_dualq_q20_100/yamls/t2i1m_normalized_k10_ef30_q54.yaml	93d5c7c5405439fbb08030c7f2c894cd458e4c885423132fc9641dded2cc1d50	729bc54203c33ac0c23d23fd15c2feb0e173e7f80f0b4718338f3abf1922ee9f	MFANNS/simulator/memory/20260329/mfnns_t2i_k10_ef20_30_40_dualq_q20_100/logs/t2i1m_normalized_k10_ef30_q54_stats.yml	c40f177b8eaebe8cde5c4a3b9841d25772523178b90bb64680a5700696840f90	9616549	0.89500000000000002	415947	PASS
mfnns	t2i1m_normalized_k10_ef30_q55	30	55	54	ae/figure21/configs/mfnns/t2i1m_normalized_k10_ef30_q55.yaml	MFANNS/simulator/memory/20260329/mfnns_t2i_k10_ef20_30_40_dualq_q20_100/yamls/t2i1m_normalized_k10_ef30_q55.yaml	01e441ef5ca876669dbb44ce4787d33b9f9269e783a8c2fc6ea368433a3ec898	0fdd671c0a727e7704a1e213a1e6bdc9fa2e6b444985c61608bd97934ce2535a	MFANNS/simulator/memory/20260329/mfnns_t2i_k10_ef20_30_40_dualq_q20_100/logs/t2i1m_normalized_k10_ef30_q55_stats.yml	978cb1b723d58b9c94e7f2863c4d81163906b3b8532a237cfffa04584ceaa3be	9616550	0.89600000000000002	417672	PASS
mfnns	t2i1m_normalized_k10_ef30_q56	30	56	55	ae/figure21/configs/mfnns/t2i1m_normalized_k10_ef30_q56.yaml	MFANNS/simulator/memory/20260329/mfnns_t2i_k10_ef20_30_40_dualq_q20_100/yamls/t2i1m_normalized_k10_ef30_q56.yaml	f3097383b0ed256e47008da8a2e0d362520a6db8459800e536e42087ac0d53fa	70c8d739b32cdfd3ebc429eff8724efa8c913316a04ff91042f2879c93f06a6a	MFANNS/simulator/memory/20260329/mfnns_t2i_k10_ef20_30_40_dualq_q20_100/logs/t2i1m_normalized_k10_ef30_q56_stats.yml	acf02ac654f7f0651c5f55471d3844c20f30b6da67883296febd384677072c37	9616551	0.89800000000000002	418797	PASS
mfnns	t2i1m_normalized_k10_ef30_q57	30	57	56	ae/figure21/configs/mfnns/t2i1m_normalized_k10_ef30_q57.yaml	MFANNS/simulator/memory/20260329/mfnns_t2i_k10_ef20_30_40_dualq_q20_100/yamls/t2i1m_normalized_k10_ef30_q57.yaml	201e57bcf6da459b454241a245c0c04105f925e12d15692af82d10f52f487f8a	d20f755ae942a5ada75bd891d186a38ce81f8c1a0e74dee12be6ad78e1a8a54a	MFANNS/simulator/memory/20260329/mfnns_t2i_k10_ef20_30_40_dualq_q20_100/logs/t2i1m_normalized_k10_ef30_q57_stats.yml	9cf6b4a31d0e8ae77e9f148cc9418ac2039278d8e8dba62254ce362497443730	9616552	0.89800000000000002	420147	PASS
mfnns	t2i1m_normalized_k10_ef30_q58	30	58	57	ae/figure21/configs/mfnns/t2i1m_normalized_k10_ef30_q58.yaml	MFANNS/simulator/memory/20260329/mfnns_t2i_k10_ef20_30_40_dualq_q20_100/yamls/t2i1m_normalized_k10_ef30_q58.yaml	153cd5d5d2254ff86e3c2707503fed73d4764af25bca3c0c7830fbf76c4be1d9	328bba43db6d98e0a896a6ef8d61c54794c5816ac9575a80bf09583188b7e994	MFANNS/simulator/memory/20260329/mfnns_t2i_k10_ef20_30_40_dualq_q20_100/logs/t2i1m_normalized_k10_ef30_q58_stats.yml	cfcb5d2ed2702035ce0aba5ede49e764db98a2f204b18f59dc22e61351e59b58	9616553	0.89800000000000002	421647	PASS
mfnns	t2i1m_normalized_k10_ef30_q59	30	59	58	ae/figure21/configs/mfnns/t2i1m_normalized_k10_ef30_q59.yaml	MFANNS/simulator/memory/20260329/mfnns_t2i_k10_ef20_30_40_dualq_q20_100/yamls/t2i1m_normalized_k10_ef30_q59.yaml	0642a63a6f8d86246b086ec9c300040d0a9a3d23ee7fc7fa8b08dc2f9d15fcd2	8cb0f9024d3ddc3e82fedf3bac6b27933faed41e9546c540088dd32c41b2dde5	MFANNS/simulator/memory/20260329/mfnns_t2i_k10_ef20_30_40_dualq_q20_100/logs/t2i1m_normalized_k10_ef30_q59_stats.yml	dace4f6ec512dfaf01e9478855c312fc791ed6ccc99801e0ec09be06e04a97ca	9616554	0.90000000000000002	425622	PASS
mfnns	t2i1m_normalized_k10_ef30_q60	30	60	59	ae/figure21/configs/mfnns/t2i1m_normalized_k10_ef30_q60.yaml	MFANNS/simulator/memory/20260329/mfnns_t2i_k10_ef20_30_40_dualq_q20_100/yamls/t2i1m_normalized_k10_ef30_q60.yaml	6c180faefc12a794790f673842e55f0c2945da8a631fd339410380bcf8d1264c	f8c311a1bdb6ccb08081ebe67dafef1cb821cb0ba1cab258fb3b652ba0ff0d00	MFANNS/simulator/memory/20260329/mfnns_t2i_k10_ef20_30_40_dualq_q20_100/logs/t2i1m_normalized_k10_ef30_q60_stats.yml	3fb270679a18069cff2860a3a5d3d88a006fbb087a099c4713d3f45f468d13ca	9616555	0.90100000000000002	422622	PASS
mfnns	t2i1m_normalized_k10_ef30_q61	30	61	60	ae/figure21/configs/mfnns/t2i1m_normalized_k10_ef30_q61.yaml	MFANNS/simulator/memory/20260329/mfnns_t2i_k10_ef20_30_40_dualq_q20_100/yamls/t2i1m_normalized_k10_ef30_q61.yaml	b0e0bb344cd0c7a8173adbeafc0f4a1cbf98b3887e23966fbe61274bdae2207a	5c683433fa3a7cb77fb85f17263a2efb82bb84bf7e81724fd378f2721504337c	MFANNS/simulator/memory/20260329/mfnns_t2i_k10_ef20_30_40_dualq_q20_100/logs/t2i1m_normalized_k10_ef30_q61_stats.yml	c70d2d8222bacb8046968754e58dc1e8b9021695eb0c6bccd319ac5ef3c098e3	9616556	0.90100000000000002	428097	PASS
mfnns	t2i1m_normalized_k10_ef30_q62	30	62	61	ae/figure21/configs/mfnns/t2i1m_normalized_k10_ef30_q62.yaml	MFANNS/simulator/memory/20260329/mfnns_t2i_k10_ef20_30_40_dualq_q20_100/yamls/t2i1m_normalized_k10_ef30_q62.yaml	f52c8b4e132a531df24dada9258103a8a432c554fc074f386787ffe888b47e02	49687b9e36998bdfbd3ef92b45e684f0f4ed791ac8f8b540f290948ef7d0ceef	MFANNS/simulator/memory/20260329/mfnns_t2i_k10_ef20_30_40_dualq_q20_100/logs/t2i1m_normalized_k10_ef30_q62_stats.yml	ad45fa3473de71569fbe8abbb2ff425770775a1203952ecdaa03f09224cfe9fb	9616557	0.90200000000000002	429372	PASS
mfnns	t2i1m_normalized_k10_ef30_q63	30	63	62	ae/figure21/configs/mfnns/t2i1m_normalized_k10_ef30_q63.yaml	MFANNS/simulator/memory/20260329/mfnns_t2i_k10_ef20_30_40_dualq_q20_100/yamls/t2i1m_normalized_k10_ef30_q63.yaml	565277194b0a5f720b90df4cc10382eeca39a99105163fed8a437cea042b0b34	3dd8c0da0e041664e9ce2edd39d56c649a5594ab742e7d274cc7ae7f4c1ffc27	MFANNS/simulator/memory/20260329/mfnns_t2i_k10_ef20_30_40_dualq_q20_100/logs/t2i1m_normalized_k10_ef30_q63_stats.yml	9341cbf415f6e164f6e9c3eac35c6b42838191b26ad0a6ff5f738a3d17129c64	9616558	0.90200000000000002	431997	PASS
mfnns	t2i1m_normalized_k10_ef30_q64	30	64	63	ae/figure21/configs/mfnns/t2i1m_normalized_k10_ef30_q64.yaml	MFANNS/simulator/memory/20260329/mfnns_t2i_k10_ef20_30_40_dualq_q20_100/yamls/t2i1m_normalized_k10_ef30_q64.yaml	4f5bf9d7cc58874da66a8492b1542add6638e1f51fd55c4809b13cd2a1ed03b0	e5f9dec6b39d7dd52ec9c4d5a67e9ab04c71d2993e24d087900479ca4ce70348	MFANNS/simulator/memory/20260329/mfnns_t2i_k10_ef20_30_40_dualq_q20_100/logs/t2i1m_normalized_k10_ef30_q64_stats.yml	bb5eb4c18939f4ea15f81956a280a55d506ee84cb93ea0ac5cf4dab1d74ee187	9616559	0.90100000000000002	433797	PASS
mfnns	t2i1m_normalized_k10_ef30_q65	30	65	64	ae/figure21/configs/mfnns/t2i1m_normalized_k10_ef30_q65.yaml	MFANNS/simulator/memory/20260329/mfnns_t2i_k10_ef20_30_40_dualq_q20_100/yamls/t2i1m_normalized_k10_ef30_q65.yaml	441e75c6b93aafd36064658100b4eb136b070ffcb209cc56723ae04469bac68b	0ececa97b6fc61f0177ad70889e110ef91b411b6480f607e3b7c06497fa9667a	MFANNS/simulator/memory/20260329/mfnns_t2i_k10_ef20_30_40_dualq_q20_100/logs/t2i1m_normalized_k10_ef30_q65_stats.yml	490d4e0083cab5e88817be31323c2ce3ef0db223b89962fda28b38746d872e7f	9616560	0.90100000000000002	436722	PASS
mfnns	t2i1m_normalized_k10_ef30_q66	30	66	65	ae/figure21/configs/mfnns/t2i1m_normalized_k10_ef30_q66.yaml	MFANNS/simulator/memory/20260329/mfnns_t2i_k10_ef20_30_40_dualq_q20_100/yamls/t2i1m_normalized_k10_ef30_q66.yaml	f5493df13f1dddf55fc49fc4a7e242f53efbc05de38df24db10b9de7a5500da6	fbb3417219deb71ba2dc1ec83a219ce3105e8395e209d18ff4c1c977eb3baaba	MFANNS/simulator/memory/20260329/mfnns_t2i_k10_ef20_30_40_dualq_q20_100/logs/t2i1m_normalized_k10_ef30_q66_stats.yml	5689b3e91317d0274693ded6ccbff0ddb87170fc7dc4eae74a7b8446b8908416	9616561	0.90100000000000002	441072	PASS
mfnns	t2i1m_normalized_k10_ef30_q67	30	67	66	ae/figure21/configs/mfnns/t2i1m_normalized_k10_ef30_q67.yaml	MFANNS/simulator/memory/20260329/mfnns_t2i_k10_ef20_30_40_dualq_q20_100/yamls/t2i1m_normalized_k10_ef30_q67.yaml	760f61d6f0531fb5caeeb255c0a915d466f659dab84a2eb09b7f8ff53e5c5249	73d9dccdb65e422eb4c4daea67d0f35edbf5bbf4c86050b97adaa7963ce8af1b	MFANNS/simulator/memory/20260329/mfnns_t2i_k10_ef20_30_40_dualq_q20_100/logs/t2i1m_normalized_k10_ef30_q67_stats.yml	4a031adb424bba1d74edb0dfff2ccae9ce95fe520ea6819ac9ea8d25237f84dd	9616562	0.90100000000000002	441372	PASS
mfnns	t2i1m_normalized_k10_ef30_q68	30	68	67	ae/figure21/configs/mfnns/t2i1m_normalized_k10_ef30_q68.yaml	MFANNS/simulator/memory/20260329/mfnns_t2i_k10_ef20_30_40_dualq_q20_100/yamls/t2i1m_normalized_k10_ef30_q68.yaml	5eab3e31a15b2bf26656e25c4a395518a33b4a936bc44b7f5ebe40d0d82f499f	e84f71e1ffd95a72a317acb9af0a1535d88109f900d3360955bf4bb59c5d4031	MFANNS/simulator/memory/20260329/mfnns_t2i_k10_ef20_30_40_dualq_q20_100/logs/t2i1m_normalized_k10_ef30_q68_stats.yml	3cee71dff3043f648b0cb1a2762287446715f0d13d74e945b534a71b8c7afd98	9616563	0.90200000000000002	444222	PASS
mfnns	t2i1m_normalized_k10_ef30_q69	30	69	68	ae/figure21/configs/mfnns/t2i1m_normalized_k10_ef30_q69.yaml	MFANNS/simulator/memory/20260329/mfnns_t2i_k10_ef20_30_40_dualq_q20_100/yamls/t2i1m_normalized_k10_ef30_q69.yaml	9fd9f9dceb7de412f20f97efa9b0de072adb1d124f8173b9266836eb66b6d594	4ecbf1c7d4c39eb9f2ee6772ab7747181e8bbe980326032af7dfc5e9b8100b4c	MFANNS/simulator/memory/20260329/mfnns_t2i_k10_ef20_30_40_dualq_q20_100/logs/t2i1m_normalized_k10_ef30_q69_stats.yml	6fcb1ae38ff6970d89153df4ad6e81cd431fc4d5a1a850493d2e25d89f3e2385	9616564	0.90200000000000002	441147	PASS
mfnns	t2i1m_normalized_k10_ef30_q70	30	70	69	ae/figure21/configs/mfnns/t2i1m_normalized_k10_ef30_q70.yaml	MFANNS/simulator/memory/20260329/mfnns_t2i_k10_ef20_30_40_dualq_q20_100/yamls/t2i1m_normalized_k10_ef30_q70.yaml	32a21612ce6ee119137dfc75c88d00a34a751c0719075b9da4a61817fd64ae88	4389941b952feff744a9233299c9cfca8df5115807320b4dbb13d81fb2c30cd8	MFANNS/simulator/memory/20260329/mfnns_t2i_k10_ef20_30_40_dualq_q20_100/logs/t2i1m_normalized_k10_ef30_q70_stats.yml	0ecb6a79712a479168f6e32d027419fbdff574364e6ea0989fc5761e2a13b790	9616565	0.90200000000000002	445647	PASS
mfnns	t2i1m_normalized_k10_ef30_q71	30	71	70	ae/figure21/configs/mfnns/t2i1m_normalized_k10_ef30_q71.yaml	MFANNS/simulator/memory/20260329/mfnns_t2i_k10_ef20_30_40_dualq_q20_100/yamls/t2i1m_normalized_k10_ef30_q71.yaml	c006bce5e291751c084dec00b6e026f7033816b5a68201c8ecd3ff1075e14e7b	fecc1b2ab02d3d30f0cd40f9b02ec7a975dbc7b978b85b84b5dcf20050a7490e	MFANNS/simulator/memory/20260329/mfnns_t2i_k10_ef20_30_40_dualq_q20_100/logs/t2i1m_normalized_k10_ef30_q71_stats.yml	16b831bdf02e0a0fa78aced6c2f06b91ba1549d9bd110c067960044ebcb3a219	9616566	0.90300000000000002	444822	PASS
mfnns	t2i1m_normalized_k10_ef30_q72	30	72	71	ae/figure21/configs/mfnns/t2i1m_normalized_k10_ef30_q72.yaml	MFANNS/simulator/memory/20260329/mfnns_t2i_k10_ef20_30_40_dualq_q20_100/yamls/t2i1m_normalized_k10_ef30_q72.yaml	b273407d84906bb9e42b71eb9728496ec3c0948e52b0ed186df90296899e1006	d4041b8f94ea0f544d9cdd9921617f2bae818a2d49a411d1cf933b2c277f0907	MFANNS/simulator/memory/20260329/mfnns_t2i_k10_ef20_30_40_dualq_q20_100/logs/t2i1m_normalized_k10_ef30_q72_stats.yml	32490ac0b082b4255a4e4ef92027ae7157db6f76a8699183d73743bf93368154	9616567	0.90400000000000003	450372	PASS
mfnns	t2i1m_normalized_k10_ef30_q73	30	73	72	ae/figure21/configs/mfnns/t2i1m_normalized_k10_ef30_q73.yaml	MFANNS/simulator/memory/20260329/mfnns_t2i_k10_ef20_30_40_dualq_q20_100/yamls/t2i1m_normalized_k10_ef30_q73.yaml	dfc28b54a8b5df7470afea923a59af9682f58317a3bbc678e9b6e3cad233f234	1d171d4c6b24c4a5e3918d43bc2d750df5eab1089d6da5b71be8ef3abf0827b5	MFANNS/simulator/memory/20260329/mfnns_t2i_k10_ef20_30_40_dualq_q20_100/logs/t2i1m_normalized_k10_ef30_q73_stats.yml	1ce67a520a8f82e5ebeb0ae05fcc5e171434ca30892b09908c2de69d5fa47554	9616568	0.90500000000000003	448497	PASS
mfnns	t2i1m_normalized_k10_ef30_q74	30	74	73	ae/figure21/configs/mfnns/t2i1m_normalized_k10_ef30_q74.yaml	MFANNS/simulator/memory/20260329/mfnns_t2i_k10_ef20_30_40_dualq_q20_100/yamls/t2i1m_normalized_k10_ef30_q74.yaml	72c8517791554e2ca78c1aeeeeed8f94539653af09ef592dbcaf16a15ada5f13	e53d780ac3f4697e849da208017169fe9ca487e77239c27ac125567f29c88a61	MFANNS/simulator/memory/20260329/mfnns_t2i_k10_ef20_30_40_dualq_q20_100/logs/t2i1m_normalized_k10_ef30_q74_stats.yml	a888b344b9d86036ce5f2b9feb0d03fa9f0c62899cb71825d0893b5fe97f27cf	9616569	0.90500000000000003	453372	PASS
mfnns	t2i1m_normalized_k10_ef30_q75	30	75	74	ae/figure21/configs/mfnns/t2i1m_normalized_k10_ef30_q75.yaml	MFANNS/simulator/memory/20260329/mfnns_t2i_k10_ef20_30_40_dualq_q20_100/yamls/t2i1m_normalized_k10_ef30_q75.yaml	bfa82b68c95811d72d89f205b93adc9ab6d973bd2217865d97d45848437a4e9e	e6fda1dcc5028c09a60b56d07e333bce49a1c618a2a81026403d3eb49890f8d8	MFANNS/simulator/memory/20260329/mfnns_t2i_k10_ef20_30_40_dualq_q20_100/logs/t2i1m_normalized_k10_ef30_q75_stats.yml	877003a9e227cc936be2d284a666e7cc3c5f5c5e9e6904d511c68f94b20e9d59	9616570	0.90500000000000003	451047	PASS
mfnns	t2i1m_normalized_k10_ef30_q76	30	76	75	ae/figure21/configs/mfnns/t2i1m_normalized_k10_ef30_q76.yaml	MFANNS/simulator/memory/20260329/mfnns_t2i_k10_ef20_30_40_dualq_q20_100/yamls/t2i1m_normalized_k10_ef30_q76.yaml	d45614dc329a949a37b90eda55952dd4f13d6f691a60c354424bcc6dab498e90	ac8ffa46acf6c754a5303c11833f19e827f3c7cb7c9dcc61fd5fe6abb469c364	MFANNS/simulator/memory/20260329/mfnns_t2i_k10_ef20_30_40_dualq_q20_100/logs/t2i1m_normalized_k10_ef30_q76_stats.yml	69a8c57361ad5f7b26aff8a76ec129ba442b91ee8d1c2f907f01634443449ca1	9616571	0.90500000000000003	455022	PASS
mfnns	t2i1m_normalized_k10_ef30_q77	30	77	76	ae/figure21/configs/mfnns/t2i1m_normalized_k10_ef30_q77.yaml	MFANNS/simulator/memory/20260329/mfnns_t2i_k10_ef20_30_40_dualq_q20_100/yamls/t2i1m_normalized_k10_ef30_q77.yaml	4ee5f6466f7440e12e48ec3f4e9242075491b088702cd450c8a7858803ba73ca	f22cf03985bbef259eec7e79c2ed8b64df5abe040afd1c6af332b898d866b150	MFANNS/simulator/memory/20260329/mfnns_t2i_k10_ef20_30_40_dualq_q20_100/logs/t2i1m_normalized_k10_ef30_q77_stats.yml	cd7aa18e43976ef0ee1b07e96f5200156161852bfa3c44538ba7bb9b93d063e5	9616572	0.90500000000000003	457872	PASS
mfnns	t2i1m_normalized_k10_ef30_q78	30	78	77	ae/figure21/configs/mfnns/t2i1m_normalized_k10_ef30_q78.yaml	MFANNS/simulator/memory/20260329/mfnns_t2i_k10_ef20_30_40_dualq_q20_100/yamls/t2i1m_normalized_k10_ef30_q78.yaml	ce7ad9898151335a6a98d0135d73374901994494437dfe37d5b1427d2af6387d	04a6c3fd2b34aa8770ef1ee99164cee752baba4e814470d8cc284fa3dd7d47f1	MFANNS/simulator/memory/20260329/mfnns_t2i_k10_ef20_30_40_dualq_q20_100/logs/t2i1m_normalized_k10_ef30_q78_stats.yml	b21fac64b9e9c2755b9c78112a2c5c7e6772c7fcf1f69a51568ffe07ae73d92b	9616573	0.90500000000000003	459672	PASS
mfnns	t2i1m_normalized_k10_ef30_q79	30	79	78	ae/figure21/configs/mfnns/t2i1m_normalized_k10_ef30_q79.yaml	MFANNS/simulator/memory/20260329/mfnns_t2i_k10_ef20_30_40_dualq_q20_100/yamls/t2i1m_normalized_k10_ef30_q79.yaml	9580a7af28e71eb6eacc1ead4b755803610a549590d34da882b2515ebbe59f57	5ffc88c6ab96687bc0d11579339973f58d20874187ba3316518c78f3a8dee6c3	MFANNS/simulator/memory/20260329/mfnns_t2i_k10_ef20_30_40_dualq_q20_100/logs/t2i1m_normalized_k10_ef30_q79_stats.yml	3cb60d2a7bdbc4a9090e26cde957a9714387b365701d29af2e411eefe22d9967	9616574	0.90600000000000003	461172	PASS
mfnns	t2i1m_normalized_k10_ef30_q80	30	80	79	ae/figure21/configs/mfnns/t2i1m_normalized_k10_ef30_q80.yaml	MFANNS/simulator/memory/20260329/mfnns_t2i_k10_ef20_30_40_dualq_q20_100/yamls/t2i1m_normalized_k10_ef30_q80.yaml	3795e4765740cebd5ec010a933e75171d31660d171ae7daa4f2d3a2787636ca9	0392500ad1dbd2d6894885ff2362375a0f73dc51cf8dbaa1d3df80ba55fff5c7	MFANNS/simulator/memory/20260329/mfnns_t2i_k10_ef20_30_40_dualq_q20_100/logs/t2i1m_normalized_k10_ef30_q80_stats.yml	25667ec801f817aa4841e482f2421b5c6b4e7fa2eca25b34a2609e74da6e4353	9616575	0.90700000000000003	465297	PASS
mfnns	t2i1m_normalized_k10_ef30_q81	30	81	80	ae/figure21/configs/mfnns/t2i1m_normalized_k10_ef30_q81.yaml	MFANNS/simulator/memory/20260329/mfnns_t2i_k10_ef20_30_40_dualq_q20_100/yamls/t2i1m_normalized_k10_ef30_q81.yaml	d02418fbbb565ccc4ea31f5d908b5cbff0787c000bfa9d187b632ee61df804a2	942895f293d64095d14d5ca393019d285ed9b3346ee898778fe9a5965eb0241f	MFANNS/simulator/memory/20260329/mfnns_t2i_k10_ef20_30_40_dualq_q20_100/logs/t2i1m_normalized_k10_ef30_q81_stats.yml	3983c029250736f0a816c7ea82c649143ad0b939376df3295d73796d2889082e	9616576	0.90800000000000003	465147	PASS
mfnns	t2i1m_normalized_k10_ef30_q82	30	82	81	ae/figure21/configs/mfnns/t2i1m_normalized_k10_ef30_q82.yaml	MFANNS/simulator/memory/20260329/mfnns_t2i_k10_ef20_30_40_dualq_q20_100/yamls/t2i1m_normalized_k10_ef30_q82.yaml	01dbd44bd6b864757a83600cbccdf366da6f68a323f7579fb2ec64d9510eb9de	35d072af9a08b7413557f69783546622107a4a9e5ca3970403f595dc2f62adcb	MFANNS/simulator/memory/20260329/mfnns_t2i_k10_ef20_30_40_dualq_q20_100/logs/t2i1m_normalized_k10_ef30_q82_stats.yml	3550bdc64f384926cf1bfbd5710ab74b3f4b69460e0750fa62bc33049511ca55	9616577	0.90800000000000003	466572	PASS
mfnns	t2i1m_normalized_k10_ef30_q83	30	83	82	ae/figure21/configs/mfnns/t2i1m_normalized_k10_ef30_q83.yaml	MFANNS/simulator/memory/20260329/mfnns_t2i_k10_ef20_30_40_dualq_q20_100/yamls/t2i1m_normalized_k10_ef30_q83.yaml	86ac547cdac65f03e92842018d484fe900d62772b34caaed24c62d333b3832b7	3519383da20c9f4ba066b828ae6350578d8d3f673c3fc3e2e28928baf55f1ad5	MFANNS/simulator/memory/20260329/mfnns_t2i_k10_ef20_30_40_dualq_q20_100/logs/t2i1m_normalized_k10_ef30_q83_stats.yml	9efe70815464480c9ac5f34d4fde89104b9fbec493eff28eedfdf5af3640030d	9616578	0.90800000000000003	467022	PASS
mfnns	t2i1m_normalized_k10_ef30_q84	30	84	83	ae/figure21/configs/mfnns/t2i1m_normalized_k10_ef30_q84.yaml	MFANNS/simulator/memory/20260329/mfnns_t2i_k10_ef20_30_40_dualq_q20_100/yamls/t2i1m_normalized_k10_ef30_q84.yaml	5e67ed1dda674b834a6355237d4c7f6c27789ad6f8262a69393d5b7d15c66f88	e326b48170b5d88b2fef736508243269ff25a5405d7dc0858fa6a503c332a126	MFANNS/simulator/memory/20260329/mfnns_t2i_k10_ef20_30_40_dualq_q20_100/logs/t2i1m_normalized_k10_ef30_q84_stats.yml	b823c20a779fa61fd02cef0dad0c6def0ae83d7360f11d964028808f6fbd36df	9616579	0.90800000000000003	467397	PASS
mfnns	t2i1m_normalized_k10_ef30_q85	30	85	84	ae/figure21/configs/mfnns/t2i1m_normalized_k10_ef30_q85.yaml	MFANNS/simulator/memory/20260329/mfnns_t2i_k10_ef20_30_40_dualq_q20_100/yamls/t2i1m_normalized_k10_ef30_q85.yaml	08efe5aabd73eb51dd8ba4c261b70bd0ed2eab312a7db43e245e0bc1f957f82d	91b74b8892019031cf8bd46d735154b1f038b9a09c289ff921f575c2f7f7868e	MFANNS/simulator/memory/20260329/mfnns_t2i_k10_ef20_30_40_dualq_q20_100/logs/t2i1m_normalized_k10_ef30_q85_stats.yml	92317f74b657d6a3eeba775e1ce49520392e618bfbdc77d8eb304ccd46434c24	9616580	0.90800000000000003	467622	PASS
mfnns	t2i1m_normalized_k10_ef30_q86	30	86	85	ae/figure21/configs/mfnns/t2i1m_normalized_k10_ef30_q86.yaml	MFANNS/simulator/memory/20260329/mfnns_t2i_k10_ef20_30_40_dualq_q20_100/yamls/t2i1m_normalized_k10_ef30_q86.yaml	50cad63380e29d2efacbe33d84afc6336f5ddd21d5456628ed1d8d7721d5763e	bf68fa4cfb1ca87efb6fd675da173f755b7562c22877cd96124969701eb6fe68	MFANNS/simulator/memory/20260329/mfnns_t2i_k10_ef20_30_40_dualq_q20_100/logs/t2i1m_normalized_k10_ef30_q86_stats.yml	aa2c497827532b01b873fb2b935fcd6f167d54dc4715e563534fe5a598bbdd13	9616581	0.91800000000000004	470922	PASS
mfnns	t2i1m_normalized_k10_ef30_q87	30	87	86	ae/figure21/configs/mfnns/t2i1m_normalized_k10_ef30_q87.yaml	MFANNS/simulator/memory/20260329/mfnns_t2i_k10_ef20_30_40_dualq_q20_100/yamls/t2i1m_normalized_k10_ef30_q87.yaml	981ba0c8202b17d906dac2c65dbfda28682990c46e4d0d1cd3613c8401b190c0	3b0bcad401b6ce5859595e6233e993784b2649bef0d82a68ab0a138303d7f880	MFANNS/simulator/memory/20260329/mfnns_t2i_k10_ef20_30_40_dualq_q20_100/logs/t2i1m_normalized_k10_ef30_q87_stats.yml	002a6b4592c6c68721539429c48fdacf2f825668150d24117b547c2253105218	9616582	0.91800000000000004	468897	PASS
mfnns	t2i1m_normalized_k10_ef30_q88	30	88	87	ae/figure21/configs/mfnns/t2i1m_normalized_k10_ef30_q88.yaml	MFANNS/simulator/memory/20260329/mfnns_t2i_k10_ef20_30_40_dualq_q20_100/yamls/t2i1m_normalized_k10_ef30_q88.yaml	73fe3e97bc04ab54a12091161d8dc7ed07a902646c6437638396df6c03d36126	ad17c9b3777b5a85177a119f5a88525f428c253e209c3526bc415d9c1d8e19ed	MFANNS/simulator/memory/20260329/mfnns_t2i_k10_ef20_30_40_dualq_q20_100/logs/t2i1m_normalized_k10_ef30_q88_stats.yml	11b4686c7286bf6443d50ad169a487f6b411fab96908c3ed05151a2b1802a4bf	9616583	0.91800000000000004	476997	PASS
mfnns	t2i1m_normalized_k10_ef30_q89	30	89	88	ae/figure21/configs/mfnns/t2i1m_normalized_k10_ef30_q89.yaml	MFANNS/simulator/memory/20260329/mfnns_t2i_k10_ef20_30_40_dualq_q20_100/yamls/t2i1m_normalized_k10_ef30_q89.yaml	e05ebba379cef9ce0301e65b6984ace2779c08c5f81dd0b891cccf96eedd284c	5d6a16071654a47ff651db56d23fe9f4294ae6265b5b5bf181dd546ac49c3156	MFANNS/simulator/memory/20260329/mfnns_t2i_k10_ef20_30_40_dualq_q20_100/logs/t2i1m_normalized_k10_ef30_q89_stats.yml	60140c0c716b94f6debaab6c8888d0b5c3f93d48f8d871890d8f95117133a191	9616584	0.91900000000000004	481647	PASS
mfnns	t2i1m_normalized_k10_ef30_q90	30	90	89	ae/figure21/configs/mfnns/t2i1m_normalized_k10_ef30_q90.yaml	MFANNS/simulator/memory/20260329/mfnns_t2i_k10_ef20_30_40_dualq_q20_100/yamls/t2i1m_normalized_k10_ef30_q90.yaml	36524c2bb98c16b5250fa1dba63ef6f687904cd4337b5b5d2adc3352fa026bce	c27c229169969a12fa0399f5e1692515b35b490876fc3be4c820474e595ec85b	MFANNS/simulator/memory/20260329/mfnns_t2i_k10_ef20_30_40_dualq_q20_100/logs/t2i1m_normalized_k10_ef30_q90_stats.yml	85250a1e8eeef65d3e7368e52a747551b3f3bd9b54d1a3c96bcaeb7d3086d4b1	9616585	0.92000000000000004	473922	PASS
mfnns	t2i1m_normalized_k10_ef30_q91	30	91	90	ae/figure21/configs/mfnns/t2i1m_normalized_k10_ef30_q91.yaml	MFANNS/simulator/memory/20260329/mfnns_t2i_k10_ef20_30_40_dualq_q20_100/yamls/t2i1m_normalized_k10_ef30_q91.yaml	d385c3d109c7cbc9641aaf7331549e90e9d645ddf7076f6f9fd7ebd76e149361	fc41b58023b780f5e419c94a1f3470736c360dbd622387eb661e91d4f3e1b5f4	MFANNS/simulator/memory/20260329/mfnns_t2i_k10_ef20_30_40_dualq_q20_100/logs/t2i1m_normalized_k10_ef30_q91_stats.yml	18336a2c8a7d77e93c13d17aa008ebbfd9da4972d4385310198bb475d3b64ec6	9616586	0.92000000000000004	478272	PASS
mfnns	t2i1m_normalized_k10_ef30_q92	30	92	91	ae/figure21/configs/mfnns/t2i1m_normalized_k10_ef30_q92.yaml	MFANNS/simulator/memory/20260329/mfnns_t2i_k10_ef20_30_40_dualq_q20_100/yamls/t2i1m_normalized_k10_ef30_q92.yaml	fde2607d44f923fa0882d757a8857980cb2312af86c008515a2e5620d7b30efc	e12cc3baf083597c49e3df852cce178a21b922878f8a9ba57ee555107ddaf806	MFANNS/simulator/memory/20260329/mfnns_t2i_k10_ef20_30_40_dualq_q20_100/logs/t2i1m_normalized_k10_ef30_q92_stats.yml	3e203a0a188f6a79a49cca81892d950e13e58af0d63d859c6108fa8c3a8b005b	9616587	0.92000000000000004	481947	PASS
mfnns	t2i1m_normalized_k10_ef30_q93	30	93	92	ae/figure21/configs/mfnns/t2i1m_normalized_k10_ef30_q93.yaml	MFANNS/simulator/memory/20260329/mfnns_t2i_k10_ef20_30_40_dualq_q20_100/yamls/t2i1m_normalized_k10_ef30_q93.yaml	70b4dee8f90e238ad7afe1da332008632061b67c7aa25c253e732e4688419ada	359c8859614b82adbc9f4eb20d7d57ac320101f234efdaced0a231b56b016c7f	MFANNS/simulator/memory/20260329/mfnns_t2i_k10_ef20_30_40_dualq_q20_100/logs/t2i1m_normalized_k10_ef30_q93_stats.yml	d84679a2811ee52adead78f4dea9dcca10c1c08aeb99848dbdfa396ebc6e00c6	9616588	0.92000000000000004	484272	PASS
mfnns	t2i1m_normalized_k10_ef30_q94	30	94	93	ae/figure21/configs/mfnns/t2i1m_normalized_k10_ef30_q94.yaml	MFANNS/simulator/memory/20260329/mfnns_t2i_k10_ef20_30_40_dualq_q20_100/yamls/t2i1m_normalized_k10_ef30_q94.yaml	1a3e284eaf097e225e35ea5669d4fd1896b35d6cb3f10faf0f07936457b51501	4ebe310ced126892f82148c22f8d2799d974ba4c169b0c5df24d77a316487037	MFANNS/simulator/memory/20260329/mfnns_t2i_k10_ef20_30_40_dualq_q20_100/logs/t2i1m_normalized_k10_ef30_q94_stats.yml	d56d98602f8098cc2d6e078b737c55c3cd3b43635c2f5b08b398f3dc21e14248	9616589	0.92000000000000004	486672	PASS
mfnns	t2i1m_normalized_k10_ef30_q95	30	95	94	ae/figure21/configs/mfnns/t2i1m_normalized_k10_ef30_q95.yaml	MFANNS/simulator/memory/20260329/mfnns_t2i_k10_ef20_30_40_dualq_q20_100/yamls/t2i1m_normalized_k10_ef30_q95.yaml	71c0fe0f97b253ce11ae6f182e1882bcaa610eff4584ccf813157caa516c471a	295c1936fc4fb8b3ad824347e7955fa0b2b049f88db535c771baac979d2a85d1	MFANNS/simulator/memory/20260329/mfnns_t2i_k10_ef20_30_40_dualq_q20_100/logs/t2i1m_normalized_k10_ef30_q95_stats.yml	38b445de2071da305a7b731b8f44c54a568072b033721a56f21b815b5df90b19	9616590	0.92000000000000004	486597	PASS
mfnns	t2i1m_normalized_k10_ef30_q96	30	96	95	ae/figure21/configs/mfnns/t2i1m_normalized_k10_ef30_q96.yaml	MFANNS/simulator/memory/20260329/mfnns_t2i_k10_ef20_30_40_dualq_q20_100/yamls/t2i1m_normalized_k10_ef30_q96.yaml	0f8afd84ba60c1f9036fd4dda7f26d32ff962d9200469c7824ec60b733cd539b	85a57e4db31a408e77273768cf3af9f1ac0ed6fbf5bc7b195c3d67a72aa9cab4	MFANNS/simulator/memory/20260329/mfnns_t2i_k10_ef20_30_40_dualq_q20_100/logs/t2i1m_normalized_k10_ef30_q96_stats.yml	9df261b67acc9a9084371ef111982a08d8d2c06bb02fcde7140e3d3a507c2684	9616591	0.92000000000000004	486297	PASS
mfnns	t2i1m_normalized_k10_ef30_q97	30	97	96	ae/figure21/configs/mfnns/t2i1m_normalized_k10_ef30_q97.yaml	MFANNS/simulator/memory/20260329/mfnns_t2i_k10_ef20_30_40_dualq_q20_100/yamls/t2i1m_normalized_k10_ef30_q97.yaml	b88588c61210f7d4fa7b895d1db2055b56aedeef4a362aeee0a2e372e6dc0a6b	aa30bc772d514a9eb97844cb6039185542a1c7a7a1c0564bf3c4fe5951c64105	MFANNS/simulator/memory/20260329/mfnns_t2i_k10_ef20_30_40_dualq_q20_100/logs/t2i1m_normalized_k10_ef30_q97_stats.yml	ca2703f9d28c8dbee5151b0928205cd531301f4a73f9f40d231e4b8cb5ee75de	9616593	0.92000000000000004	487197	PASS
mfnns	t2i1m_normalized_k10_ef30_q98	30	98	97	ae/figure21/configs/mfnns/t2i1m_normalized_k10_ef30_q98.yaml	MFANNS/simulator/memory/20260329/mfnns_t2i_k10_ef20_30_40_dualq_q20_100/yamls/t2i1m_normalized_k10_ef30_q98.yaml	763e44e4d23d8fb4c9d3cc7beeee36d33d0d8b04488494a365128a9c57096847	f3782809f9f2f745fd54c92e7b646a488da89e14b7ec48be1918b4c76a72a4bd	MFANNS/simulator/memory/20260329/mfnns_t2i_k10_ef20_30_40_dualq_q20_100/logs/t2i1m_normalized_k10_ef30_q98_stats.yml	a84aefc532551c8d5bab7fd0a1dd780a2ff8f9a2ac8ded62ea22067e6ab7e190	9616594	0.92100000000000004	488097	PASS
mfnns	t2i1m_normalized_k10_ef30_q99	30	99	98	ae/figure21/configs/mfnns/t2i1m_normalized_k10_ef30_q99.yaml	MFANNS/simulator/memory/20260329/mfnns_t2i_k10_ef20_30_40_dualq_q20_100/yamls/t2i1m_normalized_k10_ef30_q99.yaml	307a6cb9e0a5a2bbc9ff571b159a26f5d41f3d6cfd396ea4d3b1a57d59260a0e	ada325c67b24d274b76e8440a0ef74e14d56a16cec406cfcfefc124d1e850447	MFANNS/simulator/memory/20260329/mfnns_t2i_k10_ef20_30_40_dualq_q20_100/logs/t2i1m_normalized_k10_ef30_q99_stats.yml	39ea5e3619d7e89ff72c7cbe32a8065890969b251c88f603f5a0825766340c69	9616595	0.92200000000000004	493947	PASS
mfnns	t2i1m_normalized_k10_ef30_q100	30	100	99	ae/figure21/configs/mfnns/t2i1m_normalized_k10_ef30_q100.yaml	MFANNS/simulator/memory/20260329/mfnns_t2i_k10_ef20_30_40_dualq_q20_100/yamls/t2i1m_normalized_k10_ef30_q100.yaml	2673b3fa03bcddca848525f1a0d614b363aff942277d00a545b3fd596c627a6f	c39c4ba378daa05ea67f01d87778e1b55395d28c5189e231e0df59351fa4b2aa	MFANNS/simulator/memory/20260329/mfnns_t2i_k10_ef20_30_40_dualq_q20_100/logs/t2i1m_normalized_k10_ef30_q100_stats.yml	a1b0987890606042b5244175ac1fd7d59e290a196fd530429bfd612a9caf1639	9616596	0.92200000000000004	492672	PASS
mfnns	t2i1m_normalized_k10_ef40_q20	40	20	19	ae/figure21/configs/mfnns/t2i1m_normalized_k10_ef40_q20.yaml	MFANNS/simulator/memory/20260329/mfnns_t2i_k10_ef20_30_40_dualq_q20_100/yamls/t2i1m_normalized_k10_ef40_q20.yaml	91af9c297d67843573c960ae916ba73e9cc322d8be27a86abd7f14c6f6dc0e31	3cc941431ce09cdbadd8a96494be43cb11b85eb6f1b0b3bf2d34003f67f0569b	MFANNS/simulator/memory/20260329/mfnns_t2i_k10_ef20_30_40_dualq_q20_100/logs/t2i1m_normalized_k10_ef40_q20_stats.yml	d05272aea0fb6e3bd154b7e2924a84d0b292ffc43962febe4165aec336c7301a	9616597	0.754	287322	PASS
mfnns	t2i1m_normalized_k10_ef40_q21	40	21	20	ae/figure21/configs/mfnns/t2i1m_normalized_k10_ef40_q21.yaml	MFANNS/simulator/memory/20260329/mfnns_t2i_k10_ef20_30_40_dualq_q20_100/yamls/t2i1m_normalized_k10_ef40_q21.yaml	2a4a77fa5f37a677f576551fef2f76dac81f4bbfdb22d733442530673aa777cc	a5019ed922ba1db075c0d5185a97cf2b982918f916cc7b264610299726ea7c30	MFANNS/simulator/memory/20260329/mfnns_t2i_k10_ef20_30_40_dualq_q20_100/logs/t2i1m_normalized_k10_ef40_q21_stats.yml	d51b45317cf000de5f3472e49d4e6f317c62ac306ea7e4ba75a9a66da6b613f2	9616598	0.75800000000000001	299322	PASS
mfnns	t2i1m_normalized_k10_ef40_q22	40	22	21	ae/figure21/configs/mfnns/t2i1m_normalized_k10_ef40_q22.yaml	MFANNS/simulator/memory/20260329/mfnns_t2i_k10_ef20_30_40_dualq_q20_100/yamls/t2i1m_normalized_k10_ef40_q22.yaml	df1024e5b0c60ba1d51cd4392506e3abcba18c4ed9072f2966e13a884cc3c744	5e3f7a3f23e667b95121c16233b479fccac107520bb9b31c0f9703c6f81ac462	MFANNS/simulator/memory/20260329/mfnns_t2i_k10_ef20_30_40_dualq_q20_100/logs/t2i1m_normalized_k10_ef40_q22_stats.yml	6e351c8eeec246d3451045ab8c163567835603b4d7b9350ba2d77a478e381a88	9616599	0.75600000000000001	310647	PASS
mfnns	t2i1m_normalized_k10_ef40_q23	40	23	22	ae/figure21/configs/mfnns/t2i1m_normalized_k10_ef40_q23.yaml	MFANNS/simulator/memory/20260329/mfnns_t2i_k10_ef20_30_40_dualq_q20_100/yamls/t2i1m_normalized_k10_ef40_q23.yaml	046a408f4e24844da4e6155ae28096d0efeca416dc57b2e2d19b0a7813f6f638	2c6d791094c444992935ef1a59537e3c0a4f26ddca99df5c2b8b39366359ee6c	MFANNS/simulator/memory/20260329/mfnns_t2i_k10_ef20_30_40_dualq_q20_100/logs/t2i1m_normalized_k10_ef40_q23_stats.yml	37a70efba17caff3448bcafaef59877b218e131a6ab1c7beb48e59ce59520383	9616600	0.76600000000000001	319497	PASS
mfnns	t2i1m_normalized_k10_ef40_q24	40	24	23	ae/figure21/configs/mfnns/t2i1m_normalized_k10_ef40_q24.yaml	MFANNS/simulator/memory/20260329/mfnns_t2i_k10_ef20_30_40_dualq_q20_100/yamls/t2i1m_normalized_k10_ef40_q24.yaml	2b875ea6bc82a613ee4359d64c51bb046ead86a1de897208713ec2a9557e6bcc	00857fe7872cf0a4d53339cd9fff70c9e0ef43c4b68acf26e83ab9e39f69db97	MFANNS/simulator/memory/20260329/mfnns_t2i_k10_ef20_30_40_dualq_q20_100/logs/t2i1m_normalized_k10_ef40_q24_stats.yml	a982b7e976cc0d48c05462376f526aeb0be7aa580818eefbd7b8430f07d81dd2	9616601	0.77100000000000002	333747	PASS
mfnns	t2i1m_normalized_k10_ef40_q25	40	25	24	ae/figure21/configs/mfnns/t2i1m_normalized_k10_ef40_q25.yaml	MFANNS/simulator/memory/20260329/mfnns_t2i_k10_ef20_30_40_dualq_q20_100/yamls/t2i1m_normalized_k10_ef40_q25.yaml	d7f888cab21fcbc22b08589a77a95eaa257b1962d4f1a4a606de4a5b06714f60	b101264a96e88f83e1f65371a6272d022872f1ff1bf8b7cafdf8d1f667505938	MFANNS/simulator/memory/20260329/mfnns_t2i_k10_ef20_30_40_dualq_q20_100/logs/t2i1m_normalized_k10_ef40_q25_stats.yml	51cf38fd8b3262b42b7a74f9d4d20f688c04be16272264f842bb1d5effbaf565	9616602	0.78400000000000003	341022	PASS
mfnns	t2i1m_normalized_k10_ef40_q26	40	26	25	ae/figure21/configs/mfnns/t2i1m_normalized_k10_ef40_q26.yaml	MFANNS/simulator/memory/20260329/mfnns_t2i_k10_ef20_30_40_dualq_q20_100/yamls/t2i1m_normalized_k10_ef40_q26.yaml	849701ee91ae2f15e639475b106692c88d8ce62e211be18a53db65023f7f8796	9be058e7560d129bfed78f9a03c5f4a5094013a72be93730f1dd177bfabf14df	MFANNS/simulator/memory/20260329/mfnns_t2i_k10_ef20_30_40_dualq_q20_100/logs/t2i1m_normalized_k10_ef40_q26_stats.yml	8bb476354f2024baada87f39471dc94624ad3faf8be96ad7bc25677bd7ea8b34	9616603	0.77800000000000002	345747	PASS
mfnns	t2i1m_normalized_k10_ef40_q27	40	27	26	ae/figure21/configs/mfnns/t2i1m_normalized_k10_ef40_q27.yaml	MFANNS/simulator/memory/20260329/mfnns_t2i_k10_ef20_30_40_dualq_q20_100/yamls/t2i1m_normalized_k10_ef40_q27.yaml	844b0a08bc3ee9b433874930d9917a5a203e5c55d2a65047069f8e269ba17565	9e5599da191c79a7a9bca7666428093bed7a68372127c0024e50672579f8f2fd	MFANNS/simulator/memory/20260329/mfnns_t2i_k10_ef20_30_40_dualq_q20_100/logs/t2i1m_normalized_k10_ef40_q27_stats.yml	03ca24bc8457b18742d66a4a7133afaa5367ddae07ca5a883830f5c200696ed2	9616604	0.78900000000000003	359922	PASS
mfnns	t2i1m_normalized_k10_ef40_q28	40	28	27	ae/figure21/configs/mfnns/t2i1m_normalized_k10_ef40_q28.yaml	MFANNS/simulator/memory/20260329/mfnns_t2i_k10_ef20_30_40_dualq_q20_100/yamls/t2i1m_normalized_k10_ef40_q28.yaml	adc047354ac087a82eed837500b65b3b885fbc1fb38ea9c244e14ee80601e30a	fa394794fa64e3a0e1d44fc2c720baedb4efef2a21b33d9f3acb0fcfcfba7aa3	MFANNS/simulator/memory/20260329/mfnns_t2i_k10_ef20_30_40_dualq_q20_100/logs/t2i1m_normalized_k10_ef40_q28_stats.yml	11abad201cca62de2e01b0f95c0662ab27ab634abda3bdf15f969c9292d46e66	9616605	0.80600000000000005	364497	PASS
mfnns	t2i1m_normalized_k10_ef40_q29	40	29	28	ae/figure21/configs/mfnns/t2i1m_normalized_k10_ef40_q29.yaml	MFANNS/simulator/memory/20260329/mfnns_t2i_k10_ef20_30_40_dualq_q20_100/yamls/t2i1m_normalized_k10_ef40_q29.yaml	469a1990a6d176592da5bac0beaacce1c5b80e0bc50177d6530c58983179864d	db8ab3de2258fb4d7fff12eff713ff8fc94d1c279b9409ae028b98fcf2c59aa0	MFANNS/simulator/memory/20260329/mfnns_t2i_k10_ef20_30_40_dualq_q20_100/logs/t2i1m_normalized_k10_ef40_q29_stats.yml	77bb58b10b994088692dacc887be3a51570a40a2439f8f19cde5450797670b1e	9616606	0.81200000000000006	376572	PASS
mfnns	t2i1m_normalized_k10_ef40_q30	40	30	29	ae/figure21/configs/mfnns/t2i1m_normalized_k10_ef40_q30.yaml	MFANNS/simulator/memory/20260329/mfnns_t2i_k10_ef20_30_40_dualq_q20_100/yamls/t2i1m_normalized_k10_ef40_q30.yaml	3ba3ca3419e92c8d01abdd1980251194de5e8916249a13b47de3dfd50fa8f11a	b59be49aaba263b344447027c121c8c143566f801f178a98eeed98e3c997c9a9	MFANNS/simulator/memory/20260329/mfnns_t2i_k10_ef20_30_40_dualq_q20_100/logs/t2i1m_normalized_k10_ef40_q30_stats.yml	13c81324f2696bf4112f0d3d7d8b97f7d785ae7c448b495d86d328c9868968d9	9616607	0.82099999999999995	382722	PASS
mfnns	t2i1m_normalized_k10_ef40_q31	40	31	30	ae/figure21/configs/mfnns/t2i1m_normalized_k10_ef40_q31.yaml	MFANNS/simulator/memory/20260329/mfnns_t2i_k10_ef20_30_40_dualq_q20_100/yamls/t2i1m_normalized_k10_ef40_q31.yaml	e0b9fe6cb144b369f01e41dbbe04179428805c9be10a43a4ffab7799b4f2e05e	aa9056b92898ae6248a5d6e613e21760c6836165703a8321de29a71212953412	MFANNS/simulator/memory/20260329/mfnns_t2i_k10_ef20_30_40_dualq_q20_100/logs/t2i1m_normalized_k10_ef40_q31_stats.yml	4069620fce24c95cbb9d5fe2b3585e755cf4586c0899d03d293a5bf94a3a2f09	9616608	0.82399999999999995	395847	PASS
mfnns	t2i1m_normalized_k10_ef40_q32	40	32	31	ae/figure21/configs/mfnns/t2i1m_normalized_k10_ef40_q32.yaml	MFANNS/simulator/memory/20260329/mfnns_t2i_k10_ef20_30_40_dualq_q20_100/yamls/t2i1m_normalized_k10_ef40_q32.yaml	1235bc04fc01f0ec0a0b0688b7514e227dd4512f264d0fece00880ac4c935902	2ab703f159b0cfafd04ff76e3562439116820b432a486356b2516592e3048f3e	MFANNS/simulator/memory/20260329/mfnns_t2i_k10_ef20_30_40_dualq_q20_100/logs/t2i1m_normalized_k10_ef40_q32_stats.yml	f9272f0656e5f4f7e67be7b25ae6752808863fe60eaa09d7a5204a7f94bdd830	9616609	0.83599999999999997	403947	PASS
mfnns	t2i1m_normalized_k10_ef40_q33	40	33	32	ae/figure21/configs/mfnns/t2i1m_normalized_k10_ef40_q33.yaml	MFANNS/simulator/memory/20260329/mfnns_t2i_k10_ef20_30_40_dualq_q20_100/yamls/t2i1m_normalized_k10_ef40_q33.yaml	1c17a27cc0fd51aabb7e6105499a8435209c9a4242c0261a951e0ca3243a9559	a320844c0b62b84d520e33e6cfb04a0246ca4e16e8245a9e55f613237294f2a5	MFANNS/simulator/memory/20260329/mfnns_t2i_k10_ef20_30_40_dualq_q20_100/logs/t2i1m_normalized_k10_ef40_q33_stats.yml	e0892cac45cdc94fd96d44f0b7ae65dcc1ce213aae8337a82bab88da284331fa	9616610	0.84099999999999997	413847	PASS
mfnns	t2i1m_normalized_k10_ef40_q34	40	34	33	ae/figure21/configs/mfnns/t2i1m_normalized_k10_ef40_q34.yaml	MFANNS/simulator/memory/20260329/mfnns_t2i_k10_ef20_30_40_dualq_q20_100/yamls/t2i1m_normalized_k10_ef40_q34.yaml	d5931dc967cad20e87fb694585fd05c0aaabdf09c4558d115d64f4b61440cb78	0b14c6b30bbb1616eb72731d52f5e6c84b7d83d20ded79050e916fe385ab5f9e	MFANNS/simulator/memory/20260329/mfnns_t2i_k10_ef20_30_40_dualq_q20_100/logs/t2i1m_normalized_k10_ef40_q34_stats.yml	a96b28294e23c79affc0c572ae972be4c9e25a11de0bef14e9513cc8b05d7bde	9616611	0.84399999999999997	419547	PASS
mfnns	t2i1m_normalized_k10_ef40_q35	40	35	34	ae/figure21/configs/mfnns/t2i1m_normalized_k10_ef40_q35.yaml	MFANNS/simulator/memory/20260329/mfnns_t2i_k10_ef20_30_40_dualq_q20_100/yamls/t2i1m_normalized_k10_ef40_q35.yaml	d64cf0edc70bc0c80cd414d1f870ffbb3d1abbb24cb774078bb7fea6bdf9bbbe	7e6ea59a33ae743a8baab9284b0872c258aecfd510fc0b729ff7df5e21a1ccf4	MFANNS/simulator/memory/20260329/mfnns_t2i_k10_ef20_30_40_dualq_q20_100/logs/t2i1m_normalized_k10_ef40_q35_stats.yml	a6af80457d573aa7e8e88c5ada364929ad865594b0bfa1437ba2ac383b2b128a	9616612	0.84799999999999998	422247	PASS
mfnns	t2i1m_normalized_k10_ef40_q36	40	36	35	ae/figure21/configs/mfnns/t2i1m_normalized_k10_ef40_q36.yaml	MFANNS/simulator/memory/20260329/mfnns_t2i_k10_ef20_30_40_dualq_q20_100/yamls/t2i1m_normalized_k10_ef40_q36.yaml	7c00c268024947722e3d2c7188bbb4578600dbf9b35607444cc9c1c8d8f9bd64	a34ace64cfa64669997600b3fa230714ab8069112cf22dde20592adb1a8da497	MFANNS/simulator/memory/20260329/mfnns_t2i_k10_ef20_30_40_dualq_q20_100/logs/t2i1m_normalized_k10_ef40_q36_stats.yml	5a9acce11ca224b8a3cce86dc5978432dc9fb4eac35897c30427bf5e611b1f74	9616613	0.83999999999999997	428472	PASS
mfnns	t2i1m_normalized_k10_ef40_q37	40	37	36	ae/figure21/configs/mfnns/t2i1m_normalized_k10_ef40_q37.yaml	MFANNS/simulator/memory/20260329/mfnns_t2i_k10_ef20_30_40_dualq_q20_100/yamls/t2i1m_normalized_k10_ef40_q37.yaml	ffbd06051b654c708cc48fba2b80810df5cf70cac13cb87683798567933b9425	aaddff75133a7a8a465f6458dba3814fd02c20c3ecb79d0a6e398f1684a10447	MFANNS/simulator/memory/20260329/mfnns_t2i_k10_ef20_30_40_dualq_q20_100/logs/t2i1m_normalized_k10_ef40_q37_stats.yml	504d4487bbd062ae8b2f75a4a324d8fcab6ee14acf8fc4a5077898c2e4467091	9616614	0.84599999999999997	432897	PASS
mfnns	t2i1m_normalized_k10_ef40_q38	40	38	37	ae/figure21/configs/mfnns/t2i1m_normalized_k10_ef40_q38.yaml	MFANNS/simulator/memory/20260329/mfnns_t2i_k10_ef20_30_40_dualq_q20_100/yamls/t2i1m_normalized_k10_ef40_q38.yaml	2bd7778e34d80cb2a27e800fccb7553cc0913983437c271500b9fd659093eb83	5addd72157102f2959e47f08f7d622de056d38029d09c9a65fb7da8a1066e087	MFANNS/simulator/memory/20260329/mfnns_t2i_k10_ef20_30_40_dualq_q20_100/logs/t2i1m_normalized_k10_ef40_q38_stats.yml	b75b8a0f655ba145d682420b48fa362cd5d55267569a7f67753c0cf88dca75e4	9616615	0.85299999999999998	440022	PASS
mfnns	t2i1m_normalized_k10_ef40_q39	40	39	38	ae/figure21/configs/mfnns/t2i1m_normalized_k10_ef40_q39.yaml	MFANNS/simulator/memory/20260329/mfnns_t2i_k10_ef20_30_40_dualq_q20_100/yamls/t2i1m_normalized_k10_ef40_q39.yaml	db05b80dc16c4f085cfecb40925213ef56629ae366bf818647f49b477f2a2047	d644293636dc59792450f79865b2e9593c762b42f64d664760628645c95e162f	MFANNS/simulator/memory/20260329/mfnns_t2i_k10_ef20_30_40_dualq_q20_100/logs/t2i1m_normalized_k10_ef40_q39_stats.yml	af1633ee0ab8f099ff54b6cafa24ea2842c1dee35376a07cbba8e52800982199	9616616	0.85499999999999998	448272	PASS
mfnns	t2i1m_normalized_k10_ef40_q40	40	40	39	ae/figure21/configs/mfnns/t2i1m_normalized_k10_ef40_q40.yaml	MFANNS/simulator/memory/20260329/mfnns_t2i_k10_ef20_30_40_dualq_q20_100/yamls/t2i1m_normalized_k10_ef40_q40.yaml	73c30b8526e1f93f23ff47e6beeaeac1232493a324c85b1a6dee06f9e6315901	77f3790637a1d983d0ba6421fc2345ff06a8ad8a6a2015fc67bfa01890717b1f	MFANNS/simulator/memory/20260329/mfnns_t2i_k10_ef20_30_40_dualq_q20_100/logs/t2i1m_normalized_k10_ef40_q40_stats.yml	6997c19048a29308d47b6307a3e369e055e0afb6c21d79018e4d417927d5bb2b	9616617	0.86199999999999999	450447	PASS
mfnns	t2i1m_normalized_k10_ef40_q41	40	41	40	ae/figure21/configs/mfnns/t2i1m_normalized_k10_ef40_q41.yaml	MFANNS/simulator/memory/20260329/mfnns_t2i_k10_ef20_30_40_dualq_q20_100/yamls/t2i1m_normalized_k10_ef40_q41.yaml	a4a07d9811e50f70cf3a020a6a53ce7fa5d1d16b1dfb3134163788aba5ce7806	4be7d413063c39f1a95ceded1f128b315f05154a20e23e80f8c21bd157eeb126	MFANNS/simulator/memory/20260329/mfnns_t2i_k10_ef20_30_40_dualq_q20_100/logs/t2i1m_normalized_k10_ef40_q41_stats.yml	70d7d0ce863a3b622d4bce2e4092cca6c588b9cd77b79d0061b7202e0831ff9b	9616618	0.85999999999999999	455997	PASS
mfnns	t2i1m_normalized_k10_ef40_q42	40	42	41	ae/figure21/configs/mfnns/t2i1m_normalized_k10_ef40_q42.yaml	MFANNS/simulator/memory/20260329/mfnns_t2i_k10_ef20_30_40_dualq_q20_100/yamls/t2i1m_normalized_k10_ef40_q42.yaml	3ff3c789c3756297c77fa3c9b584ff2454f29bb319571c58c7d5550889b68568	522d815b9160e85c72784c5af4c0c89254a8b59da14ced6beedfae1698af33c9	MFANNS/simulator/memory/20260329/mfnns_t2i_k10_ef20_30_40_dualq_q20_100/logs/t2i1m_normalized_k10_ef40_q42_stats.yml	d45f43befb0ce543539154d67fe1eff45cb7b6a9df078a48e5ae888a6787f5ae	9616619	0.85999999999999999	458922	PASS
mfnns	t2i1m_normalized_k10_ef40_q43	40	43	42	ae/figure21/configs/mfnns/t2i1m_normalized_k10_ef40_q43.yaml	MFANNS/simulator/memory/20260329/mfnns_t2i_k10_ef20_30_40_dualq_q20_100/yamls/t2i1m_normalized_k10_ef40_q43.yaml	24bc9c2fc9fbd239ddb6872b07886d22cd1cb249cf83c7e5759705de8598df55	47af63abf2420d109f9cf7a77d6248b66a513be072c4d7297843cdb9eae3abc9	MFANNS/simulator/memory/20260329/mfnns_t2i_k10_ef20_30_40_dualq_q20_100/logs/t2i1m_normalized_k10_ef40_q43_stats.yml	8fec3ae4e860601c3156adf9c5e80b6bffc0b1e4e50d7b7579d34b73f5184390	9616620	0.86099999999999999	462822	PASS
mfnns	t2i1m_normalized_k10_ef40_q44	40	44	43	ae/figure21/configs/mfnns/t2i1m_normalized_k10_ef40_q44.yaml	MFANNS/simulator/memory/20260329/mfnns_t2i_k10_ef20_30_40_dualq_q20_100/yamls/t2i1m_normalized_k10_ef40_q44.yaml	7d469eee219719c6ed370e85bd312022f5238426a55c431955193c839e2057dc	01b6763eda8728084c56aae32fa4a26fbd881d4310f12472a970ca4f80666ba9	MFANNS/simulator/memory/20260329/mfnns_t2i_k10_ef20_30_40_dualq_q20_100/logs/t2i1m_normalized_k10_ef40_q44_stats.yml	814d7d1306eb30ba39d9b55a6d64152542093348ca231345a42c9ac98578f952	9616621	0.86799999999999999	465809	PASS
mfnns	t2i1m_normalized_k10_ef40_q45	40	45	44	ae/figure21/configs/mfnns/t2i1m_normalized_k10_ef40_q45.yaml	MFANNS/simulator/memory/20260329/mfnns_t2i_k10_ef20_30_40_dualq_q20_100/yamls/t2i1m_normalized_k10_ef40_q45.yaml	66bbb6050abc0dcd0296ce4ff8b42898d010f140f03e56388ab3815973084fa8	b28804e04d15a97453ba446767392c0ebae1053f7f26cd1cd030c4fe62cbaf01	MFANNS/simulator/memory/20260329/mfnns_t2i_k10_ef20_30_40_dualq_q20_100/logs/t2i1m_normalized_k10_ef40_q45_stats.yml	9c4be9a3b6e5654921867780b003db0eeaf8e48160d4f504b3167abb4ce9b755	9616622	0.87	475422	PASS
mfnns	t2i1m_normalized_k10_ef40_q46	40	46	45	ae/figure21/configs/mfnns/t2i1m_normalized_k10_ef40_q46.yaml	MFANNS/simulator/memory/20260329/mfnns_t2i_k10_ef20_30_40_dualq_q20_100/yamls/t2i1m_normalized_k10_ef40_q46.yaml	9e6dc495ae3a08b2899d518e7a1b4d58eaca9e8d8d67a7daa739c3fbb8def991	af1586ab5822d4f8b591e14ad170857e44ae4a049b334b16affd9cb3dbf9d2ad	MFANNS/simulator/memory/20260329/mfnns_t2i_k10_ef20_30_40_dualq_q20_100/logs/t2i1m_normalized_k10_ef40_q46_stats.yml	67c960b2116d11b1807a476a73df3c7f54a837f3619262c794f01b704ae5252c	9616623	0.87	479397	PASS
mfnns	t2i1m_normalized_k10_ef40_q47	40	47	46	ae/figure21/configs/mfnns/t2i1m_normalized_k10_ef40_q47.yaml	MFANNS/simulator/memory/20260329/mfnns_t2i_k10_ef20_30_40_dualq_q20_100/yamls/t2i1m_normalized_k10_ef40_q47.yaml	66ba6bbcd1986d6287956d789c20331659f44fd360138e3bf7cd6b88fb0c8f15	e9702976b3a5510a8ea4c801a266795d2a84a3c315b7950013b1e835b0f295c0	MFANNS/simulator/memory/20260329/mfnns_t2i_k10_ef20_30_40_dualq_q20_100/logs/t2i1m_normalized_k10_ef40_q47_stats.yml	2340d45e93fcf3743c01f930f6c31f3483607b74455aaeefe363bc88cbc2d098	9616624	0.877	484497	PASS
mfnns	t2i1m_normalized_k10_ef40_q48	40	48	47	ae/figure21/configs/mfnns/t2i1m_normalized_k10_ef40_q48.yaml	MFANNS/simulator/memory/20260329/mfnns_t2i_k10_ef20_30_40_dualq_q20_100/yamls/t2i1m_normalized_k10_ef40_q48.yaml	ebc7c14ee429d1ae2a9a2a0b0182a3b5031fc1daa288ce1dd310979d7f66eb61	e251e61c3d7d0552e69876cda31b36ebb11848b41de65ae6d18e1bac45f8cec8	MFANNS/simulator/memory/20260329/mfnns_t2i_k10_ef20_30_40_dualq_q20_100/logs/t2i1m_normalized_k10_ef40_q48_stats.yml	94733f5c67d5b366ccb201f7d79c2727a8d277dd226e5b97977d8d94b0ad09d1	9616625	0.878	488247	PASS
mfnns	t2i1m_normalized_k10_ef40_q49	40	49	48	ae/figure21/configs/mfnns/t2i1m_normalized_k10_ef40_q49.yaml	MFANNS/simulator/memory/20260329/mfnns_t2i_k10_ef20_30_40_dualq_q20_100/yamls/t2i1m_normalized_k10_ef40_q49.yaml	625cf478ac9e062e08d8682038f6105f4bf45180e9b374fb793a1eb50d25b351	4ed741b6afbf80d408d805aa7c36a809236e97f9e0f236cb14aa3f68a0aaf4a6	MFANNS/simulator/memory/20260329/mfnns_t2i_k10_ef20_30_40_dualq_q20_100/logs/t2i1m_normalized_k10_ef40_q49_stats.yml	a685c65fa35aae4d23012d6d381823def2572315fe4c7337a07e4418c537ce3d	9616626	0.879	496572	PASS
mfnns	t2i1m_normalized_k10_ef40_q50	40	50	49	ae/figure21/configs/mfnns/t2i1m_normalized_k10_ef40_q50.yaml	MFANNS/simulator/memory/20260329/mfnns_t2i_k10_ef20_30_40_dualq_q20_100/yamls/t2i1m_normalized_k10_ef40_q50.yaml	fdd9d5c7fc8d59700fd7e090f691233734feb9df5a12492f5e817aeb82647640	c11a2429f5d62742106850071fcdf4809d4cd45dfd189842cb15186c7eb0aaea	MFANNS/simulator/memory/20260329/mfnns_t2i_k10_ef20_30_40_dualq_q20_100/logs/t2i1m_normalized_k10_ef40_q50_stats.yml	9ecbe7366ca856b9e352d52ed5b0817f903a5c7e08ac098df51bdbfe14922d9f	9616627	0.88300000000000001	500697	PASS
mfnns	t2i1m_normalized_k10_ef40_q51	40	51	50	ae/figure21/configs/mfnns/t2i1m_normalized_k10_ef40_q51.yaml	MFANNS/simulator/memory/20260329/mfnns_t2i_k10_ef20_30_40_dualq_q20_100/yamls/t2i1m_normalized_k10_ef40_q51.yaml	7e826b13ad96ead3bf02aa362e67c93ab273e624299d9002b3864b83fa4f6daf	7436be6141f375f1dce36bd5d436a6ba422d6e6455e6423903fa82d2529d8d0f	MFANNS/simulator/memory/20260329/mfnns_t2i_k10_ef20_30_40_dualq_q20_100/logs/t2i1m_normalized_k10_ef40_q51_stats.yml	3effa613ec43a72092cb28f3cb5522c63d94cc91fc167ce6aa10bf5bb827ded2	9616628	0.88600000000000001	505497	PASS
mfnns	t2i1m_normalized_k10_ef40_q52	40	52	51	ae/figure21/configs/mfnns/t2i1m_normalized_k10_ef40_q52.yaml	MFANNS/simulator/memory/20260329/mfnns_t2i_k10_ef20_30_40_dualq_q20_100/yamls/t2i1m_normalized_k10_ef40_q52.yaml	4110b8d6dd1577310102efebd049f78c80cae54dde57d26dba30034576fbf384	41eff794ae86b0f9a97a3d2b170be0e2d8b7390ebc2d0ad0e58b71ce3711b0dd	MFANNS/simulator/memory/20260329/mfnns_t2i_k10_ef20_30_40_dualq_q20_100/logs/t2i1m_normalized_k10_ef40_q52_stats.yml	1969d666487c7984722f0e6cbbbce0f10dc6a7c72d7858f273d7d550e6b4fe4a	9616629	0.88800000000000001	510372	PASS
mfnns	t2i1m_normalized_k10_ef40_q53	40	53	52	ae/figure21/configs/mfnns/t2i1m_normalized_k10_ef40_q53.yaml	MFANNS/simulator/memory/20260329/mfnns_t2i_k10_ef20_30_40_dualq_q20_100/yamls/t2i1m_normalized_k10_ef40_q53.yaml	4676833b32017e04661fdb686a83112283d4ae90e3078e2ada89cbe020333b4c	e933808f42f50cc5b777435591a6f69a4b262787a6857935e7e9d618cba54bf5	MFANNS/simulator/memory/20260329/mfnns_t2i_k10_ef20_30_40_dualq_q20_100/logs/t2i1m_normalized_k10_ef40_q53_stats.yml	cac0db0ea1fd9778c4a15efd504302dc02e9e152b7233fdcd99883051e0aa8d6	9616630	0.88700000000000001	509622	PASS
mfnns	t2i1m_normalized_k10_ef40_q54	40	54	53	ae/figure21/configs/mfnns/t2i1m_normalized_k10_ef40_q54.yaml	MFANNS/simulator/memory/20260329/mfnns_t2i_k10_ef20_30_40_dualq_q20_100/yamls/t2i1m_normalized_k10_ef40_q54.yaml	d505bf2ca390c60313f379d658ea8661f94d0ead232c47b227fa5a8a550af310	eca031a237a919c2380707a4a9289e917ff66795fcc26018d39ae80624c0e21b	MFANNS/simulator/memory/20260329/mfnns_t2i_k10_ef20_30_40_dualq_q20_100/logs/t2i1m_normalized_k10_ef40_q54_stats.yml	b09ba4833fc7d60ff5faef69269159023e14594716a04be101cfc571f20d7006	9616631	0.88800000000000001	512172	PASS
mfnns	t2i1m_normalized_k10_ef40_q55	40	55	54	ae/figure21/configs/mfnns/t2i1m_normalized_k10_ef40_q55.yaml	MFANNS/simulator/memory/20260329/mfnns_t2i_k10_ef20_30_40_dualq_q20_100/yamls/t2i1m_normalized_k10_ef40_q55.yaml	26dcf26ce93036715937e4b854ab020840a4cd707b74ed7b5612f20e389fd9b6	7bc2a6b74030690b9437b0117f32d967e5065980d1241f4d346ceeccddaa5fd3	MFANNS/simulator/memory/20260329/mfnns_t2i_k10_ef20_30_40_dualq_q20_100/logs/t2i1m_normalized_k10_ef40_q55_stats.yml	6abd556fcda1e7064c14fc7e9ca86389ea4e7780181dee0439b5ecc81dc86edd	9616632	0.89300000000000002	514272	PASS
mfnns	t2i1m_normalized_k10_ef40_q56	40	56	55	ae/figure21/configs/mfnns/t2i1m_normalized_k10_ef40_q56.yaml	MFANNS/simulator/memory/20260329/mfnns_t2i_k10_ef20_30_40_dualq_q20_100/yamls/t2i1m_normalized_k10_ef40_q56.yaml	08354f2044a5b57ba0d1188a5fa9475ebffd62241aad53a2b4d525146dbb4faf	585fbff93974d06998ad10212b8da799270e8127c46973659648cf2b86b11123	MFANNS/simulator/memory/20260329/mfnns_t2i_k10_ef20_30_40_dualq_q20_100/logs/t2i1m_normalized_k10_ef40_q56_stats.yml	95fde25189ed8965a90ed172e4537c36f247e4b9ea125fc21ff4a288f73da34e	9616633	0.89200000000000002	517497	PASS
mfnns	t2i1m_normalized_k10_ef40_q57	40	57	56	ae/figure21/configs/mfnns/t2i1m_normalized_k10_ef40_q57.yaml	MFANNS/simulator/memory/20260329/mfnns_t2i_k10_ef20_30_40_dualq_q20_100/yamls/t2i1m_normalized_k10_ef40_q57.yaml	7867dee8aa744c288c7abc8029727a9ca27382289b309957001a14d49919de36	624b35511f3e9de7ce643fa1b23f404e66d3be44a95dd8ae669804166ad9119c	MFANNS/simulator/memory/20260329/mfnns_t2i_k10_ef20_30_40_dualq_q20_100/logs/t2i1m_normalized_k10_ef40_q57_stats.yml	bf5c8e5ec5a84a2ab2d70c7a3a0b68eb9196a238a978a03a742a99fd6776a720	9616634	0.89200000000000002	526047	PASS
mfnns	t2i1m_normalized_k10_ef40_q58	40	58	57	ae/figure21/configs/mfnns/t2i1m_normalized_k10_ef40_q58.yaml	MFANNS/simulator/memory/20260329/mfnns_t2i_k10_ef20_30_40_dualq_q20_100/yamls/t2i1m_normalized_k10_ef40_q58.yaml	7ff092d629e5c342f19bdd6d9f86fb53e5f40986dc9dab1029afedf46d60af0e	33a1cb0876a55a7064bab41fbb291a9d5c86724cb4b52c438f27fb3f781ae035	MFANNS/simulator/memory/20260329/mfnns_t2i_k10_ef20_30_40_dualq_q20_100/logs/t2i1m_normalized_k10_ef40_q58_stats.yml	a953d40bdd6a72581bc2becf4e7a20264659083a98bfe61c2e0b5f9117f82803	9616635	0.89500000000000002	528222	PASS
mfnns	t2i1m_normalized_k10_ef40_q59	40	59	58	ae/figure21/configs/mfnns/t2i1m_normalized_k10_ef40_q59.yaml	MFANNS/simulator/memory/20260329/mfnns_t2i_k10_ef20_30_40_dualq_q20_100/yamls/t2i1m_normalized_k10_ef40_q59.yaml	4168b244455b4ccca15ebe21cb71cd0bec01fe1d20588ebb66b345360ad333ce	b9aaed29170d7753646621b84309118a14489c114acdd212f2ed27ab620534f1	MFANNS/simulator/memory/20260329/mfnns_t2i_k10_ef20_30_40_dualq_q20_100/logs/t2i1m_normalized_k10_ef40_q59_stats.yml	e6d1a6d64b86ca64f60bde85afb2f4b128a03fd13a1e1152f139bb3cfdbb385f	9616636	0.89700000000000002	525297	PASS
mfnns	t2i1m_normalized_k10_ef40_q60	40	60	59	ae/figure21/configs/mfnns/t2i1m_normalized_k10_ef40_q60.yaml	MFANNS/simulator/memory/20260329/mfnns_t2i_k10_ef20_30_40_dualq_q20_100/yamls/t2i1m_normalized_k10_ef40_q60.yaml	c9d3109fbcd07415ec516d0ad126d556c24203847b482bc5e61a94cf15cf895a	dfa53a5680e99d48c73b71da9aa8d52bdad28dd73da34aaafebee6ff8484d573	MFANNS/simulator/memory/20260329/mfnns_t2i_k10_ef20_30_40_dualq_q20_100/logs/t2i1m_normalized_k10_ef40_q60_stats.yml	74b898dc9019eedd2a928c5f6564f2b6c1cf63da9a450553b7a3f43d681207c1	9616637	0.89800000000000002	532722	PASS
mfnns	t2i1m_normalized_k10_ef40_q61	40	61	60	ae/figure21/configs/mfnns/t2i1m_normalized_k10_ef40_q61.yaml	MFANNS/simulator/memory/20260329/mfnns_t2i_k10_ef20_30_40_dualq_q20_100/yamls/t2i1m_normalized_k10_ef40_q61.yaml	682504259f2381a6168b5144335d3d319bc75e4bb83877a2db13ea701dc5c666	ba75b1ec484c839281252c2144b1d02a7f4d0b71b43d9014c71187d6f5702c74	MFANNS/simulator/memory/20260329/mfnns_t2i_k10_ef20_30_40_dualq_q20_100/logs/t2i1m_normalized_k10_ef40_q61_stats.yml	cc99370d0e0fde6b28b728654d5a726ea6234954e01cebdcae66f0b7dd07f3dd	9616638	0.90000000000000002	539172	PASS
mfnns	t2i1m_normalized_k10_ef40_q62	40	62	61	ae/figure21/configs/mfnns/t2i1m_normalized_k10_ef40_q62.yaml	MFANNS/simulator/memory/20260329/mfnns_t2i_k10_ef20_30_40_dualq_q20_100/yamls/t2i1m_normalized_k10_ef40_q62.yaml	33c63edb9c0c677989add408fc37609d88ebffbae9692b3bb4ebb11a2a36d6b1	3094c6b0817e410a58630ad69cbc23fc4ceb587ff2dc42b140ca003bdde237d7	MFANNS/simulator/memory/20260329/mfnns_t2i_k10_ef20_30_40_dualq_q20_100/logs/t2i1m_normalized_k10_ef40_q62_stats.yml	97bf43be391056ce1e5c94685f64381708bf65e184d047f207ac77055c488f97	9616639	0.90000000000000002	543672	PASS
mfnns	t2i1m_normalized_k10_ef40_q63	40	63	62	ae/figure21/configs/mfnns/t2i1m_normalized_k10_ef40_q63.yaml	MFANNS/simulator/memory/20260329/mfnns_t2i_k10_ef20_30_40_dualq_q20_100/yamls/t2i1m_normalized_k10_ef40_q63.yaml	09f52f2186ef9ba04f68445eecf3532494eb8301266c4147b69e08ac558735cd	ff0274ef20ca9d8c16f1d9e4af76749ca46d1c01b82f642bb724e018976abebf	MFANNS/simulator/memory/20260329/mfnns_t2i_k10_ef20_30_40_dualq_q20_100/logs/t2i1m_normalized_k10_ef40_q63_stats.yml	65cba5d94496eb5c87778b2b819de9b20c1824857564ff34fbee0ebf5c36000b	9616640	0.90000000000000002	541422	PASS
mfnns	t2i1m_normalized_k10_ef40_q64	40	64	63	ae/figure21/configs/mfnns/t2i1m_normalized_k10_ef40_q64.yaml	MFANNS/simulator/memory/20260329/mfnns_t2i_k10_ef20_30_40_dualq_q20_100/yamls/t2i1m_normalized_k10_ef40_q64.yaml	9de411a1a3e639eb1398a160a06dda9dc27db914f7eb855cb9ce7512be86ca02	a4d2ede77cdbb8c87bcdd6d96aac13b4044c1b4245e37a5333e4a935d68e2da0	MFANNS/simulator/memory/20260329/mfnns_t2i_k10_ef20_30_40_dualq_q20_100/logs/t2i1m_normalized_k10_ef40_q64_stats.yml	1d611250bf73678e898a0d93c093760ff861001f69dfd81841cf4f5eb3b4eec8	9616641	0.90100000000000002	539172	PASS
mfnns	t2i1m_normalized_k10_ef40_q65	40	65	64	ae/figure21/configs/mfnns/t2i1m_normalized_k10_ef40_q65.yaml	MFANNS/simulator/memory/20260329/mfnns_t2i_k10_ef20_30_40_dualq_q20_100/yamls/t2i1m_normalized_k10_ef40_q65.yaml	3321a1f8b8323d248b63f895f892cdf9fcf3c0e530fd12bfa5e3467069f68a5a	f60bf9b9981c24a847729a73bb519d0fad9b0d341d0ff7bcf46b2883419f903f	MFANNS/simulator/memory/20260329/mfnns_t2i_k10_ef20_30_40_dualq_q20_100/logs/t2i1m_normalized_k10_ef40_q65_stats.yml	f87524bdbb79222fa5875af7e927768f8e2fa6d1f1d8447bf9a099f0fc96ade2	9616642	0.90400000000000003	544197	PASS
mfnns	t2i1m_normalized_k10_ef40_q66	40	66	65	ae/figure21/configs/mfnns/t2i1m_normalized_k10_ef40_q66.yaml	MFANNS/simulator/memory/20260329/mfnns_t2i_k10_ef20_30_40_dualq_q20_100/yamls/t2i1m_normalized_k10_ef40_q66.yaml	cdb5f69934210d215d9d6af5830725be20e10e85b6cf37c34e877fb29132441f	cf884ef7a7394d1e458deb04b7c8211d1a35c7a56e961b495fbdf5f19445f55a	MFANNS/simulator/memory/20260329/mfnns_t2i_k10_ef20_30_40_dualq_q20_100/logs/t2i1m_normalized_k10_ef40_q66_stats.yml	0c98ea4d025f7fed3d8e99e0134039a5a7a3ffe72f61bb8382c48493f4f28b86	9616643	0.90500000000000003	549522	PASS
mfnns	t2i1m_normalized_k10_ef40_q67	40	67	66	ae/figure21/configs/mfnns/t2i1m_normalized_k10_ef40_q67.yaml	MFANNS/simulator/memory/20260329/mfnns_t2i_k10_ef20_30_40_dualq_q20_100/yamls/t2i1m_normalized_k10_ef40_q67.yaml	81bed8007869845c86d8461d26c387886243d5a4f82d0f3d7000a27bccb075ff	0bcb4022b1009f446e26babdc7371bd41f9a002db01ec8e473eef038b4d0d1bd	MFANNS/simulator/memory/20260329/mfnns_t2i_k10_ef20_30_40_dualq_q20_100/logs/t2i1m_normalized_k10_ef40_q67_stats.yml	83914908b89ac634f7a9bbdf77d0212c3c633e37121cd0c3295698e885b43b04	9616644	0.90800000000000003	550197	PASS
mfnns	t2i1m_normalized_k10_ef40_q68	40	68	67	ae/figure21/configs/mfnns/t2i1m_normalized_k10_ef40_q68.yaml	MFANNS/simulator/memory/20260329/mfnns_t2i_k10_ef20_30_40_dualq_q20_100/yamls/t2i1m_normalized_k10_ef40_q68.yaml	77880aab3b1a6e288db453959d529adf09f246b97101e71ca4f3f721f21f1a82	a33654cf6b603bc25d8cd5a043cfce4ee6e37b39cb3ea065e2d1044818645ac7	MFANNS/simulator/memory/20260329/mfnns_t2i_k10_ef20_30_40_dualq_q20_100/logs/t2i1m_normalized_k10_ef40_q68_stats.yml	b02dd4d1f1ff11c69badbe715a4c5ec19facadb09e9429b21f57afe87c481eab	9616645	0.90900000000000003	553947	PASS
mfnns	t2i1m_normalized_k10_ef40_q69	40	69	68	ae/figure21/configs/mfnns/t2i1m_normalized_k10_ef40_q69.yaml	MFANNS/simulator/memory/20260329/mfnns_t2i_k10_ef20_30_40_dualq_q20_100/yamls/t2i1m_normalized_k10_ef40_q69.yaml	8e4554a0a0795571c5a3ad3defecf5f31759e3e8590acb35b1d821b6818db730	237aa964516507946df291a7304c68b0610bebdf38a0c68a9442fc407f79befc	MFANNS/simulator/memory/20260329/mfnns_t2i_k10_ef20_30_40_dualq_q20_100/logs/t2i1m_normalized_k10_ef40_q69_stats.yml	080fca5042cc54813169e54632bc0c025902bdae8088a7d94a2d144346dbd0a8	9616646	0.91100000000000003	557097	PASS
mfnns	t2i1m_normalized_k10_ef40_q70	40	70	69	ae/figure21/configs/mfnns/t2i1m_normalized_k10_ef40_q70.yaml	MFANNS/simulator/memory/20260329/mfnns_t2i_k10_ef20_30_40_dualq_q20_100/yamls/t2i1m_normalized_k10_ef40_q70.yaml	08adea1c3bae10e8625701bec7f02d1f6fda45b990cc6ad9595afb5829f74cc7	2faf88e9e7d1dd6677bbc66b0d0b2c16e2713a91285e4aa5567f296a7524911d	MFANNS/simulator/memory/20260329/mfnns_t2i_k10_ef20_30_40_dualq_q20_100/logs/t2i1m_normalized_k10_ef40_q70_stats.yml	4b34bd713ce77513120d08b8f2153c82029e79ad5e556beeeed0b3f1180be7c1	9616647	0.91100000000000003	554622	PASS
mfnns	t2i1m_normalized_k10_ef40_q71	40	71	70	ae/figure21/configs/mfnns/t2i1m_normalized_k10_ef40_q71.yaml	MFANNS/simulator/memory/20260329/mfnns_t2i_k10_ef20_30_40_dualq_q20_100/yamls/t2i1m_normalized_k10_ef40_q71.yaml	c8917e2af043585bf5ac6f8fd5bdb986c5ea4f0fee4787bf8f9f9ec2f2ebb663	cf1eba2f357385e960b5176cbff76f34dc8f1e04bc9e3aeafe2eaf799b1fc4b7	MFANNS/simulator/memory/20260329/mfnns_t2i_k10_ef20_30_40_dualq_q20_100/logs/t2i1m_normalized_k10_ef40_q71_stats.yml	27832fd1030d9d4db2b7d3a89eae97c7c78b0dfdbc24ce6f299e0fdcee087ed1	9616648	0.91200000000000003	558897	PASS
mfnns	t2i1m_normalized_k10_ef40_q72	40	72	71	ae/figure21/configs/mfnns/t2i1m_normalized_k10_ef40_q72.yaml	MFANNS/simulator/memory/20260329/mfnns_t2i_k10_ef20_30_40_dualq_q20_100/yamls/t2i1m_normalized_k10_ef40_q72.yaml	402bd29902b2b54a1237f62e89a05682269c0a22fe237b477d568555d9673774	1264d54c2a50d08360aafa881637313159ffb59fd2b2d9229533123716f3d339	MFANNS/simulator/memory/20260329/mfnns_t2i_k10_ef20_30_40_dualq_q20_100/logs/t2i1m_normalized_k10_ef40_q72_stats.yml	84d6249213682b811c5c0a033f71f27bdc98883d33e73a01626fea41986a24de	9616649	0.91200000000000003	565647	PASS
mfnns	t2i1m_normalized_k10_ef40_q73	40	73	72	ae/figure21/configs/mfnns/t2i1m_normalized_k10_ef40_q73.yaml	MFANNS/simulator/memory/20260329/mfnns_t2i_k10_ef20_30_40_dualq_q20_100/yamls/t2i1m_normalized_k10_ef40_q73.yaml	8ad661559f85f6a2746fd8f772b80c517854fd524a6a27a5d5783bafa34de33a	b189abecc120a80a66471675908b77c1d611e400a1ab5df5a50957b2d29dc6e0	MFANNS/simulator/memory/20260329/mfnns_t2i_k10_ef20_30_40_dualq_q20_100/logs/t2i1m_normalized_k10_ef40_q73_stats.yml	267fd2ff336f2d6a3b5298dc0fcbe4bc02937304d94dd4fd1aa73f504534afc0	9616650	0.91200000000000003	564447	PASS
mfnns	t2i1m_normalized_k10_ef40_q74	40	74	73	ae/figure21/configs/mfnns/t2i1m_normalized_k10_ef40_q74.yaml	MFANNS/simulator/memory/20260329/mfnns_t2i_k10_ef20_30_40_dualq_q20_100/yamls/t2i1m_normalized_k10_ef40_q74.yaml	2e195d1ac0bbf7ee04804151ea118864a62ffd0d53e8420a678dcc0abbbf89db	d1ac97e80e3bfe92765df08062c4b139d1d26b704f0d7af0ab961c8b01104dc1	MFANNS/simulator/memory/20260329/mfnns_t2i_k10_ef20_30_40_dualq_q20_100/logs/t2i1m_normalized_k10_ef40_q74_stats.yml	51e981f9f9ae1548d067ed897713163906db3654677e1589e1825e2db99bc1d7	9616651	0.91300000000000003	564747	PASS
mfnns	t2i1m_normalized_k10_ef40_q75	40	75	74	ae/figure21/configs/mfnns/t2i1m_normalized_k10_ef40_q75.yaml	MFANNS/simulator/memory/20260329/mfnns_t2i_k10_ef20_30_40_dualq_q20_100/yamls/t2i1m_normalized_k10_ef40_q75.yaml	c5223626bc029746c3ec93e96cd887cc2bdb2761a3ea78948d13186e714ac048	1dfc2cabf7457c06fcc83f69b151d0476142ca4c81fdaccbd073bcf74b07b60b	MFANNS/simulator/memory/20260329/mfnns_t2i_k10_ef20_30_40_dualq_q20_100/logs/t2i1m_normalized_k10_ef40_q75_stats.yml	044ccdfb369c269f01143d7cb4a329b0469ac025930e5e982f20925b2593eb7a	9616652	0.91300000000000003	567522	PASS
mfnns	t2i1m_normalized_k10_ef40_q76	40	76	75	ae/figure21/configs/mfnns/t2i1m_normalized_k10_ef40_q76.yaml	MFANNS/simulator/memory/20260329/mfnns_t2i_k10_ef20_30_40_dualq_q20_100/yamls/t2i1m_normalized_k10_ef40_q76.yaml	84d064aaf444d228e074bb5965cfce2e98a6ef8ab39831122ab243d47d425a49	b97862e9d3236ccc469968d263bc831f5e363a216b38d3f0854c7a0d8828f084	MFANNS/simulator/memory/20260329/mfnns_t2i_k10_ef20_30_40_dualq_q20_100/logs/t2i1m_normalized_k10_ef40_q76_stats.yml	855099ecc146f32aa5dc078fc789c6cff09c8aeb36a55fffa21f61f6b537d253	9616653	0.91300000000000003	571722	PASS
mfnns	t2i1m_normalized_k10_ef40_q77	40	77	76	ae/figure21/configs/mfnns/t2i1m_normalized_k10_ef40_q77.yaml	MFANNS/simulator/memory/20260329/mfnns_t2i_k10_ef20_30_40_dualq_q20_100/yamls/t2i1m_normalized_k10_ef40_q77.yaml	d87ebfbc996b757adc91a1998eac4f315c5243aafe24dbdaee1f840af634dda7	485490b86f99fb89183acee39c38b9a64a49fa084f126fd9faabfcf8dab3b7d5	MFANNS/simulator/memory/20260329/mfnns_t2i_k10_ef20_30_40_dualq_q20_100/logs/t2i1m_normalized_k10_ef40_q77_stats.yml	cfcf657da703c3c76903776af588729a68cf0bbc29f05e3c38dff625311afeb1	9616654	0.91400000000000003	574722	PASS
mfnns	t2i1m_normalized_k10_ef40_q78	40	78	77	ae/figure21/configs/mfnns/t2i1m_normalized_k10_ef40_q78.yaml	MFANNS/simulator/memory/20260329/mfnns_t2i_k10_ef20_30_40_dualq_q20_100/yamls/t2i1m_normalized_k10_ef40_q78.yaml	5067e00722afe038d7075dffabe2ab0d7ae15926fc3d0e13dc7b0725c8c5479a	0712f78415fa10e4fa3b6c4da1e74d0e1a6a297c30eac1adc234f3153f201613	MFANNS/simulator/memory/20260329/mfnns_t2i_k10_ef20_30_40_dualq_q20_100/logs/t2i1m_normalized_k10_ef40_q78_stats.yml	64b4ec25703f3be4f2be3a582441db5c9e1484a0aa4105a04e9b20162ae11d3a	9616655	0.91500000000000004	576522	PASS
mfnns	t2i1m_normalized_k10_ef40_q79	40	79	78	ae/figure21/configs/mfnns/t2i1m_normalized_k10_ef40_q79.yaml	MFANNS/simulator/memory/20260329/mfnns_t2i_k10_ef20_30_40_dualq_q20_100/yamls/t2i1m_normalized_k10_ef40_q79.yaml	39924ff0be4abc8c8d6155726c4c36fd542e1888bc77b04b9db34f728d1d19b8	44153534888b6fc27792a614dd9868d3b8e9125c8d63a0fea156734d32f96e9d	MFANNS/simulator/memory/20260329/mfnns_t2i_k10_ef20_30_40_dualq_q20_100/logs/t2i1m_normalized_k10_ef40_q79_stats.yml	6c12cfd315ab7147445841a54c252e7c051bf2f514952330b736e3b645b781cd	9616656	0.91500000000000004	576972	PASS
mfnns	t2i1m_normalized_k10_ef40_q80	40	80	79	ae/figure21/configs/mfnns/t2i1m_normalized_k10_ef40_q80.yaml	MFANNS/simulator/memory/20260329/mfnns_t2i_k10_ef20_30_40_dualq_q20_100/yamls/t2i1m_normalized_k10_ef40_q80.yaml	dff41f16177efdbc864460d6fc4bf8c1c43f8ec1b34fe0f8b5e309f7aea80665	d8808b6e36fca890a3c94c83ebc261ce01712a266fa337fad77a6418d4f8889d	MFANNS/simulator/memory/20260329/mfnns_t2i_k10_ef20_30_40_dualq_q20_100/logs/t2i1m_normalized_k10_ef40_q80_stats.yml	3570ef94849000fd898c5cb7581fb55ef8ec83474c65db6443b04c6c9e872a16	9616657	0.91600000000000004	578247	PASS
mfnns	t2i1m_normalized_k10_ef40_q81	40	81	80	ae/figure21/configs/mfnns/t2i1m_normalized_k10_ef40_q81.yaml	MFANNS/simulator/memory/20260329/mfnns_t2i_k10_ef20_30_40_dualq_q20_100/yamls/t2i1m_normalized_k10_ef40_q81.yaml	328819e6bc31c3c0ce4f98696a1d00e6faec75df47fa2ac74ef84948c7929eb2	978c0dbc41a0c66f26b1b39f93b224f8d81061a620ff65d85daa3ae7c36439b3	MFANNS/simulator/memory/20260329/mfnns_t2i_k10_ef20_30_40_dualq_q20_100/logs/t2i1m_normalized_k10_ef40_q81_stats.yml	a5caf287080e43dc9799ac90670a5e9e368fe796b9cdee2c04d0619c78654947	9616658	0.91600000000000004	581997	PASS
mfnns	t2i1m_normalized_k10_ef40_q82	40	82	81	ae/figure21/configs/mfnns/t2i1m_normalized_k10_ef40_q82.yaml	MFANNS/simulator/memory/20260329/mfnns_t2i_k10_ef20_30_40_dualq_q20_100/yamls/t2i1m_normalized_k10_ef40_q82.yaml	e5ebd4675b782e4923f55eaf83aa7c3a8b7420076fcb15d8741f6d6b6620290f	d2ed8079d6692765b210d3399d69554fba3119a823f2279b437623c77c168f29	MFANNS/simulator/memory/20260329/mfnns_t2i_k10_ef20_30_40_dualq_q20_100/logs/t2i1m_normalized_k10_ef40_q82_stats.yml	4e002499f705fea6826a345ce4cfb0ef748dd939c88c6238760a890974dc28e9	9616659	0.91600000000000004	582597	PASS
mfnns	t2i1m_normalized_k10_ef40_q83	40	83	82	ae/figure21/configs/mfnns/t2i1m_normalized_k10_ef40_q83.yaml	MFANNS/simulator/memory/20260329/mfnns_t2i_k10_ef20_30_40_dualq_q20_100/yamls/t2i1m_normalized_k10_ef40_q83.yaml	787e24191833d7b79e64bcdece9e7ebd3624abf2c4389c9b182609a2b6cbbce0	6344e750a9e1f81fc58410c40b984e144dc98bbda87f58de4f91aa340b797be4	MFANNS/simulator/memory/20260329/mfnns_t2i_k10_ef20_30_40_dualq_q20_100/logs/t2i1m_normalized_k10_ef40_q83_stats.yml	529985e84feb0696e13922daf940261f3fdf1e45d1a1f98a53e496794fc56456	9616660	0.91600000000000004	583272	PASS
mfnns	t2i1m_normalized_k10_ef40_q84	40	84	83	ae/figure21/configs/mfnns/t2i1m_normalized_k10_ef40_q84.yaml	MFANNS/simulator/memory/20260329/mfnns_t2i_k10_ef20_30_40_dualq_q20_100/yamls/t2i1m_normalized_k10_ef40_q84.yaml	dfca629ab0e685d27260e3618e18504e9fceb76b15c18de29e99103d18e82fca	19e725ffbf491dcc9d7593ed6a9c5fa258960c0e91e010f17d98580188b5bd02	MFANNS/simulator/memory/20260329/mfnns_t2i_k10_ef20_30_40_dualq_q20_100/logs/t2i1m_normalized_k10_ef40_q84_stats.yml	8d6d5398c8a1c4d52578fe9b0b3582db7147b5deb0fe926b10d8a044d842f52c	9616661	0.91600000000000004	588522	PASS
mfnns	t2i1m_normalized_k10_ef40_q85	40	85	84	ae/figure21/configs/mfnns/t2i1m_normalized_k10_ef40_q85.yaml	MFANNS/simulator/memory/20260329/mfnns_t2i_k10_ef20_30_40_dualq_q20_100/yamls/t2i1m_normalized_k10_ef40_q85.yaml	ab2a2f27ea927fe55be8f7a0cdd005b67b03a8b216aa9cd6c96eecf1c8cfb8fb	9a058e6c6286c93b4a70748eba2d323d99a73c3b77522709d8cf3958bb7c837b	MFANNS/simulator/memory/20260329/mfnns_t2i_k10_ef20_30_40_dualq_q20_100/logs/t2i1m_normalized_k10_ef40_q85_stats.yml	cf14818419beb2d0568c70767fe748308c9d3d8bfb1e22684292e5a775674ffa	9616662	0.91600000000000004	587622	PASS
mfnns	t2i1m_normalized_k10_ef40_q86	40	86	85	ae/figure21/configs/mfnns/t2i1m_normalized_k10_ef40_q86.yaml	MFANNS/simulator/memory/20260329/mfnns_t2i_k10_ef20_30_40_dualq_q20_100/yamls/t2i1m_normalized_k10_ef40_q86.yaml	de84ee026e6d9b464ef3a9dc62e803acb8b08692460501bb9be7a1b11897f084	00aa7d057c6cd4e6898d520dcb3aee296c8c4f2105c4aa7c3a53a4d9c44fd903	MFANNS/simulator/memory/20260329/mfnns_t2i_k10_ef20_30_40_dualq_q20_100/logs/t2i1m_normalized_k10_ef40_q86_stats.yml	8916a0e0ea63fc1e086d62495c67c332c783a1682ae07514e0768c381dffb5f3	9616663	0.91600000000000004	592872	PASS
mfnns	t2i1m_normalized_k10_ef40_q87	40	87	86	ae/figure21/configs/mfnns/t2i1m_normalized_k10_ef40_q87.yaml	MFANNS/simulator/memory/20260329/mfnns_t2i_k10_ef20_30_40_dualq_q20_100/yamls/t2i1m_normalized_k10_ef40_q87.yaml	ac1e251afa84ec78991411dc7d033f7f336985f4cdbebf1ba5b07c00abe3622c	074739493b7148c2074a137ef5dab1a5f25827c20ffc5a65009b888242252beb	MFANNS/simulator/memory/20260329/mfnns_t2i_k10_ef20_30_40_dualq_q20_100/logs/t2i1m_normalized_k10_ef40_q87_stats.yml	45b474d35cc2e0a3ac1bdefa4a38a5370b0873aea3d714016230a57ac7b4d6f6	9616664	0.91600000000000004	590622	PASS
mfnns	t2i1m_normalized_k10_ef40_q88	40	88	87	ae/figure21/configs/mfnns/t2i1m_normalized_k10_ef40_q88.yaml	MFANNS/simulator/memory/20260329/mfnns_t2i_k10_ef20_30_40_dualq_q20_100/yamls/t2i1m_normalized_k10_ef40_q88.yaml	6f7936bb95c1eb454de7f76d25d1b8dd47da773845d710d98b4a5d7b53e5de42	756189cba1ed07dd1f991d9305f1d224d77680455da1d4bd3ed0422dfd310c55	MFANNS/simulator/memory/20260329/mfnns_t2i_k10_ef20_30_40_dualq_q20_100/logs/t2i1m_normalized_k10_ef40_q88_stats.yml	cc0ba37435d3bbd23763beb441b353bd320b09e041210c66d6e7e58032c3abe3	9616665	0.91600000000000004	594072	PASS
mfnns	t2i1m_normalized_k10_ef40_q89	40	89	88	ae/figure21/configs/mfnns/t2i1m_normalized_k10_ef40_q89.yaml	MFANNS/simulator/memory/20260329/mfnns_t2i_k10_ef20_30_40_dualq_q20_100/yamls/t2i1m_normalized_k10_ef40_q89.yaml	ec8f0f218c1376d8aeac8e426a6bfe600cb00a5fe4cda38967a5611d8443dc85	629af8c5d01d5fcc87bffc20ffd4181f78c5be7dd4a8f28754eb61eadf23602e	MFANNS/simulator/memory/20260329/mfnns_t2i_k10_ef20_30_40_dualq_q20_100/logs/t2i1m_normalized_k10_ef40_q89_stats.yml	82d0dee4e7e349e80c160727d74567f53e9e30d570c65cffc4fff57ad0f991b5	9616666	0.91600000000000004	594147	PASS
mfnns	t2i1m_normalized_k10_ef40_q90	40	90	89	ae/figure21/configs/mfnns/t2i1m_normalized_k10_ef40_q90.yaml	MFANNS/simulator/memory/20260329/mfnns_t2i_k10_ef20_30_40_dualq_q20_100/yamls/t2i1m_normalized_k10_ef40_q90.yaml	74284e5972bb72276e544e38c35cdc60852b0712e3ad93a7c2561c77370d7482	2900d385b63586b9e9bf6fc96f356e64b7380a5283afed8542a90c5400c8ac1e	MFANNS/simulator/memory/20260329/mfnns_t2i_k10_ef20_30_40_dualq_q20_100/logs/t2i1m_normalized_k10_ef40_q90_stats.yml	d2074cdca1d9eb39c0cdb870f92b69cc58962de2d3db20e770e1b7069a5a0e19	9616667	0.91600000000000004	600597	PASS
mfnns	t2i1m_normalized_k10_ef40_q91	40	91	90	ae/figure21/configs/mfnns/t2i1m_normalized_k10_ef40_q91.yaml	MFANNS/simulator/memory/20260329/mfnns_t2i_k10_ef20_30_40_dualq_q20_100/yamls/t2i1m_normalized_k10_ef40_q91.yaml	4235f53713dbceeda2231f98685758c15ed8b62e7e42396be593fe23a58d5158	9d93cd06fc23b4d38663aa9fd43f234ce0717300789b173db92ee9c49dfe6a8e	MFANNS/simulator/memory/20260329/mfnns_t2i_k10_ef20_30_40_dualq_q20_100/logs/t2i1m_normalized_k10_ef40_q91_stats.yml	8e6cfcc7d66563ecffb244b953a54450484cb588ea05f73c61d81edb0c7412bb	9616668	0.91600000000000004	600897	PASS
mfnns	t2i1m_normalized_k10_ef40_q92	40	92	91	ae/figure21/configs/mfnns/t2i1m_normalized_k10_ef40_q92.yaml	MFANNS/simulator/memory/20260329/mfnns_t2i_k10_ef20_30_40_dualq_q20_100/yamls/t2i1m_normalized_k10_ef40_q92.yaml	7b40cb6e211cb13bf8c25c75a63acbc2d23d2248820803ffc49feed73782a46f	6e090ba91e73156110e77f3e71e3b540191f64c9c36ced41bdfd7cf43140e589	MFANNS/simulator/memory/20260329/mfnns_t2i_k10_ef20_30_40_dualq_q20_100/logs/t2i1m_normalized_k10_ef40_q92_stats.yml	220fb32c19aab623c3e6ed697a69c82570bee339e54c9ad50f2b7a45e616114e	9616669	0.91600000000000004	600972	PASS
mfnns	t2i1m_normalized_k10_ef40_q93	40	93	92	ae/figure21/configs/mfnns/t2i1m_normalized_k10_ef40_q93.yaml	MFANNS/simulator/memory/20260329/mfnns_t2i_k10_ef20_30_40_dualq_q20_100/yamls/t2i1m_normalized_k10_ef40_q93.yaml	f3448c96f744e726bf546316766eb977657171d8604f798acf250c3f4359cc8d	4ab1b1f0b9ce1cfe8078cfbb9079edba48864bbd445083e9c3be60d4d5857529	MFANNS/simulator/memory/20260329/mfnns_t2i_k10_ef20_30_40_dualq_q20_100/logs/t2i1m_normalized_k10_ef40_q93_stats.yml	f911a6440afd78a15e6a123e913a53972912db711ef79ffc18b0450ff94c7db1	9616670	0.91700000000000004	605922	PASS
mfnns	t2i1m_normalized_k10_ef40_q94	40	94	93	ae/figure21/configs/mfnns/t2i1m_normalized_k10_ef40_q94.yaml	MFANNS/simulator/memory/20260329/mfnns_t2i_k10_ef20_30_40_dualq_q20_100/yamls/t2i1m_normalized_k10_ef40_q94.yaml	b3d42239f4e077cd2890fc297012b342aa48f995ed7080a44c2942970b41e6d7	b953d86bc31bee3bacafc2fc0a11bb69413d36567029c941c07b3cd568f05a88	MFANNS/simulator/memory/20260329/mfnns_t2i_k10_ef20_30_40_dualq_q20_100/logs/t2i1m_normalized_k10_ef40_q94_stats.yml	88e693656abf441b8b73534f136a5340174ed73613ed2d70b4fa753bff9f3a9a	9616671	0.91700000000000004	602922	PASS
mfnns	t2i1m_normalized_k10_ef40_q95	40	95	94	ae/figure21/configs/mfnns/t2i1m_normalized_k10_ef40_q95.yaml	MFANNS/simulator/memory/20260329/mfnns_t2i_k10_ef20_30_40_dualq_q20_100/yamls/t2i1m_normalized_k10_ef40_q95.yaml	6de857021fe06b8e67a1dfafbe1f27627440e670638fc1c1bd8602d8d598ab7a	32ac26567668ce0a69185f0cae7824fef3536707a72b77eab7ad486970f521f5	MFANNS/simulator/memory/20260329/mfnns_t2i_k10_ef20_30_40_dualq_q20_100/logs/t2i1m_normalized_k10_ef40_q95_stats.yml	af302fc722bbcc8c2bc96ba7f1345c8164bf886e1ad9092ed510dcd082bf1a53	9616672	0.91700000000000004	602772	PASS
mfnns	t2i1m_normalized_k10_ef40_q96	40	96	95	ae/figure21/configs/mfnns/t2i1m_normalized_k10_ef40_q96.yaml	MFANNS/simulator/memory/20260329/mfnns_t2i_k10_ef20_30_40_dualq_q20_100/yamls/t2i1m_normalized_k10_ef40_q96.yaml	fb9119a8d80395e58b344c5664ebd360c222d88771984ef37592617f9ea04b7b	10b24f4a5fd7cdc77a01d18f0149cd7805685c35fdd8fad20648ef50f26bdf6d	MFANNS/simulator/memory/20260329/mfnns_t2i_k10_ef20_30_40_dualq_q20_100/logs/t2i1m_normalized_k10_ef40_q96_stats.yml	aa79c5f081066110a8e6e4439192cfe3a4f1f73375a31da6edf4d065f24121a7	9616673	0.91700000000000004	606972	PASS
mfnns	t2i1m_normalized_k10_ef40_q97	40	97	96	ae/figure21/configs/mfnns/t2i1m_normalized_k10_ef40_q97.yaml	MFANNS/simulator/memory/20260329/mfnns_t2i_k10_ef20_30_40_dualq_q20_100/yamls/t2i1m_normalized_k10_ef40_q97.yaml	c3107230c05545f01e6fb6aa01dba570adb21278f217da66cde4d0d9b2a69309	2f56a34b22b8e69f2e18213550011337fbbd06ceaaa90de0b2eee3f9abcc7a05	MFANNS/simulator/memory/20260329/mfnns_t2i_k10_ef20_30_40_dualq_q20_100/logs/t2i1m_normalized_k10_ef40_q97_stats.yml	84d6744a26cbfb776edd3acef769b7042a3e72b4d38c696ea422f30a02aa2e72	9616674	0.91800000000000004	610872	PASS
mfnns	t2i1m_normalized_k10_ef40_q98	40	98	97	ae/figure21/configs/mfnns/t2i1m_normalized_k10_ef40_q98.yaml	MFANNS/simulator/memory/20260329/mfnns_t2i_k10_ef20_30_40_dualq_q20_100/yamls/t2i1m_normalized_k10_ef40_q98.yaml	91a84c617c7b1e8c7f0260d82e8665c8749127b96e50226d84b3b89753687cc1	a4bb0b63a0a859770cdf93ce52a39e66c16be7eb5c2c98640c3811bfa50118c3	MFANNS/simulator/memory/20260329/mfnns_t2i_k10_ef20_30_40_dualq_q20_100/logs/t2i1m_normalized_k10_ef40_q98_stats.yml	87597bed4d4c3cccf3365723509d01e44f37fa3e8898aa92a37c838b4031d0ad	9616675	0.91800000000000004	612147	PASS
mfnns	t2i1m_normalized_k10_ef40_q99	40	99	98	ae/figure21/configs/mfnns/t2i1m_normalized_k10_ef40_q99.yaml	MFANNS/simulator/memory/20260329/mfnns_t2i_k10_ef20_30_40_dualq_q20_100/yamls/t2i1m_normalized_k10_ef40_q99.yaml	cf536f1571af705b5ba1ca04f3ee5b6338e69fa0059f8cd3f0dfbe28d3fbc169	797f95ae39d5e588218d6b422a80952bd656bc790557fb9cdfeee792e8c6f0ac	MFANNS/simulator/memory/20260329/mfnns_t2i_k10_ef20_30_40_dualq_q20_100/logs/t2i1m_normalized_k10_ef40_q99_stats.yml	6fe5fe457bfed5f9e601ba2238282a0aeb0b4dce2509ae20adfa45d12e166abe	9616676	0.91800000000000004	613047	PASS
mfnns	t2i1m_normalized_k10_ef40_q100	40	100	99	ae/figure21/configs/mfnns/t2i1m_normalized_k10_ef40_q100.yaml	MFANNS/simulator/memory/20260329/mfnns_t2i_k10_ef20_30_40_dualq_q20_100/yamls/t2i1m_normalized_k10_ef40_q100.yaml	d87b2d114f0187adbb0d9bae8de4c33b6339741f7e846f788c833f0e834848e1	30a200136a91196928b2e13d7a79143641a7a349b5e21630ea56d81b62492c5a	MFANNS/simulator/memory/20260329/mfnns_t2i_k10_ef20_30_40_dualq_q20_100/logs/t2i1m_normalized_k10_ef40_q100_stats.yml	60f8af48945d65c5d62f0a692c00523346573751d673dce38d66ba4552cdc610	9616677	0.91800000000000004	618147	PASS
ansmet	t2i1m_normalized_k10_ef20	20	33	32	ae/figure21/configs/ansmet/t2i1m_normalized_k10_ef20.yaml	MFANNS/simulator/memory/20260329/ansmet_recall09_k10_efsearch/yamls/t2i1m_normalized_k10_ef20.yaml	df5d9f7dbb0b0efc5703238321fb0c132b2bf72e25b694f152dafc5586180608	800a7fad3ef556219824b1e3399a6d1cd260713d7e68a31daf8ada67b769e3d4	MFANNS/simulator/memory/20260329/ansmet_recall09_k10_efsearch/logs/t2i1m_normalized_k10_ef20_stats.yml	e6772e96a59dfdab1d1497f8aba61fc80ec73f65bf9cf8b6784908e4a0e12fc0	9613512	0.89300000000000002	600297	PASS
ansmet	t2i1m_normalized_k10_ef30	30	33	32	ae/figure21/configs/ansmet/t2i1m_normalized_k10_ef30.yaml	MFANNS/simulator/memory/20260329/ansmet_recall09_k10_efsearch/yamls/t2i1m_normalized_k10_ef30.yaml	c7e4df66c2575ab50ee9b61af62fdd57a0deef89ff9a6f418416bd50889ca7d8	a603d1b3f94b76d8eb98d13502e36e59167d8bf43ba77b0fc5d00fa982d64519	MFANNS/simulator/memory/20260329/ansmet_recall09_k10_efsearch/logs/t2i1m_normalized_k10_ef30_stats.yml	e52e2ab8998566e3446a5d4f038f02ec754d518bfe0a204f15999bf07af0db9b	9613515	0.92400000000000004	808422	PASS
ansmet	t2i1m_normalized_k10_ef40	40	33	32	ae/figure21/configs/ansmet/t2i1m_normalized_k10_ef40.yaml	MFANNS/simulator/memory/20260329/ansmet_recall09_k10_efsearch/yamls/t2i1m_normalized_k10_ef40.yaml	36c315ac6efc08023864549e19179f80e0e68c89c7b2eebfcab88f639e183430	18b168a4a008ba1439cc622707ed3f2e3d20a7b5f51fc47f9c1514630fdb87d2	MFANNS/simulator/memory/20260329/ansmet_recall09_k10_efsearch/logs/t2i1m_normalized_k10_ef40_stats.yml	a40d9de0281450c4bf863cb3c56be779e55bdbed31ca1bb58be0e4be980b46d6	9616832	0.92900000000000005	1031366	PASS
